
========================================================================
GET /Product  ->  200  (26.3ms)
========================================================================

  _     ._   __/__   _ _  _  _ _/_   Recorded: 14:01:22  Samples:  26
 /_//_/// /_\ / //_// / //_'/ //     Duration: 0.026     CPU time: 0.026
/   _/                      v5.1.2

Profile at /code/pystack/pybend/src/pybend/example/../../pybend/core/tests/profiling/middleware.py:57

0.026 Handle._run  asyncio/events.py:86
├─ 0.022 coro  starlette/middleware/base.py:136
│     [27 frames hidden]  starlette, fastapi, <built-in>, json
│        0.018 run_endpoint_function  fastapi/routing.py:204
│        └─ 0.018 get_model_schema  pybend/core/api/routes_fastapi.py:169
│           └─ 0.018 Product.schema  pybend/core/models/proto_model.py:197
│              ├─ 0.007 Product.referenced_json_schema  pybend/core/models/proto_model.py:319
│              │  └─ 0.007 Product.model_json_schema  pydantic/main.py:413
│              │        [16 frames hidden]  pydantic, <built-in>
│              │           0.003 new_handler_func  pydantic/json_schema.py:520
│              │           └─ 0.003 Product.__get_pydantic_json_schema__  pybend/core/models/proto_model.py:341
│              │              └─ 0.003 Product.__get_pydantic_json_schema__  pydantic/main.py:628
│              │                    [38 frames hidden]  pydantic
│              │                       0.001 new_handler_func  pydantic/json_schema.py:520
│              │                       └─ 0.001 Comment.__get_pydantic_json_schema__  pybend/core/models/proto_model.py:341
│              │                          └─ 0.001 Comment.__get_pydantic_json_schema__  pydantic/main.py:628
│              │                                [33 frames hidden]  pydantic
│              │           0.002 new_handler_func  pydantic/json_schema.py:520
│              │           └─ 0.002 Comment.__get_pydantic_json_schema__  pybend/core/models/proto_model.py:341
│              │              └─ 0.002 Comment.__get_pydantic_json_schema__  pydantic/main.py:628
│              │                    [44 frames hidden]  pydantic, <built-in>
│              │                       0.001 new_handler_func  pydantic/json_schema.py:520
│              │                       └─ 0.001 Like.__get_pydantic_json_schema__  pybend/core/models/proto_model.py:341
│              │                          └─ 0.001 Like.__get_pydantic_json_schema__  pydantic/main.py:628
│              │                                [27 frames hidden]  pydantic
│              ├─ 0.007 Product.model_json_schema  pydantic/main.py:413
│              │     [23 frames hidden]  pydantic, copy
│              │        0.005 new_handler_func  pydantic/json_schema.py:520
│              │        └─ 0.005 Like.__get_pydantic_json_schema__  pybend/core/models/proto_model.py:341
│              │           └─ 0.005 Like.__get_pydantic_json_schema__  pydantic/main.py:628
│              │                 [51 frames hidden]  pydantic, re, pydantic_core
│              │                    0.002 new_handler_func  pydantic/json_schema.py:520
│              │                    └─ 0.002 Comment.__get_pydantic_json_schema__  pybend/core/models/proto_model.py:341
│              │                       └─ 0.002 Comment.__get_pydantic_json_schema__  pydantic/main.py:628
│              │                             [36 frames hidden]  pydantic
│              ├─ 0.002 User.__pybend_methods_json_signature__  pybend/core/models/proto_model.py:139
│              │  └─ 0.002 signature  inspect.py:3308
│              │        [5 frames hidden]  inspect
│              ├─ 0.001 collect_all_referenced_models  pybend/core/utils/introspection.py:63
│              │  └─ 0.001 collect_all_referenced_models  pybend/core/utils/introspection.py:63
│              │     └─ 0.001 Comment.__pybend_methods_json_signature__  pybend/core/models/proto_model.py:139
│              │        └─ 0.001 signature  inspect.py:3308
│              │              [4 frames hidden]  inspect
│              └─ 0.001 deepcopy  copy.py:118
│                    [10 frames hidden]  copy
└─ 0.004 RequestResponseCycle.run_asgi  uvicorn/protocols/http/h11_impl.py:401
      [3 frames hidden]  uvicorn, fastapi, starlette
         0.004 ServerErrorMiddleware.__call__  starlette/middleware/errors.py:150
         └─ 0.004 ProfilingMiddleware.__call__  pybend/core/tests/profiling/middleware.py:35
            └─ 0.004 JWTAuthMiddleware.__call__  starlette/middleware/base.py:98
                  [14 frames hidden]  anyio, importlib, <built-in>, datacla...
                     0.001 JWTAuthMiddleware.dispatch  pybend/core/api/backend.py:92
                     └─ 0.001 URL.path  starlette/datastructures.py:78
                           [2 frames hidden]  starlette, urllib



========================================================================
GET /Product  ->  200  (4.7ms)
========================================================================

  _     ._   __/__   _ _  _  _ _/_   Recorded: 14:01:22  Samples:  4
 /_//_/// /_\ / //_// / //_'/ //     Duration: 0.005     CPU time: 0.005
/   _/                      v5.1.2

Profile at /code/pystack/pybend/src/pybend/example/../../pybend/core/tests/profiling/middleware.py:57

0.004 Handle._run  asyncio/events.py:86
└─ 0.004 coro  starlette/middleware/base.py:136
      [15 frames hidden]  starlette, fastapi
         0.004 APIRouter.__call__  starlette/routing.py:710
         │  0.001 isinstance  <built-in>
         │  0.001 jsonable_encoder  fastapi/encoders.py:102
         │  0.001 run_endpoint_function  fastapi/routing.py:204
         │  └─ 0.001 get_model_schema  pybend/core/api/routes_fastapi.py:169
         │     └─ 0.001 Product.schema  pybend/core/models/proto_model.py:197
         │        └─ 0.001 deepcopy  copy.py:118
         │              [12 frames hidden]  copy
         └─ 0.001 [self]  starlette/routing.py



========================================================================
GET /Product  ->  200  (4.4ms)
========================================================================

  _     ._   __/__   _ _  _  _ _/_   Recorded: 14:01:22  Samples:  4
 /_//_/// /_\ / //_// / //_'/ //     Duration: 0.004     CPU time: 0.004
/   _/                      v5.1.2

Profile at /code/pystack/pybend/src/pybend/example/../../pybend/core/tests/profiling/middleware.py:57

0.004 Handle._run  asyncio/events.py:86
└─ 0.004 coro  starlette/middleware/base.py:136
      [22 frames hidden]  starlette, fastapi, anyio
         0.002 jsonable_encoder  fastapi/encoders.py:102
         │  0.001 isinstance  <built-in>
         └─ 0.001 [self]  fastapi/encoders.py
         0.001 run_endpoint_function  fastapi/routing.py:204
         └─ 0.001 get_model_schema  pybend/core/api/routes_fastapi.py:169
            └─ 0.001 Product.schema  pybend/core/models/proto_model.py:197
               └─ 0.001 deepcopy  copy.py:118
                     [10 frames hidden]  copy
                        0.001 dict.get  <built-in>
         0.001 MemoryObjectSendStream.send_nowait  anyio/streams/memory.py:205



========================================================================
GET /Product  ->  200  (4.3ms)
========================================================================

  _     ._   __/__   _ _  _  _ _/_   Recorded: 14:01:22  Samples:  4
 /_//_/// /_\ / //_// / //_'/ //     Duration: 0.004     CPU time: 0.004
/   _/                      v5.1.2

Profile at /code/pystack/pybend/src/pybend/example/../../pybend/core/tests/profiling/middleware.py:57

0.003 Handle._run  asyncio/events.py:86
└─ 0.003 coro  starlette/middleware/base.py:136
      [16 frames hidden]  starlette, fastapi
         0.001 is_dataclass  dataclasses.py:1294
         0.001 jsonable_encoder  fastapi/encoders.py:102
         0.001 isinstance  <built-in>
         0.000 run_endpoint_function  fastapi/routing.py:204
         └─ 0.000 get_model_schema  pybend/core/api/routes_fastapi.py:169
            └─ 0.000 Product.schema  pybend/core/models/proto_model.py:197
               └─ 0.000 deepcopy  copy.py:118
                     [9 frames hidden]  copy



========================================================================
GET /User  ->  200  (6.1ms)
========================================================================

  _     ._   __/__   _ _  _  _ _/_   Recorded: 14:01:22  Samples:  6
 /_//_/// /_\ / //_// / //_'/ //     Duration: 0.006     CPU time: 0.006
/   _/                      v5.1.2

Profile at /code/pystack/pybend/src/pybend/example/../../pybend/core/tests/profiling/middleware.py:57

0.005 Handle._run  asyncio/events.py:86
└─ 0.005 coro  starlette/middleware/base.py:136
      [17 frames hidden]  starlette, fastapi
         0.004 run_endpoint_function  fastapi/routing.py:204
         └─ 0.004 get_model_schema  pybend/core/api/routes_fastapi.py:169
            └─ 0.004 User.schema  pybend/core/models/proto_model.py:197
               ├─ 0.002 User.model_json_schema  pydantic/main.py:413
               │     [11 frames hidden]  pydantic, <built-in>
               │        0.001 new_handler_func  pydantic/json_schema.py:520
               │        └─ 0.001 User.__get_pydantic_json_schema__  pybend/core/models/proto_model.py:341
               │           └─ 0.001 User.__get_pydantic_json_schema__  pydantic/main.py:628
               │                 [32 frames hidden]  pydantic
               ├─ 0.001 User.referenced_json_schema  pybend/core/models/proto_model.py:319
               │  └─ 0.001 User.model_json_schema  pydantic/main.py:413
               │        [4 frames hidden]  pydantic
               │           0.001 new_handler_func  pydantic/json_schema.py:520
               │           └─ 0.001 User.__get_pydantic_json_schema__  pybend/core/models/proto_model.py:341
               │              └─ 0.001 User.__get_pydantic_json_schema__  pydantic/main.py:628
               │                    [31 frames hidden]  pydantic, contextlib, typing
               └─ 0.001 deepcopy  copy.py:118
                     [6 frames hidden]  copy



========================================================================
GET /User  ->  200  (2.3ms)
========================================================================

  _     ._   __/__   _ _  _  _ _/_   Recorded: 14:01:22  Samples:  2
 /_//_/// /_\ / //_// / //_'/ //     Duration: 0.002     CPU time: 0.002
/   _/                      v5.1.2

Profile at /code/pystack/pybend/src/pybend/example/../../pybend/core/tests/profiling/middleware.py:57

0.002 Handle._run  asyncio/events.py:86
├─ 0.001 RequestResponseCycle.run_asgi  uvicorn/protocols/http/h11_impl.py:401
│     [3 frames hidden]  uvicorn, fastapi, starlette
│        0.001 ServerErrorMiddleware.__call__  starlette/middleware/errors.py:150
│        └─ 0.001 ProfilingMiddleware.__call__  pybend/core/tests/profiling/middleware.py:35
│           └─ 0.001 JWTAuthMiddleware.__call__  starlette/middleware/base.py:98
│              └─ 0.001 _StreamingResponse.__call__  starlette/middleware/base.py:205
│                 └─ 0.001 send_wrapper  pybend/core/tests/profiling/middleware.py:48
│                    └─ 0.001 _send  starlette/middleware/errors.py:157
│                          [5 frames hidden]  uvicorn, h11
│                             0.001 ConnectionState._fire_state_triggered_transitions  h11/_state.py:316
└─ 0.001 coro  starlette/middleware/base.py:136
      [16 frames hidden]  starlette, fastapi
         0.001 is_dataclass  dataclasses.py:1294



========================================================================
GET /User  ->  200  (2.2ms)
========================================================================

  _     ._   __/__   _ _  _  _ _/_   Recorded: 14:01:22  Samples:  2
 /_//_/// /_\ / //_// / //_'/ //     Duration: 0.002     CPU time: 0.002
/   _/                      v5.1.2

Profile at /code/pystack/pybend/src/pybend/example/../../pybend/core/tests/profiling/middleware.py:57

0.002 NoneType._run  asyncio/events.py:86
├─ 0.001 [self]  asyncio/events.py
└─ 0.001 coro  starlette/middleware/base.py:136
      [16 frames hidden]  starlette, fastapi
         0.001 str.startswith  <built-in>



========================================================================
GET /products  ->  200  (1.6ms)
========================================================================

  _     ._   __/__   _ _  _  _ _/_   Recorded: 14:01:22  Samples:  2
 /_//_/// /_\ / //_// / //_'/ //     Duration: 0.002     CPU time: 0.002
/   _/                      v5.1.2

Profile at /code/pystack/pybend/src/pybend/example/../../pybend/core/tests/profiling/middleware.py:57

0.001 Handle._run  asyncio/events.py:86
├─ 0.001 RequestResponseCycle.run_asgi  uvicorn/protocols/http/h11_impl.py:401
│     [3 frames hidden]  uvicorn, fastapi, starlette
│        0.001 ServerErrorMiddleware.__call__  starlette/middleware/errors.py:150
│        └─ 0.001 ProfilingMiddleware.__call__  pybend/core/tests/profiling/middleware.py:35
│           └─ 0.001 JWTAuthMiddleware.__call__  starlette/middleware/base.py:98
│              └─ 0.001 _StreamingResponse.__call__  starlette/middleware/base.py:205
│                 └─ 0.001 send_wrapper  pybend/core/tests/profiling/middleware.py:48
│                    └─ 0.001 _send  starlette/middleware/errors.py:157
│                          [3 frames hidden]  uvicorn, asyncio
│                             0.001 _UnixSelectorEventLoop.call_at  asyncio/base_events.py:767
└─ 0.000 coro  starlette/middleware/base.py:136
      [14 frames hidden]  starlette, fastapi
         0.000 hasattr  <built-in>



========================================================================
GET /products  ->  200  (1.5ms)
========================================================================

  _     ._   __/__   _ _  _  _ _/_   Recorded: 14:01:22  Samples:  2
 /_//_/// /_\ / //_// / //_'/ //     Duration: 0.001     CPU time: 0.001
/   _/                      v5.1.2

Profile at /code/pystack/pybend/src/pybend/example/../../pybend/core/tests/profiling/middleware.py:57

0.001 Handle._run  asyncio/events.py:86
├─ 0.001 coro  starlette/middleware/base.py:136
│     [16 frames hidden]  starlette, anyio, asyncio
│        0.001 _UnixSelectorEventLoop.create_future  asyncio/base_events.py:447
└─ 0.000 RequestResponseCycle.run_asgi  uvicorn/protocols/http/h11_impl.py:401
      [3 frames hidden]  uvicorn, fastapi, starlette
         0.000 ServerErrorMiddleware.__call__  starlette/middleware/errors.py:150
         └─ 0.000 ProfilingMiddleware.__call__  pybend/core/tests/profiling/middleware.py:35
            └─ 0.000 Profiler.start  pyinstrument/profiler.py:118
                  [3 frames hidden]  pyinstrument



========================================================================
GET /products  ->  200  (1.3ms)
========================================================================

  _     ._   __/__   _ _  _  _ _/_   Recorded: 14:01:22  Samples:  1
 /_//_/// /_\ / //_// / //_'/ //     Duration: 0.001     CPU time: 0.001
/   _/                      v5.1.2

Profile at /code/pystack/pybend/src/pybend/example/../../pybend/core/tests/profiling/middleware.py:57

0.000 Handle._run  asyncio/events.py:86
└─ 0.000 coro  starlette/middleware/base.py:136
      [11 frames hidden]  starlette, fastapi
         0.000 Request.headers  starlette/requests.py:122



========================================================================
GET /products  ->  200  (1.4ms)
========================================================================

  _     ._   __/__   _ _  _  _ _/_   Recorded: 14:01:22  Samples:  2
 /_//_/// /_\ / //_// / //_'/ //     Duration: 0.001     CPU time: 0.001
/   _/                      v5.1.2

Profile at /code/pystack/pybend/src/pybend/example/../../pybend/core/tests/profiling/middleware.py:57

0.001 ProfilingMiddleware.__call__  pybend/core/tests/profiling/middleware.py:35
└─ 0.001 JWTAuthMiddleware.__call__  starlette/middleware/base.py:98
      [2 frames hidden]  anyio, typing
         0.001 _StreamingResponse.__call__  starlette/middleware/base.py:205
         └─ 0.001 send_wrapper  pybend/core/tests/profiling/middleware.py:48
            └─ 0.001 _send  starlette/middleware/errors.py:157



========================================================================
GET /products  ->  200  (1.4ms)
========================================================================

  _     ._   __/__   _ _  _  _ _/_   Recorded: 14:01:22  Samples:  2
 /_//_/// /_\ / //_// / //_'/ //     Duration: 0.001     CPU time: 0.001
/   _/                      v5.1.2

Profile at /code/pystack/pybend/src/pybend/example/../../pybend/core/tests/profiling/middleware.py:57

0.001 ProfilingMiddleware.__call__  pybend/core/tests/profiling/middleware.py:35
├─ 0.001 JWTAuthMiddleware.__call__  starlette/middleware/base.py:98
│  └─ 0.001 _StreamingResponse.__call__  starlette/middleware/base.py:205
│     └─ 0.001 send_wrapper  pybend/core/tests/profiling/middleware.py:48
│        └─ 0.001 _send  starlette/middleware/errors.py:157
│              [4 frames hidden]  uvicorn, h11
│                 0.001 Connection._respond_to_state_changes  h11/_connection.py:342
└─ 0.000 Profiler.start  pyinstrument/profiler.py:118
      [3 frames hidden]  pyinstrument



========================================================================
GET /products  ->  200  (1.4ms)
========================================================================

  _     ._   __/__   _ _  _  _ _/_   Recorded: 14:01:22  Samples:  1
 /_//_/// /_\ / //_// / //_'/ //     Duration: 0.001     CPU time: 0.001
/   _/                      v5.1.2

Profile at /code/pystack/pybend/src/pybend/example/../../pybend/core/tests/profiling/middleware.py:57

0.001 Handle._run  asyncio/events.py:86



========================================================================
GET /products  ->  200  (1.6ms)
========================================================================

  _     ._   __/__   _ _  _  _ _/_   Recorded: 14:01:22  Samples:  1
 /_//_/// /_\ / //_// / //_'/ //     Duration: 0.002     CPU time: 0.002
/   _/                      v5.1.2

Profile at /code/pystack/pybend/src/pybend/example/../../pybend/core/tests/profiling/middleware.py:57

0.001 Handle._run  asyncio/events.py:86
└─ 0.001 coro  starlette/middleware/base.py:136
      [6 frames hidden]  starlette
         0.001 app  starlette/routing.py:69



========================================================================
GET /users  ->  200  (1.3ms)
========================================================================

  _     ._   __/__   _ _  _  _ _/_   Recorded: 14:01:22  Samples:  1
 /_//_/// /_\ / //_// / //_'/ //     Duration: 0.001     CPU time: 0.001
/   _/                      v5.1.2

Profile at /code/pystack/pybend/src/pybend/example/../../pybend/core/tests/profiling/middleware.py:57

0.000 Handle._run  asyncio/events.py:86
└─ 0.000 coro  starlette/middleware/base.py:136
      [10 frames hidden]  starlette, fastapi
         0.000 isinstance  <built-in>



========================================================================
GET /Product  ->  200  (24.7ms)
========================================================================

  _     ._   __/__   _ _  _  _ _/_   Recorded: 14:01:24  Samples:  24
 /_//_/// /_\ / //_// / //_'/ //     Duration: 0.025     CPU time: 0.025
/   _/                      v5.1.2

Profile at /code/pystack/pybend/src/pybend/example/../../pybend/core/tests/profiling/middleware.py:57

0.024 Handle._run  asyncio/events.py:86
├─ 0.020 coro  starlette/middleware/base.py:136
│     [21 frames hidden]  starlette, fastapi
│        0.017 run_endpoint_function  fastapi/routing.py:204
│        └─ 0.017 get_model_schema  pybend/core/api/routes_fastapi.py:169
│           └─ 0.017 Product.schema  pybend/core/models/proto_model.py:197
│              ├─ 0.009 Product.referenced_json_schema  pybend/core/models/proto_model.py:319
│              │  └─ 0.009 Product.model_json_schema  pydantic/main.py:413
│              │        [29 frames hidden]  pydantic, typing, collections, <built...
│              │           0.003 new_handler_func  pydantic/json_schema.py:520
│              │           └─ 0.003 Product.__get_pydantic_json_schema__  pybend/core/models/proto_model.py:341
│              │              └─ 0.003 Product.__get_pydantic_json_schema__  pydantic/main.py:628
│              │                    [39 frames hidden]  pydantic
│              │                       0.002 new_handler_func  pydantic/json_schema.py:520
│              │                       └─ 0.002 Comment.__get_pydantic_json_schema__  pybend/core/models/proto_model.py:341
│              │                          └─ 0.002 Comment.__get_pydantic_json_schema__  pydantic/main.py:628
│              │                                [35 frames hidden]  pydantic
│              │           0.002 new_handler_func  pydantic/json_schema.py:520
│              │           └─ 0.002 Comment.__get_pydantic_json_schema__  pybend/core/models/proto_model.py:341
│              │              ├─ 0.001 _is_self_ref  pybend/core/utils/introspection.py:209
│              │              │  └─ 0.001 get_args  typing.py:2340
│              │              │     └─ 0.001 isinstance  <built-in>
│              │              └─ 0.001 Comment.__get_pydantic_json_schema__  pydantic/main.py:628
│              │                    [27 frames hidden]  pydantic
│              ├─ 0.006 Product.model_json_schema  pydantic/main.py:413
│              │     [32 frames hidden]  pydantic
│              │        0.004 new_handler_func  pydantic/json_schema.py:520
│              │        └─ 0.004 Product.__get_pydantic_json_schema__  pybend/core/models/proto_model.py:341
│              │           └─ 0.004 Product.__get_pydantic_json_schema__  pydantic/main.py:628
│              │                 [39 frames hidden]  pydantic
│              │                    0.001 new_handler_func  pydantic/json_schema.py:520
│              │                    └─ 0.001 Comment.__get_pydantic_json_schema__  pybend/core/models/proto_model.py:341
│              │                       └─ 0.001 Comment.__get_pydantic_json_schema__  pydantic/main.py:628
│              │                             [28 frames hidden]  pydantic, <built-in>
│              ├─ 0.001 deepcopy  copy.py:118
│              │     [10 frames hidden]  copy
│              └─ 0.001 collect_all_referenced_models  pybend/core/utils/introspection.py:63
│                 └─ 0.001 collect_all_referenced_models  pybend/core/utils/introspection.py:63
│                    └─ 0.001 collect_all_referenced_models  pybend/core/utils/introspection.py:63
│                       └─ 0.001 User.__pybend_methods_json_signature__  pybend/core/models/proto_model.py:139
│                          └─ 0.001 callable  <built-in>
└─ 0.004 RequestResponseCycle.run_asgi  uvicorn/protocols/http/h11_impl.py:401
      [3 frames hidden]  uvicorn, fastapi, starlette
         0.004 ServerErrorMiddleware.__call__  starlette/middleware/errors.py:150
         └─ 0.004 ProfilingMiddleware.__call__  pybend/core/tests/profiling/middleware.py:35
            └─ 0.004 JWTAuthMiddleware.__call__  starlette/middleware/base.py:98
                  [10 frames hidden]  anyio, importlib, dataclasses, <froze...
                     0.001 JWTAuthMiddleware.dispatch  pybend/core/api/backend.py:92
                     └─ 0.001 call_next  starlette/middleware/base.py:109
                           [4 frames hidden]  anyio, asyncio



========================================================================
POST /users/login  ->  200  (187.5ms)
========================================================================

  _     ._   __/__   _ _  _  _ _/_   Recorded: 14:01:24  Samples:  4
 /_//_/// /_\ / //_// / //_'/ //     Duration: 0.187     CPU time: 0.187
/   _/                      v5.1.2

Profile at /code/pystack/pybend/src/pybend/example/../../pybend/core/tests/profiling/middleware.py:57

0.187 Handle._run  asyncio/events.py:86
└─ 0.186 coro  starlette/middleware/base.py:136
      [10 frames hidden]  starlette, fastapi
         0.186 run_endpoint_function  fastapi/routing.py:204
         └─ 0.186 post_no_id  pybend/core/api/routes_fastapi.py:336
            └─ 0.186 User.login  pybend/core/models/base_user.py:74
               └─ 0.185 verify_password  pybend/core/authorize/auth.py:42
                  └─ 0.185 checkpw  <built-in>



========================================================================
GET /Product  ->  200  (4.7ms)
========================================================================

  _     ._   __/__   _ _  _  _ _/_   Recorded: 14:01:24  Samples:  5
 /_//_/// /_\ / //_// / //_'/ //     Duration: 0.005     CPU time: 0.005
/   _/                      v5.1.2

Profile at /code/pystack/pybend/src/pybend/example/../../pybend/core/tests/profiling/middleware.py:57

0.004 Handle._run  asyncio/events.py:86
├─ 0.003 coro  starlette/middleware/base.py:136
│     [18 frames hidden]  starlette, fastapi
│        0.001 isinstance  <built-in>
│        0.001 isinstance  <built-in>
│        0.001 run_endpoint_function  fastapi/routing.py:204
│        └─ 0.001 get_model_schema  pybend/core/api/routes_fastapi.py:169
│           └─ 0.001 Product.schema  pybend/core/models/proto_model.py:197
│              └─ 0.001 deepcopy  copy.py:118
│                    [8 frames hidden]  copy
│                       0.001 dict.get  <built-in>
└─ 0.001 RequestResponseCycle.run_asgi  uvicorn/protocols/http/h11_impl.py:401
      [3 frames hidden]  uvicorn, fastapi, starlette
         0.001 ServerErrorMiddleware.__call__  starlette/middleware/errors.py:150
         └─ 0.001 ProfilingMiddleware.__call__  pybend/core/tests/profiling/middleware.py:35
            └─ 0.001 JWTAuthMiddleware.__call__  starlette/middleware/base.py:98
                  [3 frames hidden]  anyio, weakref
                     0.001 _StreamingResponse.__call__  starlette/middleware/base.py:205
                     └─ 0.001 send_wrapper  pybend/core/tests/profiling/middleware.py:48
                        └─ 0.001 _send  starlette/middleware/errors.py:157
                              [4 frames hidden]  uvicorn, h11
                                 0.001 ConnectionState.process_event  h11/_state.py:275



========================================================================
GET /Product  ->  200  (4.5ms)
========================================================================

  _     ._   __/__   _ _  _  _ _/_   Recorded: 14:01:24  Samples:  4
 /_//_/// /_\ / //_// / //_'/ //     Duration: 0.004     CPU time: 0.004
/   _/                      v5.1.2

Profile at /code/pystack/pybend/src/pybend/example/../../pybend/core/tests/profiling/middleware.py:57

0.004 Handle._run  asyncio/events.py:86
├─ 0.003 coro  starlette/middleware/base.py:136
│     [17 frames hidden]  starlette, fastapi
│        0.001 isinstance  <built-in>
│        0.001 is_dataclass  dataclasses.py:1294
│        0.001 run_endpoint_function  fastapi/routing.py:204
│        └─ 0.001 get_model_schema  pybend/core/api/routes_fastapi.py:169
│           └─ 0.001 Product.schema  pybend/core/models/proto_model.py:197
│              └─ 0.001 deepcopy  copy.py:118
│                    [9 frames hidden]  copy
│                       0.001 deepcopy  copy.py:118
└─ 0.001 RequestResponseCycle.run_asgi  uvicorn/protocols/http/h11_impl.py:401
      [3 frames hidden]  uvicorn, fastapi, starlette
         0.001 ServerErrorMiddleware.__call__  starlette/middleware/errors.py:150
         └─ 0.001 ProfilingMiddleware.__call__  pybend/core/tests/profiling/middleware.py:35
            └─ 0.001 JWTAuthMiddleware.__call__  starlette/middleware/base.py:98
               └─ 0.001 _StreamingResponse.__call__  starlette/middleware/base.py:205
                  └─ 0.001 send_wrapper  pybend/core/tests/profiling/middleware.py:48
                     └─ 0.001 _send  starlette/middleware/errors.py:157
                           [2 frames hidden]  uvicorn, asyncio
                              0.001 socket.send  <built-in>



========================================================================
GET /Product  ->  200  (4.6ms)
========================================================================

  _     ._   __/__   _ _  _  _ _/_   Recorded: 14:01:24  Samples:  5
 /_//_/// /_\ / //_// / //_'/ //     Duration: 0.005     CPU time: 0.005
/   _/                      v5.1.2

Profile at /code/pystack/pybend/src/pybend/example/../../pybend/core/tests/profiling/middleware.py:57

0.004 Handle._run  asyncio/events.py:86
├─ 0.003 coro  starlette/middleware/base.py:136
│     [19 frames hidden]  starlette, fastapi, dataclasses
│        0.002 jsonable_encoder  fastapi/encoders.py:102
│        └─ 0.001 [self]  fastapi/encoders.py
│           0.001 hasattr  <built-in>
│        0.001 run_endpoint_function  fastapi/routing.py:204
│        └─ 0.001 get_model_schema  pybend/core/api/routes_fastapi.py:169
│           └─ 0.001 Product.schema  pybend/core/models/proto_model.py:197
│              └─ 0.001 deepcopy  copy.py:118
│                    [5 frames hidden]  copy
│                       0.001 deepcopy  copy.py:118
└─ 0.001 RequestResponseCycle.run_asgi  uvicorn/protocols/http/h11_impl.py:401
      [3 frames hidden]  uvicorn, fastapi, starlette
         0.001 ServerErrorMiddleware.__call__  starlette/middleware/errors.py:150
         └─ 0.001 ProfilingMiddleware.__call__  pybend/core/tests/profiling/middleware.py:35
            └─ 0.001 JWTAuthMiddleware.__call__  starlette/middleware/base.py:98
               └─ 0.001 _StreamingResponse.__call__  starlette/middleware/base.py:205
                  └─ 0.001 send_wrapper  pybend/core/tests/profiling/middleware.py:48
                     └─ 0.001 _send  starlette/middleware/errors.py:157
                           [4 frames hidden]  uvicorn, h11
                              0.001 ContentLengthWriter.send_eom  h11/_writers.py:94



========================================================================
GET /User  ->  200  (5.9ms)
========================================================================

  _     ._   __/__   _ _  _  _ _/_   Recorded: 14:01:24  Samples:  6
 /_//_/// /_\ / //_// / //_'/ //     Duration: 0.006     CPU time: 0.006
/   _/                      v5.1.2

Profile at /code/pystack/pybend/src/pybend/example/../../pybend/core/tests/profiling/middleware.py:57

0.005 Handle._run  asyncio/events.py:86
├─ 0.004 coro  starlette/middleware/base.py:136
│     [15 frames hidden]  starlette, fastapi, <built-in>
│        0.003 run_endpoint_function  fastapi/routing.py:204
│        └─ 0.003 get_model_schema  pybend/core/api/routes_fastapi.py:169
│           └─ 0.003 User.schema  pybend/core/models/proto_model.py:197
│              ├─ 0.001 User.__pybend_methods_json_signature__  pybend/core/models/proto_model.py:139
│              │  └─ 0.001 signature  inspect.py:3308
│              │        [4 frames hidden]  inspect
│              ├─ 0.001 User.referenced_json_schema  pybend/core/models/proto_model.py:319
│              │  └─ 0.001 User.model_json_schema  pydantic/main.py:413
│              │        [4 frames hidden]  pydantic
│              │           0.001 new_handler_func  pydantic/json_schema.py:520
│              │           └─ 0.001 User.__get_pydantic_json_schema__  pybend/core/models/proto_model.py:341
│              ├─ 0.001 User.model_json_schema  pydantic/main.py:413
│              │     [4 frames hidden]  pydantic
│              │        0.001 new_handler_func  pydantic/json_schema.py:520
│              │        └─ 0.001 User.__get_pydantic_json_schema__  pybend/core/models/proto_model.py:341
│              │           └─ 0.001 User.__get_pydantic_json_schema__  pydantic/main.py:628
│              │                 [24 frames hidden]  pydantic
│              └─ 0.000 collect_all_referenced_models  pybend/core/utils/introspection.py:63
│                 └─ 0.000 User.__pybend_methods_json_signature__  pybend/core/models/proto_model.py:139
│                    └─ 0.000 ModelMetaclass.__dir__  pydantic/_internal/_model_construction.py:278
│                       └─ 0.000 User.__dir__  <built-in>
└─ 0.001 RequestResponseCycle.run_asgi  uvicorn/protocols/http/h11_impl.py:401
      [3 frames hidden]  uvicorn, fastapi, starlette
         0.001 ServerErrorMiddleware.__call__  starlette/middleware/errors.py:150
         └─ 0.001 ProfilingMiddleware.__call__  pybend/core/tests/profiling/middleware.py:35
            └─ 0.001 JWTAuthMiddleware.__call__  starlette/middleware/base.py:98
               └─ 0.001 _StreamingResponse.__call__  starlette/middleware/base.py:205
                  └─ 0.001 send_wrapper  pybend/core/tests/profiling/middleware.py:48
                     └─ 0.001 _send  starlette/middleware/errors.py:157
                           [11 frames hidden]  uvicorn, logging, <built-in>



========================================================================
GET /User  ->  200  (2.2ms)
========================================================================

  _     ._   __/__   _ _  _  _ _/_   Recorded: 14:01:24  Samples:  2
 /_//_/// /_\ / //_// / //_'/ //     Duration: 0.002     CPU time: 0.002
/   _/                      v5.1.2

Profile at /code/pystack/pybend/src/pybend/example/../../pybend/core/tests/profiling/middleware.py:57

0.001 Handle._run  asyncio/events.py:86
├─ 0.001 RequestResponseCycle.run_asgi  uvicorn/protocols/http/h11_impl.py:401
└─ 0.000 coro  starlette/middleware/base.py:136
      [10 frames hidden]  starlette, fastapi
         0.000 run_endpoint_function  fastapi/routing.py:204
         └─ 0.000 get_model_schema  pybend/core/api/routes_fastapi.py:169
            └─ 0.000 User.schema  pybend/core/models/proto_model.py:197
               └─ 0.000 deepcopy  copy.py:118
                     [8 frames hidden]  copy
                        0.000 id  <built-in>



========================================================================
GET /User  ->  200  (2.3ms)
========================================================================

  _     ._   __/__   _ _  _  _ _/_   Recorded: 14:01:24  Samples:  2
 /_//_/// /_\ / //_// / //_'/ //     Duration: 0.002     CPU time: 0.002
/   _/                      v5.1.2

Profile at /code/pystack/pybend/src/pybend/example/../../pybend/core/tests/profiling/middleware.py:57

0.002 Handle._run  asyncio/events.py:86
├─ 0.001 RequestResponseCycle.run_asgi  uvicorn/protocols/http/h11_impl.py:401
│     [3 frames hidden]  uvicorn, fastapi, starlette
│        0.001 ServerErrorMiddleware.__call__  starlette/middleware/errors.py:150
│        └─ 0.001 ProfilingMiddleware.__call__  pybend/core/tests/profiling/middleware.py:35
│           └─ 0.001 JWTAuthMiddleware.__call__  starlette/middleware/base.py:98
│              └─ 0.001 _StreamingResponse.__call__  starlette/middleware/base.py:205
│                 └─ 0.001 send_wrapper  pybend/core/tests/profiling/middleware.py:48
│                    └─ 0.001 _send  starlette/middleware/errors.py:157
│                          [5 frames hidden]  uvicorn, h11
│                             0.001 ConnectionState._fire_event_triggered_transitions  h11/_state.py:299
└─ 0.001 coro  starlette/middleware/base.py:136
      [14 frames hidden]  starlette, fastapi
         0.001 ModelMetaclass.__instancecheck__  pydantic/_internal/_model_construction.py:248



========================================================================
GET /products  ->  200  (2.4ms)
========================================================================

  _     ._   __/__   _ _  _  _ _/_   Recorded: 14:01:24  Samples:  2
 /_//_/// /_\ / //_// / //_'/ //     Duration: 0.002     CPU time: 0.002
/   _/                      v5.1.2

Profile at /code/pystack/pybend/src/pybend/example/../../pybend/core/tests/profiling/middleware.py:57

0.002 Handle._run  asyncio/events.py:86
├─ 0.001 RequestResponseCycle.run_asgi  uvicorn/protocols/http/h11_impl.py:401
│     [3 frames hidden]  uvicorn, fastapi, starlette
│        0.001 ServerErrorMiddleware.__call__  starlette/middleware/errors.py:150
│        └─ 0.001 ProfilingMiddleware.__call__  pybend/core/tests/profiling/middleware.py:35
│           └─ 0.001 JWTAuthMiddleware.__call__  starlette/middleware/base.py:98
│              └─ 0.001 _StreamingResponse.__call__  starlette/middleware/base.py:205
│                 └─ 0.001 send_wrapper  pybend/core/tests/profiling/middleware.py:48
│                    └─ 0.001 _send  starlette/middleware/errors.py:157
│                       └─ 0.001 RequestResponseCycle.send  uvicorn/protocols/http/h11_impl.py:447
│                          └─ 0.001 H11Protocol.on_response_complete  uvicorn/protocols/http/h11_impl.py:309
└─ 0.001 coro  starlette/middleware/base.py:136
      [10 frames hidden]  starlette, fastapi
         0.001 run_endpoint_function  fastapi/routing.py:204
         └─ 0.001 list_all_instances  pybend/core/api/routes_fastapi.py:93
            └─ 0.001 Product.list  pybend/core/models/storable_mixin.py:91
               └─ 0.001 SQLiteStorage.list  pybend/core/storage/sqlite_storage.py:124
                  └─ 0.001 Product.__init__  pybend/core/models/proto_model.py:96



========================================================================
GET /products  ->  200  (1.9ms)
========================================================================

  _     ._   __/__   _ _  _  _ _/_   Recorded: 14:01:24  Samples:  2
 /_//_/// /_\ / //_// / //_'/ //     Duration: 0.002     CPU time: 0.002
/   _/                      v5.1.2

Profile at /code/pystack/pybend/src/pybend/example/../../pybend/core/tests/profiling/middleware.py:57

0.001 Handle._run  asyncio/events.py:86
├─ 0.001 coro  starlette/middleware/base.py:136
│     [16 frames hidden]  starlette, fastapi, dataclasses
│        0.001 isinstance  <built-in>
└─ 0.000 RequestResponseCycle.run_asgi  uvicorn/protocols/http/h11_impl.py:401
      [3 frames hidden]  uvicorn, fastapi, starlette
         0.000 ServerErrorMiddleware.__call__  starlette/middleware/errors.py:150
         └─ 0.000 ProfilingMiddleware.__call__  pybend/core/tests/profiling/middleware.py:35
            └─ 0.000 JWTAuthMiddleware.__call__  starlette/middleware/base.py:98
                  [4 frames hidden]  anyio, asyncio



========================================================================
GET /products  ->  200  (4.1ms)
========================================================================

  _     ._   __/__   _ _  _  _ _/_   Recorded: 14:01:24  Samples:  4
 /_//_/// /_\ / //_// / //_'/ //     Duration: 0.004     CPU time: 0.004
/   _/                      v5.1.2

Profile at /code/pystack/pybend/src/pybend/example/../../pybend/core/tests/profiling/middleware.py:57

0.003 Handle._run  asyncio/events.py:86
├─ 0.002 coro  starlette/middleware/base.py:136
│     [14 frames hidden]  starlette, fastapi
│        0.001 jsonable_encoder  fastapi/encoders.py:102
│        0.001 run_endpoint_function  fastapi/routing.py:204
│        └─ 0.001 list_all_instances  pybend/core/api/routes_fastapi.py:93
│           └─ 0.001 Product.list  pybend/core/models/storable_mixin.py:91
│              └─ 0.001 SQLiteStorage.list  pybend/core/storage/sqlite_storage.py:124
│                 └─ 0.001 SQLiteStorage._populate_fields  pybend/core/storage/sqlite_storage.py:320
│                    └─ 0.001 ProductComment.model_dump  pybend/core/models/proto_model.py:117
│                       └─ 0.001 ProductComment.model_dump  pydantic/main.py:309
│                          └─ 0.001 SchemaSerializer.to_python  <built-in>
└─ 0.002 RequestResponseCycle.run_asgi  uvicorn/protocols/http/h11_impl.py:401
      [3 frames hidden]  uvicorn, fastapi, starlette
         0.002 ServerErrorMiddleware.__call__  starlette/middleware/errors.py:150
         └─ 0.002 ProfilingMiddleware.__call__  pybend/core/tests/profiling/middleware.py:35
            └─ 0.002 JWTAuthMiddleware.__call__  starlette/middleware/base.py:98
               └─ 0.002 JWTAuthMiddleware.dispatch  pybend/core/api/backend.py:92
                  ├─ 0.001 call_next  starlette/middleware/base.py:109
                  │  └─ 0.001 dict.get  <built-in>
                  └─ 0.001 decode_token  pybend/core/authorize/auth.py:57
                     └─ 0.001 PyJWT.decode  jwt/api_jwt.py:306
                           [3 frames hidden]  jwt



========================================================================
GET /products  ->  200  (3.5ms)
========================================================================

  _     ._   __/__   _ _  _  _ _/_   Recorded: 14:01:24  Samples:  4
 /_//_/// /_\ / //_// / //_'/ //     Duration: 0.004     CPU time: 0.004
/   _/                      v5.1.2

Profile at /code/pystack/pybend/src/pybend/example/../../pybend/core/tests/profiling/middleware.py:57

0.003 Handle._run  asyncio/events.py:86
├─ 0.002 coro  starlette/middleware/base.py:136
│     [14 frames hidden]  starlette, fastapi
│        0.001 run_endpoint_function  fastapi/routing.py:204
│        └─ 0.001 list_all_instances  pybend/core/api/routes_fastapi.py:93
│           └─ 0.001 Product.list  pybend/core/models/storable_mixin.py:91
│              └─ 0.001 SQLiteStorage.list  pybend/core/storage/sqlite_storage.py:124
│                 └─ 0.001 SQLiteStorage._populate_fields  pybend/core/storage/sqlite_storage.py:320
│                    └─ 0.001 Product.__getattr__  pydantic/main.py:781
│        0.001 jsonable_encoder  fastapi/encoders.py:102
└─ 0.001 RequestResponseCycle.run_asgi  uvicorn/protocols/http/h11_impl.py:401
      [3 frames hidden]  uvicorn, fastapi, starlette
         0.001 ServerErrorMiddleware.__call__  starlette/middleware/errors.py:150
         └─ 0.001 ProfilingMiddleware.__call__  pybend/core/tests/profiling/middleware.py:35
            └─ 0.001 JWTAuthMiddleware.__call__  starlette/middleware/base.py:98
               ├─ 0.001 _StreamingResponse.__call__  starlette/middleware/base.py:205
               │  └─ 0.001 send_wrapper  pybend/core/tests/profiling/middleware.py:48
               │     └─ 0.001 _send  starlette/middleware/errors.py:157
               │           [5 frames hidden]  uvicorn, h11
               │              0.001 ConnectionState._fire_state_triggered_transitions  h11/_state.py:316
               └─ 0.000 JWTAuthMiddleware.dispatch  pybend/core/api/backend.py:92
                  └─ 0.000 call_next  starlette/middleware/base.py:109
                        [3 frames hidden]  anyio



========================================================================
GET /products  ->  200  (6.0ms)
========================================================================

  _     ._   __/__   _ _  _  _ _/_   Recorded: 14:01:24  Samples:  6
 /_//_/// /_\ / //_// / //_'/ //     Duration: 0.006     CPU time: 0.006
/   _/                      v5.1.2

Profile at /code/pystack/pybend/src/pybend/example/../../pybend/core/tests/profiling/middleware.py:57

0.005 Handle._run  asyncio/events.py:86
├─ 0.004 coro  starlette/middleware/base.py:136
│     [23 frames hidden]  starlette, fastapi, <built-in>
│        0.002 run_endpoint_function  fastapi/routing.py:204
│        └─ 0.002 list_all_instances  pybend/core/api/routes_fastapi.py:93
│           └─ 0.002 Product.list  pybend/core/models/storable_mixin.py:91
│              └─ 0.002 SQLiteStorage.list  pybend/core/storage/sqlite_storage.py:124
│                 └─ 0.002 SQLiteStorage._populate_fields  pybend/core/storage/sqlite_storage.py:320
│                    └─ 0.002 SQLiteStorage._populate_fields  pybend/core/storage/sqlite_storage.py:320
│                       ├─ 0.001 Cursor.execute  <built-in>
│                       └─ 0.001 [self]  pybend/core/storage/sqlite_storage.py
└─ 0.001 RequestResponseCycle.run_asgi  uvicorn/protocols/http/h11_impl.py:401
      [3 frames hidden]  uvicorn, fastapi, starlette
         0.001 ServerErrorMiddleware.__call__  starlette/middleware/errors.py:150
         └─ 0.001 ProfilingMiddleware.__call__  pybend/core/tests/profiling/middleware.py:35
            └─ 0.001 JWTAuthMiddleware.__call__  starlette/middleware/base.py:98
               └─ 0.001 _StreamingResponse.__call__  starlette/middleware/base.py:205
                  └─ 0.001 send_wrapper  pybend/core/tests/profiling/middleware.py:48
                     └─ 0.001 _send  starlette/middleware/errors.py:157
                           [4 frames hidden]  uvicorn, h11



========================================================================
GET /products  ->  200  (5.7ms)
========================================================================

  _     ._   __/__   _ _  _  _ _/_   Recorded: 14:01:24  Samples:  5
 /_//_/// /_\ / //_// / //_'/ //     Duration: 0.006     CPU time: 0.006
/   _/                      v5.1.2

Profile at /code/pystack/pybend/src/pybend/example/../../pybend/core/tests/profiling/middleware.py:57

0.005 Handle._run  asyncio/events.py:86
├─ 0.004 coro  starlette/middleware/base.py:136
│     [19 frames hidden]  starlette, fastapi, pydantic
│        0.002 jsonable_encoder  fastapi/encoders.py:102
│        │  0.001 hasattr  <built-in>
│        └─ 0.001 [self]  fastapi/encoders.py
│        0.002 run_endpoint_function  fastapi/routing.py:204
│        └─ 0.002 list_all_instances  pybend/core/api/routes_fastapi.py:93
│           └─ 0.002 Product.list  pybend/core/models/storable_mixin.py:91
│              └─ 0.002 SQLiteStorage.list  pybend/core/storage/sqlite_storage.py:124
│                 └─ 0.002 SQLiteStorage._populate_fields  pybend/core/storage/sqlite_storage.py:320
│                    └─ 0.002 SQLiteStorage._populate_fields  pybend/core/storage/sqlite_storage.py:320
│                       └─ 0.002 User.__init__  pybend/core/models/proto_model.py:96
└─ 0.001 RequestResponseCycle.run_asgi  uvicorn/protocols/http/h11_impl.py:401
      [3 frames hidden]  uvicorn, fastapi, starlette
         0.001 ServerErrorMiddleware.__call__  starlette/middleware/errors.py:150
         └─ 0.001 ProfilingMiddleware.__call__  pybend/core/tests/profiling/middleware.py:35
            └─ 0.001 JWTAuthMiddleware.__call__  starlette/middleware/base.py:98
               └─ 0.001 JWTAuthMiddleware.dispatch  pybend/core/api/backend.py:92
                  └─ 0.001 call_next  starlette/middleware/base.py:109
                        [4 frames hidden]  anyio
                           0.001 current_async_library  sniffio/_impl.py:25



========================================================================
GET /products  ->  200  (1.9ms)
========================================================================

  _     ._   __/__   _ _  _  _ _/_   Recorded: 14:01:24  Samples:  2
 /_//_/// /_\ / //_// / //_'/ //     Duration: 0.002     CPU time: 0.002
/   _/                      v5.1.2

Profile at /code/pystack/pybend/src/pybend/example/../../pybend/core/tests/profiling/middleware.py:57

0.002 Handle._run  asyncio/events.py:86
├─ 0.001 [self]  asyncio/events.py
└─ 0.001 coro  starlette/middleware/base.py:136
      [15 frames hidden]  starlette, fastapi
         0.001 is_dataclass  dataclasses.py:1294



========================================================================
GET /users  ->  200  (1.6ms)
========================================================================

  _     ._   __/__   _ _  _  _ _/_   Recorded: 14:01:24  Samples:  1
 /_//_/// /_\ / //_// / //_'/ //     Duration: 0.002     CPU time: 0.002
/   _/                      v5.1.2

Profile at /code/pystack/pybend/src/pybend/example/../../pybend/core/tests/profiling/middleware.py:57

0.001 Handle._run  asyncio/events.py:86
└─ 0.001 coro  starlette/middleware/base.py:136
      [10 frames hidden]  starlette, fastapi
         0.001 run_endpoint_function  fastapi/routing.py:204
         └─ 0.001 list_all_instances  pybend/core/api/routes_fastapi.py:93
            └─ 0.001 _serialize  pybend/core/api/routes_fastapi.py:34
               └─ 0.001 User.model_dump  pybend/core/models/proto_model.py:117
                  └─ 0.001 User.model_dump  pydantic/main.py:309
                     └─ 0.001 SchemaSerializer.to_python  <built-in>



========================================================================
GET /products/1  ->  200  (1.5ms)
========================================================================

  _     ._   __/__   _ _  _  _ _/_   Recorded: 14:01:24  Samples:  1
 /_//_/// /_\ / //_// / //_'/ //     Duration: 0.001     CPU time: 0.001
/   _/                      v5.1.2

Profile at /code/pystack/pybend/src/pybend/example/../../pybend/core/tests/profiling/middleware.py:57

0.001 NoneType._run  asyncio/events.py:86



========================================================================
GET /products/2  ->  200  (1.5ms)
========================================================================

  _     ._   __/__   _ _  _  _ _/_   Recorded: 14:01:24  Samples:  1
 /_//_/// /_\ / //_// / //_'/ //     Duration: 0.001     CPU time: 0.001
/   _/                      v5.1.2

Profile at /code/pystack/pybend/src/pybend/example/../../pybend/core/tests/profiling/middleware.py:57

0.001 ProfilingMiddleware.__call__  pybend/core/tests/profiling/middleware.py:35
└─ 0.001 JWTAuthMiddleware.__call__  starlette/middleware/base.py:98
   └─ 0.001 _StreamingResponse.__call__  starlette/middleware/base.py:205
      └─ 0.001 send_wrapper  pybend/core/tests/profiling/middleware.py:48
         └─ 0.001 _send  starlette/middleware/errors.py:157
               [2 frames hidden]  uvicorn, asyncio
                  0.001 socket.send  <built-in>



========================================================================
GET /products/3  ->  200  (1.4ms)
========================================================================

  _     ._   __/__   _ _  _  _ _/_   Recorded: 14:01:24  Samples:  1
 /_//_/// /_\ / //_// / //_'/ //     Duration: 0.001     CPU time: 0.001
/   _/                      v5.1.2

Profile at /code/pystack/pybend/src/pybend/example/../../pybend/core/tests/profiling/middleware.py:57

0.001 ProfilingMiddleware.__call__  pybend/core/tests/profiling/middleware.py:35
└─ 0.001 JWTAuthMiddleware.__call__  starlette/middleware/base.py:98
   └─ 0.001 _StreamingResponse.__call__  starlette/middleware/base.py:205
      └─ 0.001 send_wrapper  pybend/core/tests/profiling/middleware.py:48
         └─ 0.001 _send  starlette/middleware/errors.py:157
               [2 frames hidden]  uvicorn, h11
                  0.001 isinstance  <built-in>



========================================================================
GET /products/1  ->  200  (2.1ms)
========================================================================

  _     ._   __/__   _ _  _  _ _/_   Recorded: 14:01:24  Samples:  2
 /_//_/// /_\ / //_// / //_'/ //     Duration: 0.002     CPU time: 0.002
/   _/                      v5.1.2

Profile at /code/pystack/pybend/src/pybend/example/../../pybend/core/tests/profiling/middleware.py:57

0.002 Handle._run  asyncio/events.py:86
├─ 0.001 RequestResponseCycle.run_asgi  uvicorn/protocols/http/h11_impl.py:401
│     [3 frames hidden]  uvicorn, fastapi, starlette
│        0.001 ServerErrorMiddleware.__call__  starlette/middleware/errors.py:150
│        └─ 0.001 ProfilingMiddleware.__call__  pybend/core/tests/profiling/middleware.py:35
│           └─ 0.001 JWTAuthMiddleware.__call__  starlette/middleware/base.py:98
│              └─ 0.001 _StreamingResponse.__call__  starlette/middleware/base.py:205
│                 └─ 0.001 send_wrapper  pybend/core/tests/profiling/middleware.py:48
│                    └─ 0.001 _send  starlette/middleware/errors.py:157
└─ 0.001 coro  starlette/middleware/base.py:136
      [10 frames hidden]  starlette, fastapi
         0.001 run_endpoint_function  fastapi/routing.py:204
         └─ 0.001 read_instance  pybend/core/api/routes_fastapi.py:184
            └─ 0.001 Product.get  pybend/core/models/storable_mixin.py:102
               └─ 0.001 SQLiteStorage.get  pybend/core/storage/sqlite_storage.py:240
                  └─ 0.001 SQLiteStorage._populate_fields  pybend/core/storage/sqlite_storage.py:320
                     └─ 0.001 ProductComment.__init__  pybend/core/models/proto_model.py:96
                        └─ 0.001 ProductComment.__setattr__  pydantic/main.py:813



========================================================================
GET /products/2  ->  200  (1.7ms)
========================================================================

  _     ._   __/__   _ _  _  _ _/_   Recorded: 14:01:24  Samples:  1
 /_//_/// /_\ / //_// / //_'/ //     Duration: 0.002     CPU time: 0.002
/   _/                      v5.1.2

Profile at /code/pystack/pybend/src/pybend/example/../../pybend/core/tests/profiling/middleware.py:57

0.001 ProfilingMiddleware.__call__  pybend/core/tests/profiling/middleware.py:35
└─ 0.001 JWTAuthMiddleware.__call__  starlette/middleware/base.py:98
   └─ 0.001 JWTAuthMiddleware.dispatch  pybend/core/api/backend.py:92
      └─ 0.001 call_next  starlette/middleware/base.py:109
            [4 frames hidden]  anyio
               0.001 Event.__init__  asyncio/locks.py:166



========================================================================
GET /products/3  ->  200  (1.8ms)
========================================================================

  _     ._   __/__   _ _  _  _ _/_   Recorded: 14:01:24  Samples:  2
 /_//_/// /_\ / //_// / //_'/ //     Duration: 0.002     CPU time: 0.002
/   _/                      v5.1.2

Profile at /code/pystack/pybend/src/pybend/example/../../pybend/core/tests/profiling/middleware.py:57

0.001 Handle._run  asyncio/events.py:86
└─ 0.001 coro  starlette/middleware/base.py:136
      [9 frames hidden]  starlette
         0.001 [self]  starlette/middleware/base.py
         0.000 app  fastapi/routing.py:240



========================================================================
GET /products/1  ->  200  (2.4ms)
========================================================================

  _     ._   __/__   _ _  _  _ _/_   Recorded: 14:01:24  Samples:  2
 /_//_/// /_\ / //_// / //_'/ //     Duration: 0.002     CPU time: 0.002
/   _/                      v5.1.2

Profile at /code/pystack/pybend/src/pybend/example/../../pybend/core/tests/profiling/middleware.py:57

0.002 Handle._run  asyncio/events.py:86
└─ 0.002 coro  starlette/middleware/base.py:136
      [9 frames hidden]  starlette
         0.002 app  fastapi/routing.py:240
         ├─ 0.001 [self]  fastapi/routing.py
         └─ 0.001 run_endpoint_function  fastapi/routing.py:204
            └─ 0.001 read_instance  pybend/core/api/routes_fastapi.py:184
               └─ 0.001 Product.get  pybend/core/models/storable_mixin.py:102
                  └─ 0.001 SQLiteStorage.get  pybend/core/storage/sqlite_storage.py:240



========================================================================
GET /products/2  ->  200  (2.4ms)
========================================================================

  _     ._   __/__   _ _  _  _ _/_   Recorded: 14:01:24  Samples:  2
 /_//_/// /_\ / //_// / //_'/ //     Duration: 0.002     CPU time: 0.002
/   _/                      v5.1.2

Profile at /code/pystack/pybend/src/pybend/example/../../pybend/core/tests/profiling/middleware.py:57

0.002 Handle._run  asyncio/events.py:86
└─ 0.002 coro  starlette/middleware/base.py:136
      [16 frames hidden]  starlette, fastapi
         0.002 APIRouter.__call__  starlette/routing.py:710
         └─ 0.001 [self]  starlette/routing.py
            0.001 isinstance  <built-in>



========================================================================
GET /products/3  ->  200  (2.4ms)
========================================================================

  _     ._   __/__   _ _  _  _ _/_   Recorded: 14:01:24  Samples:  3
 /_//_/// /_\ / //_// / //_'/ //     Duration: 0.002     CPU time: 0.002
/   _/                      v5.1.2

Profile at /code/pystack/pybend/src/pybend/example/../../pybend/core/tests/profiling/middleware.py:57

0.002 Handle._run  asyncio/events.py:86
├─ 0.001 _SelectorSocketTransport._read_ready  asyncio/selector_events.py:969
│     [7 frames hidden]  asyncio, selectors
│        0.001 EpollSelector._fileobj_lookup  selectors.py:215
├─ 0.001 coro  starlette/middleware/base.py:136
│     [16 frames hidden]  starlette, fastapi
│        0.001 is_dataclass  dataclasses.py:1294
└─ 0.000 RequestResponseCycle.run_asgi  uvicorn/protocols/http/h11_impl.py:401
      [3 frames hidden]  uvicorn, fastapi, starlette
         0.000 ServerErrorMiddleware.__call__  starlette/middleware/errors.py:150
         └─ 0.000 ProfilingMiddleware.__call__  pybend/core/tests/profiling/middleware.py:35
            └─ 0.000 JWTAuthMiddleware.__call__  starlette/middleware/base.py:98
               └─ 0.000 JWTAuthMiddleware.dispatch  pybend/core/api/backend.py:92
                  └─ 0.000 decode_token  pybend/core/authorize/auth.py:57
                     └─ 0.000 PyJWT.decode  jwt/api_jwt.py:306
                           [5 frames hidden]  jwt, json



========================================================================
GET /users/1  ->  200  (1.4ms)
========================================================================

  _     ._   __/__   _ _  _  _ _/_   Recorded: 14:01:24  Samples:  1
 /_//_/// /_\ / //_// / //_'/ //     Duration: 0.001     CPU time: 0.001
/   _/                      v5.1.2

Profile at /code/pystack/pybend/src/pybend/example/../../pybend/core/tests/profiling/middleware.py:57

0.000 Handle._run  asyncio/events.py:86
└─ 0.000 coro  starlette/middleware/base.py:136
      [10 frames hidden]  starlette, fastapi
         0.000 run_endpoint_function  fastapi/routing.py:204
         └─ 0.000 read_instance  pybend/core/api/routes_fastapi.py:184
            └─ 0.000 DefaultResolver.authorize  pybend/core/authorize/resolver.py:50
               └─ 0.000 DefaultResolver.resolve_rule  pybend/core/authorize/resolver.py:40



========================================================================
GET /products/1/comments  ->  200  (1.8ms)
========================================================================

  _     ._   __/__   _ _  _  _ _/_   Recorded: 14:01:24  Samples:  1
 /_//_/// /_\ / //_// / //_'/ //     Duration: 0.002     CPU time: 0.002
/   _/                      v5.1.2

Profile at /code/pystack/pybend/src/pybend/example/../../pybend/core/tests/profiling/middleware.py:57

0.001 ProfilingMiddleware.__call__  pybend/core/tests/profiling/middleware.py:35
└─ 0.001 JWTAuthMiddleware.__call__  starlette/middleware/base.py:98
   └─ 0.001 JWTAuthMiddleware.dispatch  pybend/core/api/backend.py:92
      └─ 0.001 call_next  starlette/middleware/base.py:109
         └─ 0.001 MemoryObjectReceiveStream.receive  anyio/streams/memory.py:114



========================================================================
GET /products/2/comments  ->  200  (1.8ms)
========================================================================

  _     ._   __/__   _ _  _  _ _/_   Recorded: 14:01:24  Samples:  2
 /_//_/// /_\ / //_// / //_'/ //     Duration: 0.002     CPU time: 0.002
/   _/                      v5.1.2

Profile at /code/pystack/pybend/src/pybend/example/../../pybend/core/tests/profiling/middleware.py:57

0.002 Handle._run  asyncio/events.py:86
├─ 0.001 RequestResponseCycle.run_asgi  uvicorn/protocols/http/h11_impl.py:401
│     [3 frames hidden]  uvicorn, fastapi, starlette
│        0.001 ServerErrorMiddleware.__call__  starlette/middleware/errors.py:150
│        └─ 0.001 ProfilingMiddleware.__call__  pybend/core/tests/profiling/middleware.py:35
│           └─ 0.001 JWTAuthMiddleware.__call__  starlette/middleware/base.py:98
└─ 0.001 coro  starlette/middleware/base.py:136
      [11 frames hidden]  starlette, fastapi
         0.001 request_params_to_args  fastapi/dependencies/utils.py:740



========================================================================
GET /products/1/favorites  ->  200  (1.5ms)
========================================================================

  _     ._   __/__   _ _  _  _ _/_   Recorded: 14:01:24  Samples:  2
 /_//_/// /_\ / //_// / //_'/ //     Duration: 0.002     CPU time: 0.001
/   _/                      v5.1.2

Profile at /code/pystack/pybend/src/pybend/example/../../pybend/core/tests/profiling/middleware.py:57

0.001 Handle._run  asyncio/events.py:86
├─ 0.001 task_done  anyio/_backends/_asyncio.py:805
└─ 0.000 coro  starlette/middleware/base.py:136
      [17 frames hidden]  starlette, fastapi, pydantic
         0.000 isinstance  <built-in>



========================================================================
GET /products/2/favorites  ->  200  (1.5ms)
========================================================================

  _     ._   __/__   _ _  _  _ _/_   Recorded: 14:01:24  Samples:  1
 /_//_/// /_\ / //_// / //_'/ //     Duration: 0.001     CPU time: 0.001
/   _/                      v5.1.2

Profile at /code/pystack/pybend/src/pybend/example/../../pybend/core/tests/profiling/middleware.py:57

0.001 Handle._run  asyncio/events.py:86
└─ 0.001 coro  starlette/middleware/base.py:136
      [10 frames hidden]  starlette, fastapi
         0.001 run_endpoint_function  fastapi/routing.py:204
         └─ 0.001 list_all_instances  pybend/core/api/routes_fastapi.py:93
            └─ 0.001 _build_context  pybend/core/api/routes_fastapi.py:25
               └─ 0.001 _get_user  pybend/core/api/routes_fastapi.py:20
                  └─ 0.001 Request.state  starlette/requests.py:172
                     └─ 0.001 State.__init__  starlette/datastructures.py:658



========================================================================
POST /users/login  ->  200  (188.7ms)
========================================================================

  _     ._   __/__   _ _  _  _ _/_   Recorded: 14:01:24  Samples:  2
 /_//_/// /_\ / //_// / //_'/ //     Duration: 0.189     CPU time: 0.188
/   _/                      v5.1.2

Profile at /code/pystack/pybend/src/pybend/example/../../pybend/core/tests/profiling/middleware.py:57

0.188 Handle._run  asyncio/events.py:86
└─ 0.187 coro  starlette/middleware/base.py:136
      [10 frames hidden]  starlette, fastapi
         0.187 run_endpoint_function  fastapi/routing.py:204
         └─ 0.187 post_no_id  pybend/core/api/routes_fastapi.py:336
            └─ 0.187 User.login  pybend/core/models/base_user.py:74
               └─ 0.187 verify_password  pybend/core/authorize/auth.py:42
                  └─ 0.187 checkpw  <built-in>



========================================================================
POST /products  ->  201  (25.8ms)
========================================================================

  _     ._   __/__   _ _  _  _ _/_   Recorded: 14:01:24  Samples:  7
 /_//_/// /_\ / //_// / //_'/ //     Duration: 0.026     CPU time: 0.007
/   _/                      v5.1.2

Profile at /code/pystack/pybend/src/pybend/example/../../pybend/core/tests/profiling/middleware.py:57

0.025 Handle._run  asyncio/events.py:86
├─ 0.024 coro  starlette/middleware/base.py:136
│     [89 frames hidden]  starlette, fastapi, <string>, pydanti...
│        0.020 run_endpoint_function  fastapi/routing.py:204
│        └─ 0.020 create_instance  pybend/core/api/routes_fastapi.py:60
│           └─ 0.020 Product.create  pybend/core/models/storable_mixin.py:63
│              └─ 0.020 SQLiteStorage.create  pybend/core/storage/sqlite_storage.py:93
│                 └─ 0.020 Connection.commit  <built-in>
└─ 0.000 RequestResponseCycle.run_asgi  uvicorn/protocols/http/h11_impl.py:401



========================================================================
POST /products  ->  201  (8.2ms)
========================================================================

  _     ._   __/__   _ _  _  _ _/_   Recorded: 14:01:24  Samples:  3
 /_//_/// /_\ / //_// / //_'/ //     Duration: 0.008     CPU time: 0.003
/   _/                      v5.1.2

Profile at /code/pystack/pybend/src/pybend/example/../../pybend/core/tests/profiling/middleware.py:57

0.008 Handle._run  asyncio/events.py:86
├─ 0.006 coro  starlette/middleware/base.py:136
│     [10 frames hidden]  starlette, fastapi
│        0.006 run_endpoint_function  fastapi/routing.py:204
│        └─ 0.006 create_instance  pybend/core/api/routes_fastapi.py:60
│           └─ 0.006 Product.create  pybend/core/models/storable_mixin.py:63
│              └─ 0.006 SQLiteStorage.create  pybend/core/storage/sqlite_storage.py:93
│                 └─ 0.006 Connection.commit  <built-in>
├─ 0.001 RequestResponseCycle.run_asgi  uvicorn/protocols/http/h11_impl.py:401
│     [3 frames hidden]  uvicorn, fastapi, starlette
│        0.001 ServerErrorMiddleware.__call__  starlette/middleware/errors.py:150
│        └─ 0.001 ProfilingMiddleware.__call__  pybend/core/tests/profiling/middleware.py:35
│           └─ 0.001 JWTAuthMiddleware.__call__  starlette/middleware/base.py:98
│                 [2 frames hidden]  starlette
└─ 0.001 [self]  asyncio/events.py



========================================================================
POST /products  ->  201  (8.5ms)
========================================================================

  _     ._   __/__   _ _  _  _ _/_   Recorded: 14:01:24  Samples:  4
 /_//_/// /_\ / //_// / //_'/ //     Duration: 0.009     CPU time: 0.003
/   _/                      v5.1.2

Profile at /code/pystack/pybend/src/pybend/example/../../pybend/core/tests/profiling/middleware.py:57

0.008 Handle._run  asyncio/events.py:86
├─ 0.006 coro  starlette/middleware/base.py:136
│     [10 frames hidden]  starlette, fastapi
│        0.006 run_endpoint_function  fastapi/routing.py:204
│        └─ 0.006 create_instance  pybend/core/api/routes_fastapi.py:60
│           └─ 0.006 Product.create  pybend/core/models/storable_mixin.py:63
│              └─ 0.006 SQLiteStorage.create  pybend/core/storage/sqlite_storage.py:93
│                 ├─ 0.005 Connection.commit  <built-in>
│                 └─ 0.001 Cursor.execute  <built-in>
└─ 0.001 RequestResponseCycle.run_asgi  uvicorn/protocols/http/h11_impl.py:401
      [3 frames hidden]  uvicorn, fastapi, starlette
         0.001 ServerErrorMiddleware.__call__  starlette/middleware/errors.py:150
         └─ 0.001 ProfilingMiddleware.__call__  pybend/core/tests/profiling/middleware.py:35
            └─ 0.001 JWTAuthMiddleware.__call__  starlette/middleware/base.py:98
               ├─ 0.001 JWTAuthMiddleware.dispatch  pybend/core/api/backend.py:92
               │  └─ 0.001 call_next  starlette/middleware/base.py:109
               │        [4 frames hidden]  anyio, asyncio
               └─ 0.001 _StreamingResponse.__call__  starlette/middleware/base.py:205
                  └─ 0.001 send_wrapper  pybend/core/tests/profiling/middleware.py:48
                     └─ 0.001 _send  starlette/middleware/errors.py:157
                           [3 frames hidden]  uvicorn, h11



========================================================================
POST /products/1/comment  ->  200  (8.6ms)
========================================================================

  _     ._   __/__   _ _  _  _ _/_   Recorded: 14:01:24  Samples:  5
 /_//_/// /_\ / //_// / //_'/ //     Duration: 0.009     CPU time: 0.003
/   _/                      v5.1.2

Profile at /code/pystack/pybend/src/pybend/example/../../pybend/core/tests/profiling/middleware.py:57

0.008 Handle._run  asyncio/events.py:86
└─ 0.008 coro  starlette/middleware/base.py:136
      [18 frames hidden]  starlette, fastapi, anyio, asyncio
         0.007 run_endpoint_function  fastapi/routing.py:204
         └─ 0.007 post_with_id  pybend/core/api/routes_fastapi.py:300
            ├─ 0.006 Product.comment  models/product.py:62
            │  └─ 0.006 Comment.save  pybend/core/models/storable_mixin.py:36
            │     └─ 0.006 Comment.create  pybend/core/models/storable_mixin.py:63
            │        └─ 0.006 ProductComment.create  pybend/core/models/storable_mixin.py:63
            │           ├─ 0.006 SQLiteStorage.create  pybend/core/storage/sqlite_storage.py:93
            │           │  └─ 0.006 Connection.commit  <built-in>
            │           └─ 0.000 [self]  pybend/core/models/storable_mixin.py
            └─ 0.001 Comment.__init__  pybend/core/models/proto_model.py:96
               └─ 0.001 deepcopy  copy.py:118



========================================================================
POST /products/2/comment  ->  200  (8.6ms)
========================================================================

  _     ._   __/__   _ _  _  _ _/_   Recorded: 14:01:24  Samples:  4
 /_//_/// /_\ / //_// / //_'/ //     Duration: 0.009     CPU time: 0.003
/   _/                      v5.1.2

Profile at /code/pystack/pybend/src/pybend/example/../../pybend/core/tests/profiling/middleware.py:57

0.008 Handle._run  asyncio/events.py:86
├─ 0.007 coro  starlette/middleware/base.py:136
│     [12 frames hidden]  starlette, fastapi
│        0.007 run_endpoint_function  fastapi/routing.py:204
│        └─ 0.007 post_with_id  pybend/core/api/routes_fastapi.py:300
│           └─ 0.007 Product.comment  models/product.py:62
│              └─ 0.007 Comment.save  pybend/core/models/storable_mixin.py:36
│                 └─ 0.007 Comment.create  pybend/core/models/storable_mixin.py:63
│                    └─ 0.007 ProductComment.create  pybend/core/models/storable_mixin.py:63
│                       └─ 0.007 SQLiteStorage.create  pybend/core/storage/sqlite_storage.py:93
│                          ├─ 0.006 Connection.commit  <built-in>
│                          └─ 0.001 Logger.info  logging/__init__.py:1529
│                                [3 frames hidden]  logging
└─ 0.000 RequestResponseCycle.run_asgi  uvicorn/protocols/http/h11_impl.py:401
      [3 frames hidden]  uvicorn, fastapi, starlette
         0.000 ServerErrorMiddleware.__call__  starlette/middleware/errors.py:150
         └─ 0.000 ProfilingMiddleware.__call__  pybend/core/tests/profiling/middleware.py:35
            └─ 0.000 JWTAuthMiddleware.__call__  starlette/middleware/base.py:98
               └─ 0.000 JWTAuthMiddleware.dispatch  pybend/core/api/backend.py:92
                  └─ 0.000 call_next  starlette/middleware/base.py:109



========================================================================
POST /products/1/favorite  ->  200  (8.2ms)
========================================================================

  _     ._   __/__   _ _  _  _ _/_   Recorded: 14:01:24  Samples:  3
 /_//_/// /_\ / //_// / //_'/ //     Duration: 0.008     CPU time: 0.003
/   _/                      v5.1.2

Profile at /code/pystack/pybend/src/pybend/example/../../pybend/core/tests/profiling/middleware.py:57

0.008 Handle._run  asyncio/events.py:86
├─ 0.007 coro  starlette/middleware/base.py:136
│     [19 frames hidden]  starlette, fastapi, anyio, reprlib, a...
│        0.006 run_endpoint_function  fastapi/routing.py:204
│        └─ 0.006 post_with_id  pybend/core/api/routes_fastapi.py:300
│           └─ 0.006 Product.favorite  models/product.py:72
│              └─ 0.006 ProductLike.delete  pybend/core/models/storable_mixin.py:125
│                 └─ 0.006 SQLiteStorage.delete  pybend/core/storage/sqlite_storage.py:584
│                    └─ 0.006 Connection.commit  <built-in>
└─ 0.001 RequestResponseCycle.run_asgi  uvicorn/protocols/http/h11_impl.py:401
      [3 frames hidden]  uvicorn, fastapi, starlette
         0.001 ServerErrorMiddleware.__call__  starlette/middleware/errors.py:150
         └─ 0.001 ProfilingMiddleware.__call__  pybend/core/tests/profiling/middleware.py:35
            └─ 0.001 JWTAuthMiddleware.__call__  starlette/middleware/base.py:98
               └─ 0.001 _StreamingResponse.__call__  starlette/middleware/base.py:205
                  └─ 0.001 send_wrapper  pybend/core/tests/profiling/middleware.py:48
                     └─ 0.001 _send  starlette/middleware/errors.py:157
                           [6 frames hidden]  uvicorn, asyncio



========================================================================
POST /products/2/favorite  ->  200  (8.2ms)
========================================================================

  _     ._   __/__   _ _  _  _ _/_   Recorded: 14:01:25  Samples:  3
 /_//_/// /_\ / //_// / //_'/ //     Duration: 0.008     CPU time: 0.003
/   _/                      v5.1.2

Profile at /code/pystack/pybend/src/pybend/example/../../pybend/core/tests/profiling/middleware.py:57

0.008 Handle._run  asyncio/events.py:86
├─ 0.007 coro  starlette/middleware/base.py:136
│     [18 frames hidden]  starlette, fastapi, anyio
│        0.006 run_endpoint_function  fastapi/routing.py:204
│        └─ 0.006 post_with_id  pybend/core/api/routes_fastapi.py:300
│           └─ 0.006 Product.favorite  models/product.py:72
│              └─ 0.006 Like.save  pybend/core/models/storable_mixin.py:36
│                 └─ 0.006 Like.create  pybend/core/models/storable_mixin.py:63
│                    └─ 0.006 ProductLike.create  pybend/core/models/storable_mixin.py:63
│                       └─ 0.006 SQLiteStorage.create  pybend/core/storage/sqlite_storage.py:93
│                          └─ 0.006 Connection.commit  <built-in>
└─ 0.001 RequestResponseCycle.run_asgi  uvicorn/protocols/http/h11_impl.py:401
      [3 frames hidden]  uvicorn, fastapi, starlette
         0.001 ServerErrorMiddleware.__call__  starlette/middleware/errors.py:150
         └─ 0.001 ProfilingMiddleware.__call__  pybend/core/tests/profiling/middleware.py:35
            └─ 0.001 JWTAuthMiddleware.__call__  starlette/middleware/base.py:98
               └─ 0.001 JWTAuthMiddleware.dispatch  pybend/core/api/backend.py:92
                  └─ 0.001 call_next  starlette/middleware/base.py:109
                        [2 frames hidden]  anyio, typing



========================================================================
POST /products/3/favorite  ->  200  (8.0ms)
========================================================================

  _     ._   __/__   _ _  _  _ _/_   Recorded: 14:01:25  Samples:  3
 /_//_/// /_\ / //_// / //_'/ //     Duration: 0.008     CPU time: 0.003
/   _/                      v5.1.2

Profile at /code/pystack/pybend/src/pybend/example/../../pybend/core/tests/profiling/middleware.py:57

0.008 Handle._run  asyncio/events.py:86
├─ 0.006 coro  starlette/middleware/base.py:136
│     [10 frames hidden]  starlette, fastapi
│        0.006 run_endpoint_function  fastapi/routing.py:204
│        └─ 0.006 post_with_id  pybend/core/api/routes_fastapi.py:300
│           └─ 0.006 Product.favorite  models/product.py:72
│              └─ 0.006 Like.save  pybend/core/models/storable_mixin.py:36
│                 └─ 0.006 Like.create  pybend/core/models/storable_mixin.py:63
│                    └─ 0.006 ProductLike.create  pybend/core/models/storable_mixin.py:63
│                       └─ 0.006 SQLiteStorage.create  pybend/core/storage/sqlite_storage.py:93
│                          └─ 0.006 Connection.commit  <built-in>
└─ 0.001 RequestResponseCycle.run_asgi  uvicorn/protocols/http/h11_impl.py:401
      [3 frames hidden]  uvicorn, fastapi, starlette
         0.001 ServerErrorMiddleware.__call__  starlette/middleware/errors.py:150
         └─ 0.001 ProfilingMiddleware.__call__  pybend/core/tests/profiling/middleware.py:35
            └─ 0.001 JWTAuthMiddleware.__call__  starlette/middleware/base.py:98
               ├─ 0.001 _StreamingResponse.__call__  starlette/middleware/base.py:205
               │  └─ 0.001 send_wrapper  pybend/core/tests/profiling/middleware.py:48
               └─ 0.001 JWTAuthMiddleware.dispatch  pybend/core/api/backend.py:92
                  └─ 0.001 call_next  starlette/middleware/base.py:109
                        [3 frames hidden]  anyio, asyncio



========================================================================
GET /Product  ->  200  (26.8ms)
========================================================================

  _     ._   __/__   _ _  _  _ _/_   Recorded: 14:01:28  Samples:  27
 /_//_/// /_\ / //_// / //_'/ //     Duration: 0.027     CPU time: 0.027
/   _/                      v5.1.2

Profile at /code/pystack/pybend/src/pybend/example/../../pybend/core/tests/profiling/middleware.py:57

0.026 Handle._run  asyncio/events.py:86
├─ 0.023 coro  starlette/middleware/base.py:136
│     [28 frames hidden]  starlette, fastapi, json
│        0.019 run_endpoint_function  fastapi/routing.py:204
│        └─ 0.019 get_model_schema  pybend/core/api/routes_fastapi.py:169
│           └─ 0.019 Product.schema  pybend/core/models/proto_model.py:197
│              ├─ 0.009 Product.referenced_json_schema  pybend/core/models/proto_model.py:319
│              │  ├─ 0.008 Product.model_json_schema  pydantic/main.py:413
│              │  │     [20 frames hidden]  pydantic, copy
│              │  │        0.003 new_handler_func  pydantic/json_schema.py:520
│              │  │        └─ 0.003 Comment.__get_pydantic_json_schema__  pybend/core/models/proto_model.py:341
│              │  │           └─ 0.003 Comment.__get_pydantic_json_schema__  pydantic/main.py:628
│              │  │                 [39 frames hidden]  pydantic, <frozen _collections_abc>, ...
│              │  │        0.003 new_handler_func  pydantic/json_schema.py:520
│              │  │        └─ 0.003 Product.__get_pydantic_json_schema__  pybend/core/models/proto_model.py:341
│              │  │           └─ 0.003 Product.__get_pydantic_json_schema__  pydantic/main.py:628
│              │  │                 [34 frames hidden]  pydantic
│              │  │                    0.002 new_handler_func  pydantic/json_schema.py:520
│              │  │                    └─ 0.002 Comment.__get_pydantic_json_schema__  pybend/core/models/proto_model.py:341
│              │  │                       └─ 0.002 Comment.__get_pydantic_json_schema__  pydantic/main.py:628
│              │  │                             [29 frames hidden]  pydantic, contextlib
│              │  └─ 0.001 dict.items  <built-in>
│              ├─ 0.007 Product.model_json_schema  pydantic/main.py:413
│              │     [21 frames hidden]  pydantic, copy
│              │        0.004 new_handler_func  pydantic/json_schema.py:520
│              │        └─ 0.004 Product.__get_pydantic_json_schema__  pybend/core/models/proto_model.py:341
│              │           └─ 0.004 Product.__get_pydantic_json_schema__  pydantic/main.py:628
│              │                 [42 frames hidden]  pydantic, inspect, enum
│              │                    0.002 new_handler_func  pydantic/json_schema.py:520
│              │                    └─ 0.002 Comment.__get_pydantic_json_schema__  pybend/core/models/proto_model.py:341
│              │                       └─ 0.002 Comment.__get_pydantic_json_schema__  pydantic/main.py:628
│              │                             [42 frames hidden]  pydantic, <frozen abc>, <built-in>
│              ├─ 0.001 deepcopy  copy.py:118
│              │     [12 frames hidden]  copy, <built-in>
│              ├─ 0.001 collect_all_referenced_models  pybend/core/utils/introspection.py:63
│              │  └─ 0.001 collect_all_referenced_models  pybend/core/utils/introspection.py:63
│              │     └─ 0.001 Comment.__pybend_methods_json_signature__  pybend/core/models/proto_model.py:139
│              │        └─ 0.001 signature  inspect.py:3308
│              │           └─ 0.001 Signature.from_callable  inspect.py:3050
│              └─ 0.001 User.__pybend_methods_json_signature__  pybend/core/models/proto_model.py:139
│                 └─ 0.001 signature  inspect.py:3308
│                       [5 frames hidden]  inspect
└─ 0.003 RequestResponseCycle.run_asgi  uvicorn/protocols/http/h11_impl.py:401
      [3 frames hidden]  uvicorn, fastapi, starlette
         0.003 ServerErrorMiddleware.__call__  starlette/middleware/errors.py:150
         └─ 0.003 ProfilingMiddleware.__call__  pybend/core/tests/profiling/middleware.py:35
            └─ 0.003 JWTAuthMiddleware.__call__  starlette/middleware/base.py:98
                  [16 frames hidden]  anyio, importlib, <built-in>, datacla...



========================================================================
POST /users/login  ->  200  (189.1ms)
========================================================================

  _     ._   __/__   _ _  _  _ _/_   Recorded: 14:01:28  Samples:  3
 /_//_/// /_\ / //_// / //_'/ //     Duration: 0.189     CPU time: 0.189
/   _/                      v5.1.2

Profile at /code/pystack/pybend/src/pybend/example/../../pybend/core/tests/profiling/middleware.py:57

0.188 Handle._run  asyncio/events.py:86
└─ 0.188 coro  starlette/middleware/base.py:136
      [10 frames hidden]  starlette, fastapi
         0.187 run_endpoint_function  fastapi/routing.py:204
         └─ 0.187 post_no_id  pybend/core/api/routes_fastapi.py:336
            └─ 0.187 User.login  pybend/core/models/base_user.py:74
               └─ 0.187 verify_password  pybend/core/authorize/auth.py:42
                  └─ 0.187 checkpw  <built-in>



========================================================================
GET /Product  ->  200  (4.5ms)
========================================================================

  _     ._   __/__   _ _  _  _ _/_   Recorded: 14:01:28  Samples:  4
 /_//_/// /_\ / //_// / //_'/ //     Duration: 0.005     CPU time: 0.005
/   _/                      v5.1.2

Profile at /code/pystack/pybend/src/pybend/example/../../pybend/core/tests/profiling/middleware.py:57

0.004 Handle._run  asyncio/events.py:86
├─ 0.003 coro  starlette/middleware/base.py:136
│     [17 frames hidden]  starlette, fastapi
│        0.001 isinstance  <built-in>
│        0.001 ModelMetaclass.__instancecheck__  pydantic/_internal/_model_construction.py:248
│        0.001 run_endpoint_function  fastapi/routing.py:204
│        └─ 0.001 get_model_schema  pybend/core/api/routes_fastapi.py:169
│           └─ 0.001 Product.schema  pybend/core/models/proto_model.py:197
│              └─ 0.001 deepcopy  copy.py:118
│                    [10 frames hidden]  copy
│                       0.001 dict.get  <built-in>
└─ 0.001 RequestResponseCycle.run_asgi  uvicorn/protocols/http/h11_impl.py:401
      [3 frames hidden]  uvicorn, fastapi, starlette
         0.001 ServerErrorMiddleware.__call__  starlette/middleware/errors.py:150
         └─ 0.001 ProfilingMiddleware.__call__  pybend/core/tests/profiling/middleware.py:35
            └─ 0.001 JWTAuthMiddleware.__call__  starlette/middleware/base.py:98
               └─ 0.001 _StreamingResponse.__call__  starlette/middleware/base.py:205
                  └─ 0.001 send_wrapper  pybend/core/tests/profiling/middleware.py:48
                     └─ 0.001 _send  starlette/middleware/errors.py:157
                           [5 frames hidden]  uvicorn, logging
                              0.001 normcase  <frozen posixpath>:52



========================================================================
GET /Product  ->  200  (4.3ms)
========================================================================

  _     ._   __/__   _ _  _  _ _/_   Recorded: 14:01:28  Samples:  5
 /_//_/// /_\ / //_// / //_'/ //     Duration: 0.004     CPU time: 0.004
/   _/                      v5.1.2

Profile at /code/pystack/pybend/src/pybend/example/../../pybend/core/tests/profiling/middleware.py:57

0.004 Handle._run  asyncio/events.py:86
├─ 0.003 coro  starlette/middleware/base.py:136
│     [16 frames hidden]  starlette, fastapi
│        0.002 isinstance  <built-in>
│        0.001 run_endpoint_function  fastapi/routing.py:204
│        └─ 0.001 get_model_schema  pybend/core/api/routes_fastapi.py:169
│           └─ 0.001 Product.schema  pybend/core/models/proto_model.py:197
│              └─ 0.001 deepcopy  copy.py:118
│                    [11 frames hidden]  copy
│                       0.001 deepcopy  copy.py:118
└─ 0.001 RequestResponseCycle.run_asgi  uvicorn/protocols/http/h11_impl.py:401
      [3 frames hidden]  uvicorn, fastapi, starlette
         0.001 ServerErrorMiddleware.__call__  starlette/middleware/errors.py:150
         └─ 0.001 ProfilingMiddleware.__call__  pybend/core/tests/profiling/middleware.py:35
            └─ 0.001 JWTAuthMiddleware.__call__  starlette/middleware/base.py:98
                  [2 frames hidden]  anyio, asyncio
                     0.001 _UnixSelectorEventLoop.get_debug  asyncio/base_events.py:2005



========================================================================
GET /Product  ->  200  (4.3ms)
========================================================================

  _     ._   __/__   _ _  _  _ _/_   Recorded: 14:01:28  Samples:  4
 /_//_/// /_\ / //_// / //_'/ //     Duration: 0.004     CPU time: 0.004
/   _/                      v5.1.2

Profile at /code/pystack/pybend/src/pybend/example/../../pybend/core/tests/profiling/middleware.py:57

0.003 Handle._run  asyncio/events.py:86
└─ 0.003 coro  starlette/middleware/base.py:136
      [18 frames hidden]  starlette, fastapi
         0.001 jsonable_encoder  fastapi/encoders.py:102
         0.001 str.startswith  <built-in>
         0.001 JSONResponse.init_headers  starlette/responses.py:55
         0.000 run_endpoint_function  fastapi/routing.py:204
         └─ 0.000 get_model_schema  pybend/core/api/routes_fastapi.py:169
            └─ 0.000 Product.schema  pybend/core/models/proto_model.py:197
               └─ 0.000 deepcopy  copy.py:118
                     [11 frames hidden]  copy, <built-in>



========================================================================
GET /User  ->  200  (5.6ms)
========================================================================

  _     ._   __/__   _ _  _  _ _/_   Recorded: 14:01:28  Samples:  6
 /_//_/// /_\ / //_// / //_'/ //     Duration: 0.006     CPU time: 0.006
/   _/                      v5.1.2

Profile at /code/pystack/pybend/src/pybend/example/../../pybend/core/tests/profiling/middleware.py:57

0.005 Handle._run  asyncio/events.py:86
└─ 0.005 coro  starlette/middleware/base.py:136
      [24 frames hidden]  starlette, fastapi, <built-in>, anyio...
         0.003 run_endpoint_function  fastapi/routing.py:204
         └─ 0.003 get_model_schema  pybend/core/api/routes_fastapi.py:169
            └─ 0.003 User.schema  pybend/core/models/proto_model.py:197
               ├─ 0.001 User.model_json_schema  pydantic/main.py:413
               │     [4 frames hidden]  pydantic
               │        0.001 new_handler_func  pydantic/json_schema.py:520
               │        └─ 0.001 User.__get_pydantic_json_schema__  pybend/core/models/proto_model.py:341
               │           └─ 0.001 User.__get_pydantic_json_schema__  pydantic/main.py:628
               │                 [33 frames hidden]  pydantic
               ├─ 0.001 User.referenced_json_schema  pybend/core/models/proto_model.py:319
               │  └─ 0.001 User.model_json_schema  pydantic/main.py:413
               │        [8 frames hidden]  pydantic, <built-in>
               └─ 0.001 User.__pybend_methods_json_signature__  pybend/core/models/proto_model.py:139
                  └─ 0.001 hasattr  <built-in>



========================================================================
GET /User  ->  200  (2.2ms)
========================================================================

  _     ._   __/__   _ _  _  _ _/_   Recorded: 14:01:28  Samples:  2
 /_//_/// /_\ / //_// / //_'/ //     Duration: 0.002     CPU time: 0.002
/   _/                      v5.1.2

Profile at /code/pystack/pybend/src/pybend/example/../../pybend/core/tests/profiling/middleware.py:57

0.002 NoneType._run  asyncio/events.py:86
├─ 0.001 [self]  asyncio/events.py
└─ 0.001 coro  starlette/middleware/base.py:136
      [16 frames hidden]  starlette, fastapi, pydantic
         0.001 hasattr  <built-in>



========================================================================
GET /User  ->  200  (2.2ms)
========================================================================

  _     ._   __/__   _ _  _  _ _/_   Recorded: 14:01:28  Samples:  2
 /_//_/// /_\ / //_// / //_'/ //     Duration: 0.002     CPU time: 0.002
/   _/                      v5.1.2

Profile at /code/pystack/pybend/src/pybend/example/../../pybend/core/tests/profiling/middleware.py:57

0.001 Handle._run  asyncio/events.py:86
└─ 0.001 coro  starlette/middleware/base.py:136
      [14 frames hidden]  starlette, fastapi, json
         0.001 JSONEncoder.encode  json/encoder.py:183
         0.000 run_endpoint_function  fastapi/routing.py:204
         └─ 0.000 get_model_schema  pybend/core/api/routes_fastapi.py:169
            └─ 0.000 User.schema  pybend/core/models/proto_model.py:197
               └─ 0.000 deepcopy  copy.py:118
                     [5 frames hidden]  copy
                        0.000 deepcopy  copy.py:118



========================================================================
GET /products  ->  200  (2.6ms)
========================================================================

  _     ._   __/__   _ _  _  _ _/_   Recorded: 14:01:28  Samples:  2
 /_//_/// /_\ / //_// / //_'/ //     Duration: 0.003     CPU time: 0.003
/   _/                      v5.1.2

Profile at /code/pystack/pybend/src/pybend/example/../../pybend/core/tests/profiling/middleware.py:57

0.002 Handle._run  asyncio/events.py:86
└─ 0.002 coro  starlette/middleware/base.py:136
      [15 frames hidden]  starlette, fastapi, json
         0.001 JSONEncoder.iterencode  json/encoder.py:205
         0.001 run_endpoint_function  fastapi/routing.py:204
         └─ 0.001 list_all_instances  pybend/core/api/routes_fastapi.py:93
            └─ 0.001 Product.list  pybend/core/models/storable_mixin.py:91
               └─ 0.001 SQLiteStorage.list  pybend/core/storage/sqlite_storage.py:124
                  └─ 0.001 Cursor.fetchall  <built-in>



========================================================================
GET /products  ->  200  (2.6ms)
========================================================================

  _     ._   __/__   _ _  _  _ _/_   Recorded: 14:01:28  Samples:  2
 /_//_/// /_\ / //_// / //_'/ //     Duration: 0.003     CPU time: 0.003
/   _/                      v5.1.2

Profile at /code/pystack/pybend/src/pybend/example/../../pybend/core/tests/profiling/middleware.py:57

0.002 Handle._run  asyncio/events.py:86
└─ 0.002 coro  starlette/middleware/base.py:136
      [14 frames hidden]  starlette, fastapi
         0.001 isinstance  <built-in>
         0.001 run_endpoint_function  fastapi/routing.py:204
         └─ 0.001 list_all_instances  pybend/core/api/routes_fastapi.py:93
            └─ 0.001 Product.list  pybend/core/models/storable_mixin.py:91
               └─ 0.001 SQLiteStorage.list  pybend/core/storage/sqlite_storage.py:124
                  └─ 0.001 Cursor.execute  <built-in>



========================================================================
GET /products  ->  200  (7.9ms)
========================================================================

  _     ._   __/__   _ _  _  _ _/_   Recorded: 14:01:28  Samples:  8
 /_//_/// /_\ / //_// / //_'/ //     Duration: 0.008     CPU time: 0.008
/   _/                      v5.1.2

Profile at /code/pystack/pybend/src/pybend/example/../../pybend/core/tests/profiling/middleware.py:57

0.008 Handle._run  asyncio/events.py:86
├─ 0.007 coro  starlette/middleware/base.py:136
│     [19 frames hidden]  starlette, fastapi, pydantic
│        0.003 jsonable_encoder  fastapi/encoders.py:102
│        └─ 0.002 [self]  fastapi/encoders.py
│        0.003 run_endpoint_function  fastapi/routing.py:204
│        └─ 0.003 list_all_instances  pybend/core/api/routes_fastapi.py:93
│           └─ 0.003 Product.list  pybend/core/models/storable_mixin.py:91
│              └─ 0.003 SQLiteStorage.list  pybend/core/storage/sqlite_storage.py:124
│                 └─ 0.003 SQLiteStorage._populate_fields  pybend/core/storage/sqlite_storage.py:320
│                    ├─ 0.002 ProductComment.model_dump  pybend/core/models/proto_model.py:117
│                    └─ 0.001 Cursor.execute  <built-in>
└─ 0.001 RequestResponseCycle.run_asgi  uvicorn/protocols/http/h11_impl.py:401
      [4 frames hidden]  uvicorn, fastapi, starlette



========================================================================
GET /products  ->  200  (8.7ms)
========================================================================

  _     ._   __/__   _ _  _  _ _/_   Recorded: 14:01:28  Samples:  8
 /_//_/// /_\ / //_// / //_'/ //     Duration: 0.009     CPU time: 0.009
/   _/                      v5.1.2

Profile at /code/pystack/pybend/src/pybend/example/../../pybend/core/tests/profiling/middleware.py:57

0.008 Handle._run  asyncio/events.py:86
├─ 0.007 coro  starlette/middleware/base.py:136
│     [23 frames hidden]  starlette, fastapi, <built-in>, datac...
│        0.003 run_endpoint_function  fastapi/routing.py:204
│        └─ 0.003 list_all_instances  pybend/core/api/routes_fastapi.py:93
│           └─ 0.003 Product.list  pybend/core/models/storable_mixin.py:91
│              └─ 0.003 SQLiteStorage.list  pybend/core/storage/sqlite_storage.py:124
│                 └─ 0.003 SQLiteStorage._populate_fields  pybend/core/storage/sqlite_storage.py:320
│                    ├─ 0.001 ProductLike.__init__  pybend/core/models/proto_model.py:96
│                    │  └─ 0.001 SchemaValidator.validate_python  <built-in>
│                    ├─ 0.001 [self]  pybend/core/storage/sqlite_storage.py
│                    └─ 0.001 Cursor.execute  <built-in>
└─ 0.001 RequestResponseCycle.run_asgi  uvicorn/protocols/http/h11_impl.py:401
      [3 frames hidden]  uvicorn, fastapi, starlette



========================================================================
GET /products  ->  200  (16.7ms)
========================================================================

  _     ._   __/__   _ _  _  _ _/_   Recorded: 14:01:28  Samples:  16
 /_//_/// /_\ / //_// / //_'/ //     Duration: 0.017     CPU time: 0.017
/   _/                      v5.1.2

Profile at /code/pystack/pybend/src/pybend/example/../../pybend/core/tests/profiling/middleware.py:57

0.016 Handle._run  asyncio/events.py:86
└─ 0.016 coro  starlette/middleware/base.py:136
      [38 frames hidden]  starlette, fastapi, <built-in>, datac...
         0.006 run_endpoint_function  fastapi/routing.py:204
         └─ 0.006 list_all_instances  pybend/core/api/routes_fastapi.py:93
            └─ 0.006 Product.list  pybend/core/models/storable_mixin.py:91
               └─ 0.006 SQLiteStorage.list  pybend/core/storage/sqlite_storage.py:124
                  ├─ 0.005 SQLiteStorage._populate_fields  pybend/core/storage/sqlite_storage.py:320
                  │  ├─ 0.002 SQLiteStorage._populate_fields  pybend/core/storage/sqlite_storage.py:320
                  │  │  ├─ 0.001 Cursor.fetchall  <built-in>
                  │  │  └─ 0.001 [self]  pybend/core/storage/sqlite_storage.py
                  │  ├─ 0.001 ProductLike.__init__  pybend/core/models/proto_model.py:96
                  │  ├─ 0.001 ProductComment.model_dump  pybend/core/models/proto_model.py:117
                  │  │  └─ 0.001 ProductComment.model_dump  pydantic/main.py:309
                  │  └─ 0.001 dict.get  <built-in>
                  └─ 0.001 [self]  pybend/core/storage/sqlite_storage.py



========================================================================
GET /products  ->  200  (19.4ms)
========================================================================

  _     ._   __/__   _ _  _  _ _/_   Recorded: 14:01:28  Samples:  20
 /_//_/// /_\ / //_// / //_'/ //     Duration: 0.019     CPU time: 0.019
/   _/                      v5.1.2

Profile at /code/pystack/pybend/src/pybend/example/../../pybend/core/tests/profiling/middleware.py:57

0.019 Handle._run  asyncio/events.py:86
├─ 0.018 coro  starlette/middleware/base.py:136
│     [34 frames hidden]  starlette, fastapi, <built-in>, json
│        0.006 run_endpoint_function  fastapi/routing.py:204
│        └─ 0.006 list_all_instances  pybend/core/api/routes_fastapi.py:93
│           └─ 0.006 Product.list  pybend/core/models/storable_mixin.py:91
│              └─ 0.006 SQLiteStorage.list  pybend/core/storage/sqlite_storage.py:124
│                 └─ 0.006 SQLiteStorage._populate_fields  pybend/core/storage/sqlite_storage.py:320
│                    ├─ 0.003 SQLiteStorage._populate_fields  pybend/core/storage/sqlite_storage.py:320
│                    │  ├─ 0.001 Cursor.fetchall  <built-in>
│                    │  ├─ 0.001 list.append  <built-in>
│                    │  └─ 0.001 [self]  pybend/core/storage/sqlite_storage.py
│                    ├─ 0.002 [self]  pybend/core/storage/sqlite_storage.py
│                    └─ 0.001 Cursor.execute  <built-in>
└─ 0.001 RequestResponseCycle.run_asgi  uvicorn/protocols/http/h11_impl.py:401
      [3 frames hidden]  uvicorn, fastapi, starlette
         0.001 ServerErrorMiddleware.__call__  starlette/middleware/errors.py:150
         └─ 0.001 ProfilingMiddleware.__call__  pybend/core/tests/profiling/middleware.py:35
            ├─ 0.001 Profiler.stop  pyinstrument/profiler.py:171
            │  └─ 0.001 StackSampler.unsubscribe  pyinstrument/stack_sampler.py:100
            └─ 0.000 JWTAuthMiddleware.__call__  starlette/middleware/base.py:98
               └─ 0.000 JWTAuthMiddleware.dispatch  pybend/core/api/backend.py:92
                  └─ 0.000 decode_token  pybend/core/authorize/auth.py:57
                     └─ 0.000 PyJWT.decode  jwt/api_jwt.py:306



========================================================================
GET /products  ->  200  (2.7ms)
========================================================================

  _     ._   __/__   _ _  _  _ _/_   Recorded: 14:01:28  Samples:  3
 /_//_/// /_\ / //_// / //_'/ //     Duration: 0.003     CPU time: 0.003
/   _/                      v5.1.2

Profile at /code/pystack/pybend/src/pybend/example/../../pybend/core/tests/profiling/middleware.py:57

0.002 Handle._run  asyncio/events.py:86
├─ 0.001 RequestResponseCycle.run_asgi  uvicorn/protocols/http/h11_impl.py:401
│     [3 frames hidden]  uvicorn, fastapi, starlette
│        0.001 ServerErrorMiddleware.__call__  starlette/middleware/errors.py:150
│        └─ 0.001 ProfilingMiddleware.__call__  pybend/core/tests/profiling/middleware.py:35
│           └─ 0.001 JWTAuthMiddleware.__call__  starlette/middleware/base.py:98
│              ├─ 0.001 _StreamingResponse.__call__  starlette/middleware/base.py:205
│              │  └─ 0.001 send_wrapper  pybend/core/tests/profiling/middleware.py:48
│              │     └─ 0.001 _send  starlette/middleware/errors.py:157
│              │           [2 frames hidden]  uvicorn, asyncio
│              │              0.001 socket.send  <built-in>
│              └─ 0.000 JWTAuthMiddleware.dispatch  pybend/core/api/backend.py:92
│                 └─ 0.000 decode_token  pybend/core/authorize/auth.py:57
│                    └─ 0.000 PyJWT.decode  jwt/api_jwt.py:306
│                          [3 frames hidden]  jwt, <built-in>
└─ 0.001 coro  starlette/middleware/base.py:136
      [15 frames hidden]  starlette, fastapi
         0.001 ModelMetaclass.__instancecheck__  pydantic/_internal/_model_construction.py:248



========================================================================
GET /users  ->  200  (1.7ms)
========================================================================

  _     ._   __/__   _ _  _  _ _/_   Recorded: 14:01:28  Samples:  2
 /_//_/// /_\ / //_// / //_'/ //     Duration: 0.002     CPU time: 0.002
/   _/                      v5.1.2

Profile at /code/pystack/pybend/src/pybend/example/../../pybend/core/tests/profiling/middleware.py:57

0.002 Handle._run  asyncio/events.py:86
├─ 0.001 RequestResponseCycle.run_asgi  uvicorn/protocols/http/h11_impl.py:401
│     [3 frames hidden]  uvicorn, fastapi, starlette
│        0.001 ServerErrorMiddleware.__call__  starlette/middleware/errors.py:150
│        └─ 0.001 ProfilingMiddleware.__call__  pybend/core/tests/profiling/middleware.py:35
│           └─ 0.001 Profiler.stop  pyinstrument/profiler.py:171
│              └─ 0.001 StackSampler.unsubscribe  pyinstrument/stack_sampler.py:100
└─ 0.001 coro  starlette/middleware/base.py:136
      [10 frames hidden]  starlette, fastapi
         0.001 run_endpoint_function  fastapi/routing.py:204
         └─ 0.001 list_all_instances  pybend/core/api/routes_fastapi.py:93
            └─ 0.001 _serialize  pybend/core/api/routes_fastapi.py:34
               └─ 0.001 User.model_dump  pybend/core/models/proto_model.py:117
                  └─ 0.001 User.model_dump  pydantic/main.py:309
                     └─ 0.001 SchemaSerializer.to_python  <built-in>



========================================================================
GET /products/1  ->  200  (1.5ms)
========================================================================

  _     ._   __/__   _ _  _  _ _/_   Recorded: 14:01:28  Samples:  2
 /_//_/// /_\ / //_// / //_'/ //     Duration: 0.002     CPU time: 0.002
/   _/                      v5.1.2

Profile at /code/pystack/pybend/src/pybend/example/../../pybend/core/tests/profiling/middleware.py:57

0.001 NoneType._run  asyncio/events.py:86
├─ 0.001 [self]  asyncio/events.py
└─ 0.000 coro  starlette/middleware/base.py:136
      [17 frames hidden]  starlette, fastapi, pydantic
         0.000 _TupleType.__subclasscheck__  typing.py:1465



========================================================================
GET /products/2  ->  200  (1.5ms)
========================================================================

  _     ._   __/__   _ _  _  _ _/_   Recorded: 14:01:28  Samples:  1
 /_//_/// /_\ / //_// / //_'/ //     Duration: 0.001     CPU time: 0.001
/   _/                      v5.1.2

Profile at /code/pystack/pybend/src/pybend/example/../../pybend/core/tests/profiling/middleware.py:57

0.000 Handle._run  asyncio/events.py:86
└─ 0.000 coro  starlette/middleware/base.py:136
      [10 frames hidden]  starlette, fastapi
         0.000 run_endpoint_function  fastapi/routing.py:204
         └─ 0.000 read_instance  pybend/core/api/routes_fastapi.py:184
            └─ 0.000 Product.get  pybend/core/models/storable_mixin.py:102
               └─ 0.000 SQLiteStorage.get  pybend/core/storage/sqlite_storage.py:240
                  └─ 0.000 Product.__init__  pybend/core/models/proto_model.py:96



========================================================================
GET /products/3  ->  200  (1.4ms)
========================================================================

  _     ._   __/__   _ _  _  _ _/_   Recorded: 14:01:28  Samples:  1
 /_//_/// /_\ / //_// / //_'/ //     Duration: 0.001     CPU time: 0.001
/   _/                      v5.1.2

Profile at /code/pystack/pybend/src/pybend/example/../../pybend/core/tests/profiling/middleware.py:57

0.001 ProfilingMiddleware.__call__  pybend/core/tests/profiling/middleware.py:35
└─ 0.001 JWTAuthMiddleware.__call__  starlette/middleware/base.py:98
      [3 frames hidden]  starlette, asyncio, _weakrefset
         0.001 set.add  <built-in>



========================================================================
GET /products/1  ->  200  (2.1ms)
========================================================================

  _     ._   __/__   _ _  _  _ _/_   Recorded: 14:01:28  Samples:  2
 /_//_/// /_\ / //_// / //_'/ //     Duration: 0.002     CPU time: 0.002
/   _/                      v5.1.2

Profile at /code/pystack/pybend/src/pybend/example/../../pybend/core/tests/profiling/middleware.py:57

0.002 Handle._run  asyncio/events.py:86
└─ 0.002 coro  starlette/middleware/base.py:136
      [12 frames hidden]  starlette, fastapi
         0.002 app  starlette/routing.py:72
         └─ 0.001 [self]  starlette/routing.py
            0.001 is_dataclass  dataclasses.py:1294



========================================================================
GET /products/2  ->  200  (2.0ms)
========================================================================

  _     ._   __/__   _ _  _  _ _/_   Recorded: 14:01:28  Samples:  2
 /_//_/// /_\ / //_// / //_'/ //     Duration: 0.002     CPU time: 0.002
/   _/                      v5.1.2

Profile at /code/pystack/pybend/src/pybend/example/../../pybend/core/tests/profiling/middleware.py:57

0.002 Handle._run  asyncio/events.py:86
├─ 0.001 RequestResponseCycle.run_asgi  uvicorn/protocols/http/h11_impl.py:401
│     [3 frames hidden]  uvicorn, fastapi, starlette
│        0.001 ServerErrorMiddleware.__call__  starlette/middleware/errors.py:150
│        └─ 0.001 ProfilingMiddleware.__call__  pybend/core/tests/profiling/middleware.py:35
│           └─ 0.001 JWTAuthMiddleware.__call__  starlette/middleware/base.py:98
│              └─ 0.001 _StreamingResponse.__call__  starlette/middleware/base.py:205
│                 └─ 0.001 send_wrapper  pybend/core/tests/profiling/middleware.py:48
│                    └─ 0.001 _send  starlette/middleware/errors.py:157
│                          [2 frames hidden]  uvicorn, h11
│                             0.001 Connection.send_with_data_passthrough  h11/_connection.py:544
└─ 0.001 coro  starlette/middleware/base.py:136
      [10 frames hidden]  starlette, fastapi
         0.001 run_endpoint_function  fastapi/routing.py:204
         └─ 0.001 read_instance  pybend/core/api/routes_fastapi.py:184
            └─ 0.001 Product.get  pybend/core/models/storable_mixin.py:102
               └─ 0.001 SQLiteStorage.get  pybend/core/storage/sqlite_storage.py:240
                  └─ 0.001 SQLiteStorage._populate_fields  pybend/core/storage/sqlite_storage.py:320



========================================================================
GET /products/3  ->  200  (2.1ms)
========================================================================

  _     ._   __/__   _ _  _  _ _/_   Recorded: 14:01:28  Samples:  2
 /_//_/// /_\ / //_// / //_'/ //     Duration: 0.002     CPU time: 0.002
/   _/                      v5.1.2

Profile at /code/pystack/pybend/src/pybend/example/../../pybend/core/tests/profiling/middleware.py:57

0.001 Handle._run  asyncio/events.py:86
├─ 0.001 coro  starlette/middleware/base.py:136
│     [15 frames hidden]  starlette, fastapi
│        0.001 jsonable_encoder  fastapi/encoders.py:102
└─ 0.000 RequestResponseCycle.run_asgi  uvicorn/protocols/http/h11_impl.py:401
      [3 frames hidden]  uvicorn, fastapi, starlette
         0.000 ServerErrorMiddleware.__call__  starlette/middleware/errors.py:150
         └─ 0.000 ProfilingMiddleware.__call__  pybend/core/tests/profiling/middleware.py:35
            └─ 0.000 JWTAuthMiddleware.__call__  starlette/middleware/base.py:98
               └─ 0.000 JWTAuthMiddleware.dispatch  pybend/core/api/backend.py:92
                  └─ 0.000 URL.path  starlette/datastructures.py:78
                        [3 frames hidden]  starlette, urllib



========================================================================
GET /products/1  ->  200  (2.9ms)
========================================================================

  _     ._   __/__   _ _  _  _ _/_   Recorded: 14:01:28  Samples:  3
 /_//_/// /_\ / //_// / //_'/ //     Duration: 0.003     CPU time: 0.003
/   _/                      v5.1.2

Profile at /code/pystack/pybend/src/pybend/example/../../pybend/core/tests/profiling/middleware.py:57

0.002 Handle._run  asyncio/events.py:86
├─ 0.001 coro  starlette/middleware/base.py:136
│     [24 frames hidden]  starlette, fastapi, pydantic
│        0.001 isinstance  <built-in>
└─ 0.001 RequestResponseCycle.run_asgi  uvicorn/protocols/http/h11_impl.py:401
      [3 frames hidden]  uvicorn, fastapi, starlette
         0.001 ServerErrorMiddleware.__call__  starlette/middleware/errors.py:150
         └─ 0.001 ProfilingMiddleware.__call__  pybend/core/tests/profiling/middleware.py:35
            └─ 0.001 JWTAuthMiddleware.__call__  starlette/middleware/base.py:98
               └─ 0.001 _StreamingResponse.__call__  starlette/middleware/base.py:205
                  └─ 0.001 send_wrapper  pybend/core/tests/profiling/middleware.py:48
                     └─ 0.001 _send  starlette/middleware/errors.py:157
                           [2 frames hidden]  uvicorn, h11
                              0.001 normalize_and_validate  h11/_headers.py:152



========================================================================
GET /products/2  ->  200  (2.9ms)
========================================================================

  _     ._   __/__   _ _  _  _ _/_   Recorded: 14:01:28  Samples:  3
 /_//_/// /_\ / //_// / //_'/ //     Duration: 0.003     CPU time: 0.003
/   _/                      v5.1.2

Profile at /code/pystack/pybend/src/pybend/example/../../pybend/core/tests/profiling/middleware.py:57

0.002 Handle._run  asyncio/events.py:86
├─ 0.002 coro  starlette/middleware/base.py:136
│     [14 frames hidden]  starlette, fastapi
│        0.001 jsonable_encoder  fastapi/encoders.py:102
│        0.001 send_no_error  starlette/middleware/base.py:129
└─ 0.000 RequestResponseCycle.run_asgi  uvicorn/protocols/http/h11_impl.py:401
      [3 frames hidden]  uvicorn, fastapi, starlette
         0.000 ServerErrorMiddleware.__call__  starlette/middleware/errors.py:150
         └─ 0.000 ProfilingMiddleware.__call__  pybend/core/tests/profiling/middleware.py:35
            └─ 0.000 JWTAuthMiddleware.__call__  starlette/middleware/base.py:98
               └─ 0.000 JWTAuthMiddleware.dispatch  pybend/core/api/backend.py:92
                  └─ 0.000 decode_token  pybend/core/authorize/auth.py:57
                     └─ 0.000 PyJWT.decode  jwt/api_jwt.py:306
                        └─ 0.000 PyJWT.decode_complete  jwt/api_jwt.py:180



========================================================================
GET /products/3  ->  200  (3.0ms)
========================================================================

  _     ._   __/__   _ _  _  _ _/_   Recorded: 14:01:28  Samples:  3
 /_//_/// /_\ / //_// / //_'/ //     Duration: 0.003     CPU time: 0.003
/   _/                      v5.1.2

Profile at /code/pystack/pybend/src/pybend/example/../../pybend/core/tests/profiling/middleware.py:57

0.002 Handle._run  asyncio/events.py:86
├─ 0.001 coro  starlette/middleware/base.py:136
│     [16 frames hidden]  starlette, fastapi
│        0.001 jsonable_encoder  fastapi/encoders.py:102
│        0.000 run_endpoint_function  fastapi/routing.py:204
│        └─ 0.000 read_instance  pybend/core/api/routes_fastapi.py:184
│           └─ 0.000 Product.get  pybend/core/models/storable_mixin.py:102
│              └─ 0.000 SQLiteStorage.get  pybend/core/storage/sqlite_storage.py:240
│                 └─ 0.000 SQLiteStorage._populate_fields  pybend/core/storage/sqlite_storage.py:320
└─ 0.001 [self]  asyncio/events.py



========================================================================
GET /users/1  ->  200  (1.4ms)
========================================================================

  _     ._   __/__   _ _  _  _ _/_   Recorded: 14:01:28  Samples:  1
 /_//_/// /_\ / //_// / //_'/ //     Duration: 0.001     CPU time: 0.001
/   _/                      v5.1.2

Profile at /code/pystack/pybend/src/pybend/example/../../pybend/core/tests/profiling/middleware.py:57

0.001 ProfilingMiddleware.__call__  pybend/core/tests/profiling/middleware.py:35
└─ 0.001 JWTAuthMiddleware.__call__  starlette/middleware/base.py:98
   └─ 0.001 _StreamingResponse.__call__  starlette/middleware/base.py:205



========================================================================
GET /products/1/comments  ->  200  (2.6ms)
========================================================================

  _     ._   __/__   _ _  _  _ _/_   Recorded: 14:01:28  Samples:  3
 /_//_/// /_\ / //_// / //_'/ //     Duration: 0.003     CPU time: 0.003
/   _/                      v5.1.2

Profile at /code/pystack/pybend/src/pybend/example/../../pybend/core/tests/profiling/middleware.py:57

0.002 Handle._run  asyncio/events.py:86
├─ 0.002 coro  starlette/middleware/base.py:136
│     [16 frames hidden]  starlette, fastapi, anyio
│        0.001 run_endpoint_function  fastapi/routing.py:204
│        └─ 0.001 list_all_instances  pybend/core/api/routes_fastapi.py:93
│           └─ 0.001 ProductComment.list  pybend/core/models/storable_mixin.py:91
│              └─ 0.001 SQLiteStorage.list  pybend/core/storage/sqlite_storage.py:124
│                 └─ 0.001 ProductComment.__init__  pybend/core/models/proto_model.py:96
│        0.001 Event.wait  asyncio/locks.py:199
│        └─ 0.001 [await]  asyncio/locks.py
└─ 0.000 RequestResponseCycle.run_asgi  uvicorn/protocols/http/h11_impl.py:401
      [3 frames hidden]  uvicorn, fastapi, starlette
         0.000 ServerErrorMiddleware.__call__  starlette/middleware/errors.py:150
         └─ 0.000 ProfilingMiddleware.__call__  pybend/core/tests/profiling/middleware.py:35
            └─ 0.000 JWTAuthMiddleware.__call__  starlette/middleware/base.py:98
               └─ 0.000 JWTAuthMiddleware.dispatch  pybend/core/api/backend.py:92
                  └─ 0.000 call_next  starlette/middleware/base.py:109
                        [5 frames hidden]  anyio, asyncio



========================================================================
GET /products/2/comments  ->  200  (2.7ms)
========================================================================

  _     ._   __/__   _ _  _  _ _/_   Recorded: 14:01:28  Samples:  3
 /_//_/// /_\ / //_// / //_'/ //     Duration: 0.003     CPU time: 0.003
/   _/                      v5.1.2

Profile at /code/pystack/pybend/src/pybend/example/../../pybend/core/tests/profiling/middleware.py:57

0.002 Handle._run  asyncio/events.py:86
├─ 0.001 coro  starlette/middleware/base.py:136
│     [12 frames hidden]  starlette, fastapi, <string>
│        0.001 run_endpoint_function  fastapi/routing.py:204
│        └─ 0.001 list_all_instances  pybend/core/api/routes_fastapi.py:93
│           └─ 0.001 ProductComment.list  pybend/core/models/storable_mixin.py:91
│              └─ 0.001 SQLiteStorage.list  pybend/core/storage/sqlite_storage.py:124
└─ 0.001 RequestResponseCycle.run_asgi  uvicorn/protocols/http/h11_impl.py:401



========================================================================
GET /products/1/favorites  ->  200  (1.7ms)
========================================================================

  _     ._   __/__   _ _  _  _ _/_   Recorded: 14:01:28  Samples:  2
 /_//_/// /_\ / //_// / //_'/ //     Duration: 0.002     CPU time: 0.002
/   _/                      v5.1.2

Profile at /code/pystack/pybend/src/pybend/example/../../pybend/core/tests/profiling/middleware.py:57

0.001 Handle._run  asyncio/events.py:86
└─ 0.001 coro  starlette/middleware/base.py:136
      [15 frames hidden]  starlette, fastapi, typing
         0.001 wrapped_app  starlette/_exception_handler.py:31
         └─ 0.001 [self]  starlette/_exception_handler.py
            0.000 isinstance  <built-in>



========================================================================
GET /products/2/favorites  ->  200  (1.7ms)
========================================================================

  _     ._   __/__   _ _  _  _ _/_   Recorded: 14:01:28  Samples:  2
 /_//_/// /_\ / //_// / //_'/ //     Duration: 0.002     CPU time: 0.002
/   _/                      v5.1.2

Profile at /code/pystack/pybend/src/pybend/example/../../pybend/core/tests/profiling/middleware.py:57

0.001 Handle._run  asyncio/events.py:86
├─ 0.001 RequestResponseCycle.run_asgi  uvicorn/protocols/http/h11_impl.py:401
│     [3 frames hidden]  uvicorn, fastapi, starlette
│        0.001 ServerErrorMiddleware.__call__  starlette/middleware/errors.py:150
│        └─ 0.001 ProfilingMiddleware.__call__  pybend/core/tests/profiling/middleware.py:35
│           └─ 0.001 JWTAuthMiddleware.__call__  starlette/middleware/base.py:98
│              └─ 0.001 TaskGroup.__aexit__  anyio/_backends/_asyncio.py:735
│                 └─ 0.001 [await]  anyio/_backends/_asyncio.py
└─ 0.000 coro  starlette/middleware/base.py:136
      [10 frames hidden]  starlette, fastapi
         0.000 run_endpoint_function  fastapi/routing.py:204
         └─ 0.000 list_all_instances  pybend/core/api/routes_fastapi.py:93



========================================================================
POST /users/login  ->  200  (186.7ms)
========================================================================

  _     ._   __/__   _ _  _  _ _/_   Recorded: 14:01:28  Samples:  4
 /_//_/// /_\ / //_// / //_'/ //     Duration: 0.187     CPU time: 0.186
/   _/                      v5.1.2

Profile at /code/pystack/pybend/src/pybend/example/../../pybend/core/tests/profiling/middleware.py:57

0.186 Handle._run  asyncio/events.py:86
└─ 0.185 coro  starlette/middleware/base.py:136
      [10 frames hidden]  starlette, fastapi
         0.185 run_endpoint_function  fastapi/routing.py:204
         └─ 0.185 post_no_id  pybend/core/api/routes_fastapi.py:336
            └─ 0.185 User.login  pybend/core/models/base_user.py:74
               └─ 0.185 verify_password  pybend/core/authorize/auth.py:42
                  └─ 0.185 checkpw  <built-in>



========================================================================
POST /products  ->  201  (25.2ms)
========================================================================

  _     ._   __/__   _ _  _  _ _/_   Recorded: 14:01:29  Samples:  7
 /_//_/// /_\ / //_// / //_'/ //     Duration: 0.025     CPU time: 0.007
/   _/                      v5.1.2

Profile at /code/pystack/pybend/src/pybend/example/../../pybend/core/tests/profiling/middleware.py:57

0.024 Handle._run  asyncio/events.py:86
├─ 0.024 coro  starlette/middleware/base.py:136
│     [61 frames hidden]  starlette, fastapi, <string>, pydanti...
│        0.020 run_endpoint_function  fastapi/routing.py:204
│        └─ 0.020 create_instance  pybend/core/api/routes_fastapi.py:60
│           └─ 0.020 Product.create  pybend/core/models/storable_mixin.py:63
│              └─ 0.020 SQLiteStorage.create  pybend/core/storage/sqlite_storage.py:93
│                 └─ 0.020 Connection.commit  <built-in>
└─ 0.000 RequestResponseCycle.run_asgi  uvicorn/protocols/http/h11_impl.py:401
      [3 frames hidden]  uvicorn, fastapi, starlette
         0.000 ServerErrorMiddleware.__call__  starlette/middleware/errors.py:150
         └─ 0.000 ProfilingMiddleware.__call__  pybend/core/tests/profiling/middleware.py:35
            └─ 0.000 JWTAuthMiddleware.__call__  starlette/middleware/base.py:98
               └─ 0.000 _StreamingResponse.__call__  starlette/middleware/base.py:205
                  └─ 0.000 send_wrapper  pybend/core/tests/profiling/middleware.py:48
                     └─ 0.000 _send  starlette/middleware/errors.py:157
                        └─ 0.000 RequestResponseCycle.send  uvicorn/protocols/http/h11_impl.py:447



========================================================================
POST /products  ->  201  (8.0ms)
========================================================================

  _     ._   __/__   _ _  _  _ _/_   Recorded: 14:01:29  Samples:  3
 /_//_/// /_\ / //_// / //_'/ //     Duration: 0.008     CPU time: 0.003
/   _/                      v5.1.2

Profile at /code/pystack/pybend/src/pybend/example/../../pybend/core/tests/profiling/middleware.py:57

0.007 Handle._run  asyncio/events.py:86
├─ 0.006 coro  starlette/middleware/base.py:136
│     [10 frames hidden]  starlette, fastapi
│        0.006 run_endpoint_function  fastapi/routing.py:204
│        └─ 0.006 create_instance  pybend/core/api/routes_fastapi.py:60
│           └─ 0.006 Product.create  pybend/core/models/storable_mixin.py:63
│              └─ 0.006 SQLiteStorage.create  pybend/core/storage/sqlite_storage.py:93
│                 └─ 0.006 Connection.commit  <built-in>
└─ 0.001 RequestResponseCycle.run_asgi  uvicorn/protocols/http/h11_impl.py:401
      [4 frames hidden]  uvicorn, fastapi, starlette
         0.001 ServerErrorMiddleware.__call__  starlette/middleware/errors.py:150
         └─ 0.001 ProfilingMiddleware.__call__  pybend/core/tests/profiling/middleware.py:35
            └─ 0.001 JWTAuthMiddleware.__call__  starlette/middleware/base.py:98
               └─ 0.001 _StreamingResponse.__call__  starlette/middleware/base.py:205
                  └─ 0.001 send_wrapper  pybend/core/tests/profiling/middleware.py:48
                     └─ 0.001 _send  starlette/middleware/errors.py:157



========================================================================
POST /products  ->  201  (7.7ms)
========================================================================

  _     ._   __/__   _ _  _  _ _/_   Recorded: 14:01:29  Samples:  4
 /_//_/// /_\ / //_// / //_'/ //     Duration: 0.008     CPU time: 0.002
/   _/                      v5.1.2

Profile at /code/pystack/pybend/src/pybend/example/../../pybend/core/tests/profiling/middleware.py:57

0.007 Handle._run  asyncio/events.py:86
├─ 0.006 coro  starlette/middleware/base.py:136
│     [10 frames hidden]  starlette, fastapi
│        0.006 run_endpoint_function  fastapi/routing.py:204
│        └─ 0.006 create_instance  pybend/core/api/routes_fastapi.py:60
│           └─ 0.006 Product.create  pybend/core/models/storable_mixin.py:63
│              └─ 0.006 SQLiteStorage.create  pybend/core/storage/sqlite_storage.py:93
│                 ├─ 0.006 Connection.commit  <built-in>
│                 └─ 0.000 Product.__init__  pybend/core/models/proto_model.py:96
├─ 0.001 [self]  asyncio/events.py
└─ 0.000 _UnixSelectorEventLoop.create_task  asyncio/base_events.py:451
   └─ 0.000 _UnixSelectorEventLoop.call_soon  asyncio/base_events.py:785



========================================================================
POST /products/1/comment  ->  200  (8.4ms)
========================================================================

  _     ._   __/__   _ _  _  _ _/_   Recorded: 14:01:29  Samples:  5
 /_//_/// /_\ / //_// / //_'/ //     Duration: 0.008     CPU time: 0.003
/   _/                      v5.1.2

Profile at /code/pystack/pybend/src/pybend/example/../../pybend/core/tests/profiling/middleware.py:57

0.008 Handle._run  asyncio/events.py:86
├─ 0.007 coro  starlette/middleware/base.py:136
│     [13 frames hidden]  starlette, fastapi
│        0.006 run_endpoint_function  fastapi/routing.py:204
│        └─ 0.006 post_with_id  pybend/core/api/routes_fastapi.py:300
│           └─ 0.006 Product.comment  models/product.py:62
│              └─ 0.006 Comment.save  pybend/core/models/storable_mixin.py:36
│                 └─ 0.006 Comment.create  pybend/core/models/storable_mixin.py:63
│                    └─ 0.006 ProductComment.create  pybend/core/models/storable_mixin.py:63
│                       └─ 0.006 SQLiteStorage.create  pybend/core/storage/sqlite_storage.py:93
│                          ├─ 0.006 Connection.commit  <built-in>
│                          └─ 0.000 Logger.info  logging/__init__.py:1529
│                                [4 frames hidden]  logging, threading
├─ 0.001 _SelectorSocketTransport._call_connection_lost  asyncio/selector_events.py:1191
│     [4 frames hidden]  asyncio, socket, <built-in>
└─ 0.000 RequestResponseCycle.run_asgi  uvicorn/protocols/http/h11_impl.py:401
      [3 frames hidden]  uvicorn, fastapi, starlette
         0.000 ServerErrorMiddleware.__call__  starlette/middleware/errors.py:150
         └─ 0.000 ProfilingMiddleware.__call__  pybend/core/tests/profiling/middleware.py:35
            └─ 0.000 JWTAuthMiddleware.__call__  starlette/middleware/base.py:98
               └─ 0.000 JWTAuthMiddleware.dispatch  pybend/core/api/backend.py:92
                  └─ 0.000 decode_token  pybend/core/authorize/auth.py:57
                     └─ 0.000 PyJWT.decode  jwt/api_jwt.py:306
                           [3 frames hidden]  jwt, <built-in>



========================================================================
POST /products/2/comment  ->  200  (7.8ms)
========================================================================

  _     ._   __/__   _ _  _  _ _/_   Recorded: 14:01:29  Samples:  3
 /_//_/// /_\ / //_// / //_'/ //     Duration: 0.008     CPU time: 0.002
/   _/                      v5.1.2

Profile at /code/pystack/pybend/src/pybend/example/../../pybend/core/tests/profiling/middleware.py:57

0.007 Handle._run  asyncio/events.py:86
├─ 0.007 coro  starlette/middleware/base.py:136
│     [11 frames hidden]  starlette, fastapi
│        0.006 run_endpoint_function  fastapi/routing.py:204
│        └─ 0.006 post_with_id  pybend/core/api/routes_fastapi.py:300
│           └─ 0.006 Product.comment  models/product.py:62
│              └─ 0.006 Comment.save  pybend/core/models/storable_mixin.py:36
│                 └─ 0.006 Comment.create  pybend/core/models/storable_mixin.py:63
│                    └─ 0.006 ProductComment.create  pybend/core/models/storable_mixin.py:63
│                       └─ 0.006 SQLiteStorage.create  pybend/core/storage/sqlite_storage.py:93
│                          └─ 0.006 Connection.commit  <built-in>
└─ 0.001 RequestResponseCycle.run_asgi  uvicorn/protocols/http/h11_impl.py:401
      [3 frames hidden]  uvicorn, fastapi, starlette
         0.001 ServerErrorMiddleware.__call__  starlette/middleware/errors.py:150
         └─ 0.001 ProfilingMiddleware.__call__  pybend/core/tests/profiling/middleware.py:35
            └─ 0.001 JWTAuthMiddleware.__call__  starlette/middleware/base.py:98
                  [3 frames hidden]  starlette, anyio



========================================================================
POST /products/1/favorite  ->  200  (7.7ms)
========================================================================

  _     ._   __/__   _ _  _  _ _/_   Recorded: 14:01:29  Samples:  3
 /_//_/// /_\ / //_// / //_'/ //     Duration: 0.008     CPU time: 0.002
/   _/                      v5.1.2

Profile at /code/pystack/pybend/src/pybend/example/../../pybend/core/tests/profiling/middleware.py:57

0.007 Handle._run  asyncio/events.py:86
├─ 0.007 coro  starlette/middleware/base.py:136
│     [11 frames hidden]  starlette, fastapi
│        0.006 run_endpoint_function  fastapi/routing.py:204
│        └─ 0.006 post_with_id  pybend/core/api/routes_fastapi.py:300
│           └─ 0.006 Product.favorite  models/product.py:72
│              └─ 0.006 ProductLike.delete  pybend/core/models/storable_mixin.py:125
│                 └─ 0.006 SQLiteStorage.delete  pybend/core/storage/sqlite_storage.py:584
│                    └─ 0.006 Connection.commit  <built-in>
└─ 0.001 _SelectorSocketTransport._read_ready  asyncio/selector_events.py:969
      [3 frames hidden]  asyncio



========================================================================
POST /products/2/favorite  ->  200  (7.7ms)
========================================================================

  _     ._   __/__   _ _  _  _ _/_   Recorded: 14:01:29  Samples:  3
 /_//_/// /_\ / //_// / //_'/ //     Duration: 0.008     CPU time: 0.002
/   _/                      v5.1.2

Profile at /code/pystack/pybend/src/pybend/example/../../pybend/core/tests/profiling/middleware.py:57

0.007 Handle._run  asyncio/events.py:86
├─ 0.007 coro  starlette/middleware/base.py:136
│     [16 frames hidden]  starlette, fastapi, anyio
│        0.006 run_endpoint_function  fastapi/routing.py:204
│        └─ 0.006 post_with_id  pybend/core/api/routes_fastapi.py:300
│           └─ 0.006 Product.favorite  models/product.py:72
│              └─ 0.006 Like.save  pybend/core/models/storable_mixin.py:36
│                 └─ 0.006 Like.create  pybend/core/models/storable_mixin.py:63
│                    └─ 0.006 ProductLike.create  pybend/core/models/storable_mixin.py:63
│                       └─ 0.006 SQLiteStorage.create  pybend/core/storage/sqlite_storage.py:93
│                          └─ 0.006 Connection.commit  <built-in>
└─ 0.001 RequestResponseCycle.run_asgi  uvicorn/protocols/http/h11_impl.py:401
      [3 frames hidden]  uvicorn, fastapi, starlette
         0.001 ServerErrorMiddleware.__call__  starlette/middleware/errors.py:150
         └─ 0.001 ProfilingMiddleware.__call__  pybend/core/tests/profiling/middleware.py:35
            └─ 0.001 JWTAuthMiddleware.__call__  starlette/middleware/base.py:98
                  [2 frames hidden]  anyio



========================================================================
POST /products/3/favorite  ->  200  (7.7ms)
========================================================================

  _     ._   __/__   _ _  _  _ _/_   Recorded: 14:01:29  Samples:  4
 /_//_/// /_\ / //_// / //_'/ //     Duration: 0.008     CPU time: 0.002
/   _/                      v5.1.2

Profile at /code/pystack/pybend/src/pybend/example/../../pybend/core/tests/profiling/middleware.py:57

0.008 Handle._run  asyncio/events.py:86
├─ 0.006 coro  starlette/middleware/base.py:136
│     [10 frames hidden]  starlette, fastapi
│        0.006 run_endpoint_function  fastapi/routing.py:204
│        └─ 0.006 post_with_id  pybend/core/api/routes_fastapi.py:300
│           └─ 0.006 Product.favorite  models/product.py:72
│              └─ 0.006 Like.save  pybend/core/models/storable_mixin.py:36
│                 └─ 0.006 Like.create  pybend/core/models/storable_mixin.py:63
│                    └─ 0.006 ProductLike.create  pybend/core/models/storable_mixin.py:63
│                       └─ 0.006 SQLiteStorage.create  pybend/core/storage/sqlite_storage.py:93
│                          ├─ 0.006 Connection.commit  <built-in>
│                          └─ 0.000 Logger.info  logging/__init__.py:1529
│                                [7 frames hidden]  logging
├─ 0.001 _SelectorSocketTransport._call_connection_lost  asyncio/selector_events.py:1191
│     [4 frames hidden]  asyncio, socket, <built-in>
└─ 0.001 _UnixSelectorEventLoop.create_task  asyncio/base_events.py:451



========================================================================
GET /Product  ->  200  (24.5ms)
========================================================================

  _     ._   __/__   _ _  _  _ _/_   Recorded: 14:01:34  Samples:  24
 /_//_/// /_\ / //_// / //_'/ //     Duration: 0.024     CPU time: 0.024
/   _/                      v5.1.2

Profile at /code/pystack/pybend/src/pybend/example/../../pybend/core/tests/profiling/middleware.py:57

0.024 Handle._run  asyncio/events.py:86
├─ 0.021 coro  starlette/middleware/base.py:136
│     [25 frames hidden]  starlette, fastapi, dataclasses, anyio
│        0.018 run_endpoint_function  fastapi/routing.py:204
│        └─ 0.018 get_model_schema  pybend/core/api/routes_fastapi.py:169
│           └─ 0.018 Product.schema  pybend/core/models/proto_model.py:197
│              ├─ 0.007 Product.referenced_json_schema  pybend/core/models/proto_model.py:319
│              │  └─ 0.007 Product.model_json_schema  pydantic/main.py:413
│              │        [18 frames hidden]  pydantic, <built-in>
│              │           0.003 new_handler_func  pydantic/json_schema.py:520
│              │           └─ 0.003 Product.__get_pydantic_json_schema__  pybend/core/models/proto_model.py:341
│              │              └─ 0.003 Product.__get_pydantic_json_schema__  pydantic/main.py:628
│              │                    [36 frames hidden]  pydantic
│              │                       0.001 new_handler_func  pydantic/json_schema.py:520
│              │                       └─ 0.001 Comment.__get_pydantic_json_schema__  pybend/core/models/proto_model.py:341
│              │                          └─ 0.001 Comment.__get_pydantic_json_schema__  pydantic/main.py:628
│              │                                [27 frames hidden]  pydantic
│              │           0.002 new_handler_func  pydantic/json_schema.py:520
│              │           └─ 0.002 User.__get_pydantic_json_schema__  pybend/core/models/proto_model.py:341
│              │              └─ 0.002 User.__get_pydantic_json_schema__  pydantic/main.py:628
│              │                    [37 frames hidden]  pydantic
│              │                       0.001 new_handler_func  pydantic/json_schema.py:520
│              │                       └─ 0.001 Like.__get_pydantic_json_schema__  pybend/core/models/proto_model.py:341
│              │                          └─ 0.001 Like.__get_pydantic_json_schema__  pydantic/main.py:628
│              │                                [28 frames hidden]  pydantic, contextlib
│              ├─ 0.006 Product.model_json_schema  pydantic/main.py:413
│              │     [16 frames hidden]  pydantic, copy
│              │        0.004 new_handler_func  pydantic/json_schema.py:520
│              │        └─ 0.004 Like.__get_pydantic_json_schema__  pybend/core/models/proto_model.py:341
│              │           └─ 0.004 Like.__get_pydantic_json_schema__  pydantic/main.py:628
│              │                 [48 frames hidden]  pydantic, re
│              │                    0.002 new_handler_func  pydantic/json_schema.py:520
│              │                    └─ 0.002 Comment.__get_pydantic_json_schema__  pybend/core/models/proto_model.py:341
│              │                       └─ 0.002 Comment.__get_pydantic_json_schema__  pydantic/main.py:628
│              │                             [32 frames hidden]  pydantic
│              ├─ 0.002 Product.__pybend_methods_json_signature__  pybend/core/models/proto_model.py:139
│              │  ├─ 0.001 signature  inspect.py:3308
│              │  │     [3 frames hidden]  inspect
│              │  └─ 0.001 get_type_hints  typing.py:2186
│              │        [2 frames hidden]  typing, <built-in>
│              ├─ 0.002 collect_all_referenced_models  pybend/core/utils/introspection.py:63
│              │  ├─ 0.001 collect_all_referenced_models  pybend/core/utils/introspection.py:63
│              │  │  └─ 0.001 collect_all_referenced_models  pybend/core/utils/introspection.py:63
│              │  │     └─ 0.001 User.__pybend_methods_json_signature__  pybend/core/models/proto_model.py:139
│              │  │        └─ 0.001 get_type_hints  typing.py:2186
│              │  │              [2 frames hidden]  typing, <built-in>
│              │  └─ 0.001 Product.__pybend_methods_json_signature__  pybend/core/models/proto_model.py:139
│              └─ 0.001 deepcopy  copy.py:118
│                    [12 frames hidden]  copy
└─ 0.003 RequestResponseCycle.run_asgi  uvicorn/protocols/http/h11_impl.py:401
      [3 frames hidden]  uvicorn, fastapi, starlette
         0.003 ServerErrorMiddleware.__call__  starlette/middleware/errors.py:150
         └─ 0.003 ProfilingMiddleware.__call__  pybend/core/tests/profiling/middleware.py:35
            └─ 0.003 JWTAuthMiddleware.__call__  starlette/middleware/base.py:98
                  [10 frames hidden]  anyio, importlib, <frozen abc>, datac...



========================================================================
POST /users/login  ->  200  (192.4ms)
========================================================================

  _     ._   __/__   _ _  _  _ _/_   Recorded: 14:01:34  Samples:  5
 /_//_/// /_\ / //_// / //_'/ //     Duration: 0.192     CPU time: 0.192
/   _/                      v5.1.2

Profile at /code/pystack/pybend/src/pybend/example/../../pybend/core/tests/profiling/middleware.py:57

0.192 Handle._run  asyncio/events.py:86
└─ 0.191 coro  starlette/middleware/base.py:136
      [10 frames hidden]  starlette, fastapi
         0.190 run_endpoint_function  fastapi/routing.py:204
         └─ 0.190 post_no_id  pybend/core/api/routes_fastapi.py:336
            └─ 0.190 User.login  pybend/core/models/base_user.py:74
               └─ 0.190 verify_password  pybend/core/authorize/auth.py:42
                  └─ 0.190 checkpw  <built-in>



========================================================================
GET /Product  ->  200  (4.6ms)
========================================================================

  _     ._   __/__   _ _  _  _ _/_   Recorded: 14:01:34  Samples:  5
 /_//_/// /_\ / //_// / //_'/ //     Duration: 0.005     CPU time: 0.005
/   _/                      v5.1.2

Profile at /code/pystack/pybend/src/pybend/example/../../pybend/core/tests/profiling/middleware.py:57

0.004 Handle._run  asyncio/events.py:86
├─ 0.004 coro  starlette/middleware/base.py:136
│     [21 frames hidden]  starlette, fastapi, anyio
│        0.001 str.startswith  <built-in>
│        0.001 jsonable_encoder  fastapi/encoders.py:102
│        0.001 run_endpoint_function  fastapi/routing.py:204
│        └─ 0.001 get_model_schema  pybend/core/api/routes_fastapi.py:169
│           └─ 0.001 Product.schema  pybend/core/models/proto_model.py:197
│              └─ 0.001 deepcopy  copy.py:118
│                    [12 frames hidden]  copy
│                       0.001 _deepcopy_dict  copy.py:217
│        0.001 Event.wait  asyncio/locks.py:199
│        └─ 0.001 [await]  asyncio/locks.py
└─ 0.000 RequestResponseCycle.run_asgi  uvicorn/protocols/http/h11_impl.py:401
      [3 frames hidden]  uvicorn, fastapi, starlette
         0.000 ServerErrorMiddleware.__call__  starlette/middleware/errors.py:150
         └─ 0.000 ProfilingMiddleware.__call__  pybend/core/tests/profiling/middleware.py:35
            └─ 0.000 JWTAuthMiddleware.__call__  starlette/middleware/base.py:98
               └─ 0.000 JWTAuthMiddleware.dispatch  pybend/core/api/backend.py:92
                  └─ 0.000 call_next  starlette/middleware/base.py:109
                        [5 frames hidden]  anyio, asyncio



========================================================================
GET /Product  ->  200  (4.5ms)
========================================================================

  _     ._   __/__   _ _  _  _ _/_   Recorded: 14:01:34  Samples:  4
 /_//_/// /_\ / //_// / //_'/ //     Duration: 0.004     CPU time: 0.004
/   _/                      v5.1.2

Profile at /code/pystack/pybend/src/pybend/example/../../pybend/core/tests/profiling/middleware.py:57

0.004 Handle._run  asyncio/events.py:86
├─ 0.003 coro  starlette/middleware/base.py:136
│     [16 frames hidden]  starlette, fastapi
│        0.002 jsonable_encoder  fastapi/encoders.py:102
│        └─ 0.001 [self]  fastapi/encoders.py
│           0.001 is_dataclass  dataclasses.py:1294
│        0.001 run_endpoint_function  fastapi/routing.py:204
│        └─ 0.001 get_model_schema  pybend/core/api/routes_fastapi.py:169
│           └─ 0.001 Product.schema  pybend/core/models/proto_model.py:197
│              └─ 0.001 deepcopy  copy.py:118
│                    [9 frames hidden]  copy, <built-in>
└─ 0.001 RequestResponseCycle.run_asgi  uvicorn/protocols/http/h11_impl.py:401
      [3 frames hidden]  uvicorn, fastapi, starlette
         0.001 ServerErrorMiddleware.__call__  starlette/middleware/errors.py:150
         └─ 0.001 ProfilingMiddleware.__call__  pybend/core/tests/profiling/middleware.py:35
            └─ 0.001 JWTAuthMiddleware.__call__  starlette/middleware/base.py:98
               └─ 0.001 JWTAuthMiddleware.dispatch  pybend/core/api/backend.py:92
                  └─ 0.001 call_next  starlette/middleware/base.py:109
                        [3 frames hidden]  anyio
                           0.001 Event.__init__  anyio/_backends/_asyncio.py:1776



========================================================================
GET /Product  ->  200  (4.4ms)
========================================================================

  _     ._   __/__   _ _  _  _ _/_   Recorded: 14:01:34  Samples:  4
 /_//_/// /_\ / //_// / //_'/ //     Duration: 0.004     CPU time: 0.004
/   _/                      v5.1.2

Profile at /code/pystack/pybend/src/pybend/example/../../pybend/core/tests/profiling/middleware.py:57

0.004 Handle._run  asyncio/events.py:86
├─ 0.003 coro  starlette/middleware/base.py:136
│     [17 frames hidden]  starlette, fastapi
│        0.001 isinstance  <built-in>
│        0.001 is_dataclass  dataclasses.py:1294
│        0.001 run_endpoint_function  fastapi/routing.py:204
│        └─ 0.001 get_model_schema  pybend/core/api/routes_fastapi.py:169
│           └─ 0.001 Product.schema  pybend/core/models/proto_model.py:197
│              └─ 0.001 deepcopy  copy.py:118
│                    [6 frames hidden]  copy
│                       0.001 dict.get  <built-in>
└─ 0.001 RequestResponseCycle.run_asgi  uvicorn/protocols/http/h11_impl.py:401
      [3 frames hidden]  uvicorn, fastapi, starlette
         0.001 ServerErrorMiddleware.__call__  starlette/middleware/errors.py:150
         └─ 0.001 ProfilingMiddleware.__call__  pybend/core/tests/profiling/middleware.py:35
            └─ 0.001 JWTAuthMiddleware.__call__  starlette/middleware/base.py:98
               └─ 0.001 _StreamingResponse.__call__  starlette/middleware/base.py:205
                  └─ 0.001 send_wrapper  pybend/core/tests/profiling/middleware.py:48
                     └─ 0.001 _send  starlette/middleware/errors.py:157
                           [4 frames hidden]  uvicorn, h11
                              0.001 write_headers  h11/_writers.py:22



========================================================================
GET /User  ->  200  (5.8ms)
========================================================================

  _     ._   __/__   _ _  _  _ _/_   Recorded: 14:01:34  Samples:  6
 /_//_/// /_\ / //_// / //_'/ //     Duration: 0.006     CPU time: 0.006
/   _/                      v5.1.2

Profile at /code/pystack/pybend/src/pybend/example/../../pybend/core/tests/profiling/middleware.py:57

0.005 Handle._run  asyncio/events.py:86
├─ 0.004 coro  starlette/middleware/base.py:136
│     [18 frames hidden]  starlette, fastapi, pydantic, <built-in>
│        0.003 run_endpoint_function  fastapi/routing.py:204
│        └─ 0.003 get_model_schema  pybend/core/api/routes_fastapi.py:169
│           └─ 0.003 User.schema  pybend/core/models/proto_model.py:197
│              ├─ 0.001 User.__pybend_methods_json_signature__  pybend/core/models/proto_model.py:139
│              │  └─ 0.001 get_type_hints  typing.py:2186
│              │        [2 frames hidden]  typing, <built-in>
│              ├─ 0.001 User.model_json_schema  pydantic/main.py:413
│              │     [4 frames hidden]  pydantic
│              │        0.001 new_handler_func  pydantic/json_schema.py:520
│              │        └─ 0.001 User.__get_pydantic_json_schema__  pybend/core/models/proto_model.py:341
│              │           └─ 0.001 User.__get_pydantic_json_schema__  pydantic/main.py:628
│              │                 [24 frames hidden]  pydantic, <built-in>
│              └─ 0.001 User.referenced_json_schema  pybend/core/models/proto_model.py:319
│                 └─ 0.001 User.model_json_schema  pydantic/main.py:413
│                       [4 frames hidden]  pydantic
│                          0.001 new_handler_func  pydantic/json_schema.py:520
│                          └─ 0.001 User.__get_pydantic_json_schema__  pybend/core/models/proto_model.py:341
│                             └─ 0.001 User.__get_pydantic_json_schema__  pydantic/main.py:628
│                                   [23 frames hidden]  pydantic
└─ 0.001 RequestResponseCycle.run_asgi  uvicorn/protocols/http/h11_impl.py:401
      [3 frames hidden]  uvicorn, fastapi, starlette
         0.001 ServerErrorMiddleware.__call__  starlette/middleware/errors.py:150
         └─ 0.001 ProfilingMiddleware.__call__  pybend/core/tests/profiling/middleware.py:35
            └─ 0.001 JWTAuthMiddleware.__call__  starlette/middleware/base.py:98
               └─ 0.001 _StreamingResponse.__call__  starlette/middleware/base.py:205
                  └─ 0.001 send_wrapper  pybend/core/tests/profiling/middleware.py:48
                     └─ 0.001 _send  starlette/middleware/errors.py:157
                           [3 frames hidden]  uvicorn, h11



========================================================================
GET /User  ->  200  (2.3ms)
========================================================================

  _     ._   __/__   _ _  _  _ _/_   Recorded: 14:01:34  Samples:  3
 /_//_/// /_\ / //_// / //_'/ //     Duration: 0.002     CPU time: 0.002
/   _/                      v5.1.2

Profile at /code/pystack/pybend/src/pybend/example/../../pybend/core/tests/profiling/middleware.py:57

0.002 Handle._run  asyncio/events.py:86
├─ 0.001 RequestResponseCycle.run_asgi  uvicorn/protocols/http/h11_impl.py:401
│     [3 frames hidden]  uvicorn, fastapi, starlette
│        0.001 ServerErrorMiddleware.__call__  starlette/middleware/errors.py:150
│        └─ 0.001 ProfilingMiddleware.__call__  pybend/core/tests/profiling/middleware.py:35
│           ├─ 0.001 JWTAuthMiddleware.__call__  starlette/middleware/base.py:98
│           │  └─ 0.001 TaskGroup.__aexit__  anyio/_backends/_asyncio.py:735
│           └─ 0.000 Profiler.start  pyinstrument/profiler.py:118
│                 [3 frames hidden]  pyinstrument
└─ 0.001 coro  starlette/middleware/base.py:136
      [19 frames hidden]  starlette, fastapi, dataclasses
         0.001 isinstance  <built-in>



========================================================================
GET /User  ->  200  (2.2ms)
========================================================================

  _     ._   __/__   _ _  _  _ _/_   Recorded: 14:01:34  Samples:  2
 /_//_/// /_\ / //_// / //_'/ //     Duration: 0.002     CPU time: 0.002
/   _/                      v5.1.2

Profile at /code/pystack/pybend/src/pybend/example/../../pybend/core/tests/profiling/middleware.py:57

0.002 Handle._run  asyncio/events.py:86
├─ 0.001 RequestResponseCycle.run_asgi  uvicorn/protocols/http/h11_impl.py:401
│     [3 frames hidden]  uvicorn, fastapi, starlette
│        0.001 ServerErrorMiddleware.__call__  starlette/middleware/errors.py:150
│        └─ 0.001 ProfilingMiddleware.__call__  pybend/core/tests/profiling/middleware.py:35
│           └─ 0.001 JWTAuthMiddleware.__call__  starlette/middleware/base.py:98
│                 [2 frames hidden]  starlette
│                    0.001 MemoryObjectReceiveStream.__anext__  anyio/abc/_streams.py:39
└─ 0.001 coro  starlette/middleware/base.py:136
      [14 frames hidden]  starlette, fastapi
         0.001 jsonable_encoder  fastapi/encoders.py:102



========================================================================
GET /products  ->  200  (2.7ms)
========================================================================

  _     ._   __/__   _ _  _  _ _/_   Recorded: 14:01:34  Samples:  2
 /_//_/// /_\ / //_// / //_'/ //     Duration: 0.003     CPU time: 0.003
/   _/                      v5.1.2

Profile at /code/pystack/pybend/src/pybend/example/../../pybend/core/tests/profiling/middleware.py:57

0.002 NoneType._run  asyncio/events.py:86
├─ 0.001 [self]  asyncio/events.py
└─ 0.001 coro  starlette/middleware/base.py:136
      [10 frames hidden]  starlette, fastapi
         0.001 run_endpoint_function  fastapi/routing.py:204
         └─ 0.001 list_all_instances  pybend/core/api/routes_fastapi.py:93
            └─ 0.001 Product.list  pybend/core/models/storable_mixin.py:91
               └─ 0.001 SQLiteStorage.list  pybend/core/storage/sqlite_storage.py:124
                  └─ 0.001 Product.__init__  pybend/core/models/proto_model.py:96
                     └─ 0.001 Mapping.__instancecheck__  <frozen abc>:117
                        └─ 0.001 _abc_instancecheck  <built-in>



========================================================================
GET /products  ->  200  (4.1ms)
========================================================================

  _     ._   __/__   _ _  _  _ _/_   Recorded: 14:01:34  Samples:  4
 /_//_/// /_\ / //_// / //_'/ //     Duration: 0.004     CPU time: 0.004
/   _/                      v5.1.2

Profile at /code/pystack/pybend/src/pybend/example/../../pybend/core/tests/profiling/middleware.py:57

0.003 Handle._run  asyncio/events.py:86
├─ 0.003 coro  starlette/middleware/base.py:136
│     [20 frames hidden]  starlette, fastapi, json
│        0.001 JSONEncoder.iterencode  json/encoder.py:205
│        0.001 jsonable_encoder  fastapi/encoders.py:102
│        0.001 run_endpoint_function  fastapi/routing.py:204
│        └─ 0.001 list_all_instances  pybend/core/api/routes_fastapi.py:93
│           └─ 0.001 Product.list  pybend/core/models/storable_mixin.py:91
│              └─ 0.001 SQLiteStorage.list  pybend/core/storage/sqlite_storage.py:124
│                 └─ 0.001 Product.__init__  pybend/core/models/proto_model.py:96
│                    └─ 0.001 ModelMetaclass.__instancecheck__  pydantic/_internal/_model_construction.py:248
│                       └─ 0.001 hasattr  <built-in>
└─ 0.000 RequestResponseCycle.run_asgi  uvicorn/protocols/http/h11_impl.py:401
      [3 frames hidden]  uvicorn, fastapi, starlette
         0.000 ServerErrorMiddleware.__call__  starlette/middleware/errors.py:150
         └─ 0.000 ProfilingMiddleware.__call__  pybend/core/tests/profiling/middleware.py:35
            └─ 0.000 JWTAuthMiddleware.__call__  starlette/middleware/base.py:98
               └─ 0.000 JWTAuthMiddleware.dispatch  pybend/core/api/backend.py:92
                  └─ 0.000 decode_token  pybend/core/authorize/auth.py:57
                     └─ 0.000 PyJWT.decode  jwt/api_jwt.py:306
                           [4 frames hidden]  jwt, json



========================================================================
GET /products  ->  200  (8.4ms)
========================================================================

  _     ._   __/__   _ _  _  _ _/_   Recorded: 14:01:34  Samples:  8
 /_//_/// /_\ / //_// / //_'/ //     Duration: 0.008     CPU time: 0.008
/   _/                      v5.1.2

Profile at /code/pystack/pybend/src/pybend/example/../../pybend/core/tests/profiling/middleware.py:57

0.008 Handle._run  asyncio/events.py:86
├─ 0.007 coro  starlette/middleware/base.py:136
│     [19 frames hidden]  starlette, fastapi
│        0.002 jsonable_encoder  fastapi/encoders.py:102
│        0.003 run_endpoint_function  fastapi/routing.py:204
│        └─ 0.003 list_all_instances  pybend/core/api/routes_fastapi.py:93
│           └─ 0.003 Product.list  pybend/core/models/storable_mixin.py:91
│              └─ 0.003 SQLiteStorage.list  pybend/core/storage/sqlite_storage.py:124
│                 ├─ 0.002 SQLiteStorage._populate_fields  pybend/core/storage/sqlite_storage.py:320
│                 │  ├─ 0.001 Cursor.fetchall  <built-in>
│                 │  └─ 0.001 [self]  pybend/core/storage/sqlite_storage.py
│                 └─ 0.001 [self]  pybend/core/storage/sqlite_storage.py
└─ 0.001 RequestResponseCycle.run_asgi  uvicorn/protocols/http/h11_impl.py:401
      [3 frames hidden]  uvicorn, fastapi, starlette
         0.001 ServerErrorMiddleware.__call__  starlette/middleware/errors.py:150
         └─ 0.001 ProfilingMiddleware.__call__  pybend/core/tests/profiling/middleware.py:35
            └─ 0.001 JWTAuthMiddleware.__call__  starlette/middleware/base.py:98
               └─ 0.001 _StreamingResponse.__call__  starlette/middleware/base.py:205
                  └─ 0.001 send_wrapper  pybend/core/tests/profiling/middleware.py:48
                     └─ 0.001 _send  starlette/middleware/errors.py:157
                           [5 frames hidden]  uvicorn, h11



========================================================================
GET /products  ->  200  (17.8ms)
========================================================================

  _     ._   __/__   _ _  _  _ _/_   Recorded: 14:01:34  Samples:  17
 /_//_/// /_\ / //_// / //_'/ //     Duration: 0.018     CPU time: 0.018
/   _/                      v5.1.2

Profile at /code/pystack/pybend/src/pybend/example/../../pybend/core/tests/profiling/middleware.py:57

0.017 Handle._run  asyncio/events.py:86
└─ 0.017 coro  starlette/middleware/base.py:136
      [26 frames hidden]  starlette, fastapi, dataclasses, <bui...
         0.006 run_endpoint_function  fastapi/routing.py:204
         └─ 0.006 list_all_instances  pybend/core/api/routes_fastapi.py:93
            └─ 0.006 Product.list  pybend/core/models/storable_mixin.py:91
               └─ 0.006 SQLiteStorage.list  pybend/core/storage/sqlite_storage.py:124
                  ├─ 0.005 SQLiteStorage._populate_fields  pybend/core/storage/sqlite_storage.py:320
                  │  ├─ 0.002 Cursor.execute  <built-in>
                  │  ├─ 0.002 ProductComment.model_dump  pybend/core/models/proto_model.py:117
                  │  │  └─ 0.002 ProductComment.model_dump  pydantic/main.py:309
                  │  │        [2 frames hidden]  <built-in>, pydantic
                  │  └─ 0.001 dict.get  <built-in>
                  └─ 0.001 [self]  pybend/core/storage/sqlite_storage.py



========================================================================
GET /products  ->  200  (17.6ms)
========================================================================

  _     ._   __/__   _ _  _  _ _/_   Recorded: 14:01:34  Samples:  17
 /_//_/// /_\ / //_// / //_'/ //     Duration: 0.018     CPU time: 0.018
/   _/                      v5.1.2

Profile at /code/pystack/pybend/src/pybend/example/../../pybend/core/tests/profiling/middleware.py:57

0.017 Handle._run  asyncio/events.py:86
└─ 0.017 coro  starlette/middleware/base.py:136
      [26 frames hidden]  starlette, fastapi, <built-in>, datac...
         0.007 run_endpoint_function  fastapi/routing.py:204
         └─ 0.007 list_all_instances  pybend/core/api/routes_fastapi.py:93
            └─ 0.007 Product.list  pybend/core/models/storable_mixin.py:91
               └─ 0.007 SQLiteStorage.list  pybend/core/storage/sqlite_storage.py:124
                  ├─ 0.006 SQLiteStorage._populate_fields  pybend/core/storage/sqlite_storage.py:320
                  │  ├─ 0.005 SQLiteStorage._populate_fields  pybend/core/storage/sqlite_storage.py:320
                  │  │  ├─ 0.002 CommentLike.model_dump  pybend/core/models/proto_model.py:117
                  │  │  │  ├─ 0.001 [self]  pybend/core/models/proto_model.py
                  │  │  │  └─ 0.001 User.model_dump  pydantic/main.py:309
                  │  │  │     └─ 0.001 SchemaSerializer.to_python  <built-in>
                  │  │  ├─ 0.001 Cursor.execute  <built-in>
                  │  │  ├─ 0.001 Cursor.fetchall  <built-in>
                  │  │  └─ 0.001 ProductComment.__getattr__  pydantic/main.py:781
                  │  └─ 0.001 Cursor.fetchall  <built-in>
                  └─ 0.001 [self]  pybend/core/storage/sqlite_storage.py



========================================================================
GET /products  ->  200  (43.5ms)
========================================================================

  _     ._   __/__   _ _  _  _ _/_   Recorded: 14:01:34  Samples:  44
 /_//_/// /_\ / //_// / //_'/ //     Duration: 0.043     CPU time: 0.043
/   _/                      v5.1.2

Profile at /code/pystack/pybend/src/pybend/example/../../pybend/core/tests/profiling/middleware.py:57

0.043 Handle._run  asyncio/events.py:86
├─ 0.042 coro  starlette/middleware/base.py:136
│     [44 frames hidden]  starlette, fastapi, <built-in>, datac...
│        0.015 run_endpoint_function  fastapi/routing.py:204
│        └─ 0.015 list_all_instances  pybend/core/api/routes_fastapi.py:93
│           └─ 0.015 Product.list  pybend/core/models/storable_mixin.py:91
│              └─ 0.015 SQLiteStorage.list  pybend/core/storage/sqlite_storage.py:124
│                 └─ 0.015 SQLiteStorage._populate_fields  pybend/core/storage/sqlite_storage.py:320
│                    ├─ 0.011 SQLiteStorage._populate_fields  pybend/core/storage/sqlite_storage.py:320
│                    │  ├─ 0.004 User.__init__  pybend/core/models/proto_model.py:96
│                    │  │  ├─ 0.003 [self]  pybend/core/models/proto_model.py
│                    │  │  └─ 0.001 SchemaValidator.validate_python  <built-in>
│                    │  ├─ 0.003 Cursor.execute  <built-in>
│                    │  ├─ 0.001 _validate_identifier  pybend/core/storage/sqlite_storage.py:22
│                    │  │  └─ 0.001 match  re/__init__.py:164
│                    │  │        [2 frames hidden]  re, <built-in>
│                    │  ├─ 0.001 str.rsplit  <built-in>
│                    │  ├─ 0.001 ProductLike.__getattr__  pydantic/main.py:781
│                    │  └─ 0.001 list.append  <built-in>
│                    ├─ 0.001 Cursor.fetchall  <built-in>
│                    ├─ 0.001 Product.__getattr__  pydantic/main.py:781
│                    ├─ 0.001 ProductComment.__init__  pybend/core/models/proto_model.py:96
│                    └─ 0.001 dict.get  <built-in>
└─ 0.001 RequestResponseCycle.run_asgi  uvicorn/protocols/http/h11_impl.py:401
      [3 frames hidden]  uvicorn, fastapi, starlette
         0.001 ServerErrorMiddleware.__call__  starlette/middleware/errors.py:150
         └─ 0.001 ProfilingMiddleware.__call__  pybend/core/tests/profiling/middleware.py:35
            └─ 0.001 JWTAuthMiddleware.__call__  starlette/middleware/base.py:98



========================================================================
GET /products  ->  200  (4.6ms)
========================================================================

  _     ._   __/__   _ _  _  _ _/_   Recorded: 14:01:34  Samples:  4
 /_//_/// /_\ / //_// / //_'/ //     Duration: 0.005     CPU time: 0.005
/   _/                      v5.1.2

Profile at /code/pystack/pybend/src/pybend/example/../../pybend/core/tests/profiling/middleware.py:57

0.004 Handle._run  asyncio/events.py:86
└─ 0.004 coro  starlette/middleware/base.py:136
      [27 frames hidden]  starlette, fastapi, anyio
         0.001 run_endpoint_function  fastapi/routing.py:204
         └─ 0.001 list_all_instances  pybend/core/api/routes_fastapi.py:93
            └─ 0.001 _serialize  pybend/core/api/routes_fastapi.py:34
               └─ 0.001 Product.model_dump  pybend/core/models/proto_model.py:117
                  └─ 0.001 Product.model_dump  pydantic/main.py:309
                     └─ 0.001 SchemaSerializer.to_python  <built-in>
         0.001 is_dataclass  dataclasses.py:1294
         0.001 AsyncIOBackend.checkpoint  anyio/_backends/_asyncio.py:2356



========================================================================
GET /users  ->  200  (1.9ms)
========================================================================

  _     ._   __/__   _ _  _  _ _/_   Recorded: 14:01:34  Samples:  2
 /_//_/// /_\ / //_// / //_'/ //     Duration: 0.002     CPU time: 0.002
/   _/                      v5.1.2

Profile at /code/pystack/pybend/src/pybend/example/../../pybend/core/tests/profiling/middleware.py:57

0.002 Handle._run  asyncio/events.py:86
├─ 0.001 RequestResponseCycle.run_asgi  uvicorn/protocols/http/h11_impl.py:401
│     [3 frames hidden]  uvicorn, fastapi, starlette
│        0.001 ServerErrorMiddleware.__call__  starlette/middleware/errors.py:150
│        └─ 0.001 ProfilingMiddleware.__call__  pybend/core/tests/profiling/middleware.py:35
│           └─ 0.001 JWTAuthMiddleware.__call__  starlette/middleware/base.py:98
│              └─ 0.001 _StreamingResponse.__call__  starlette/middleware/base.py:205
│                 └─ 0.001 send_wrapper  pybend/core/tests/profiling/middleware.py:48
│                    └─ 0.001 _send  starlette/middleware/errors.py:157
│                          [4 frames hidden]  uvicorn, h11
│                             0.001 Connection._extract_next_receive_event  h11/_connection.py:410
└─ 0.001 coro  starlette/middleware/base.py:136
      [10 frames hidden]  starlette, fastapi
         0.001 run_endpoint_function  fastapi/routing.py:204
         └─ 0.001 list_all_instances  pybend/core/api/routes_fastapi.py:93
            └─ 0.001 User.list  pybend/core/models/storable_mixin.py:91
               └─ 0.001 SQLiteStorage.list  pybend/core/storage/sqlite_storage.py:124
                  └─ 0.001 Cursor.fetchall  <built-in>



========================================================================
GET /products/1  ->  200  (1.6ms)
========================================================================

  _     ._   __/__   _ _  _  _ _/_   Recorded: 14:01:34  Samples:  2
 /_//_/// /_\ / //_// / //_'/ //     Duration: 0.002     CPU time: 0.002
/   _/                      v5.1.2

Profile at /code/pystack/pybend/src/pybend/example/../../pybend/core/tests/profiling/middleware.py:57

0.001 ProfilingMiddleware.__call__  pybend/core/tests/profiling/middleware.py:35
├─ 0.001 JWTAuthMiddleware.__call__  starlette/middleware/base.py:98
│  └─ 0.001 _StreamingResponse.__call__  starlette/middleware/base.py:205
│     └─ 0.001 send_wrapper  pybend/core/tests/profiling/middleware.py:48
│        └─ 0.001 _send  starlette/middleware/errors.py:157
│              [2 frames hidden]  uvicorn, h11
│                 0.001 normalize_and_validate  h11/_headers.py:152
└─ 0.000 Profiler.start  pyinstrument/profiler.py:118
      [3 frames hidden]  pyinstrument



========================================================================
GET /products/2  ->  200  (1.5ms)
========================================================================

  _     ._   __/__   _ _  _  _ _/_   Recorded: 14:01:34  Samples:  1
 /_//_/// /_\ / //_// / //_'/ //     Duration: 0.001     CPU time: 0.001
/   _/                      v5.1.2

Profile at /code/pystack/pybend/src/pybend/example/../../pybend/core/tests/profiling/middleware.py:57

0.001 Handle._run  asyncio/events.py:86
└─ 0.001 coro  starlette/middleware/base.py:136
      [13 frames hidden]  starlette, fastapi
         0.001 jsonable_encoder  fastapi/encoders.py:102



========================================================================
GET /products/3  ->  200  (1.5ms)
========================================================================

  _     ._   __/__   _ _  _  _ _/_   Recorded: 14:01:34  Samples:  2
 /_//_/// /_\ / //_// / //_'/ //     Duration: 0.001     CPU time: 0.001
/   _/                      v5.1.2

Profile at /code/pystack/pybend/src/pybend/example/../../pybend/core/tests/profiling/middleware.py:57

0.001 Handle._run  asyncio/events.py:86
├─ 0.001 coro  starlette/middleware/base.py:136
│     [15 frames hidden]  starlette, anyio
│        0.001 Event.wait  asyncio/locks.py:199
│        └─ 0.001 [await]  asyncio/locks.py
└─ 0.000 RequestResponseCycle.run_asgi  uvicorn/protocols/http/h11_impl.py:401
      [3 frames hidden]  uvicorn, fastapi, starlette
         0.000 ServerErrorMiddleware.__call__  starlette/middleware/errors.py:150
         └─ 0.000 ProfilingMiddleware.__call__  pybend/core/tests/profiling/middleware.py:35
            └─ 0.000 JWTAuthMiddleware.__call__  starlette/middleware/base.py:98
               └─ 0.000 Event.__init__  anyio/_backends/_asyncio.py:1776



========================================================================
GET /products/1  ->  200  (2.1ms)
========================================================================

  _     ._   __/__   _ _  _  _ _/_   Recorded: 14:01:34  Samples:  2
 /_//_/// /_\ / //_// / //_'/ //     Duration: 0.002     CPU time: 0.002
/   _/                      v5.1.2

Profile at /code/pystack/pybend/src/pybend/example/../../pybend/core/tests/profiling/middleware.py:57

0.002 NoneType._run  asyncio/events.py:86
├─ 0.001 [self]  asyncio/events.py
└─ 0.001 coro  starlette/middleware/base.py:136
      [15 frames hidden]  starlette, fastapi
         0.001 jsonable_encoder  fastapi/encoders.py:102



========================================================================
GET /products/2  ->  200  (2.1ms)
========================================================================

  _     ._   __/__   _ _  _  _ _/_   Recorded: 14:01:34  Samples:  2
 /_//_/// /_\ / //_// / //_'/ //     Duration: 0.002     CPU time: 0.002
/   _/                      v5.1.2

Profile at /code/pystack/pybend/src/pybend/example/../../pybend/core/tests/profiling/middleware.py:57

0.002 Handle._run  asyncio/events.py:86
└─ 0.002 coro  starlette/middleware/base.py:136
      [16 frames hidden]  starlette, anyio, fastapi
         0.001 Event.wait  asyncio/locks.py:199
         └─ 0.001 [await]  asyncio/locks.py
         0.001 run_endpoint_function  fastapi/routing.py:204
         └─ 0.001 read_instance  pybend/core/api/routes_fastapi.py:184
            └─ 0.001 Product.get  pybend/core/models/storable_mixin.py:102
               └─ 0.001 SQLiteStorage.get  pybend/core/storage/sqlite_storage.py:240
                  └─ 0.001 SQLiteStorage._populate_fields  pybend/core/storage/sqlite_storage.py:320
                     └─ 0.001 ProductLike.__init__  pybend/core/models/proto_model.py:96



========================================================================
GET /products/3  ->  200  (2.1ms)
========================================================================

  _     ._   __/__   _ _  _  _ _/_   Recorded: 14:01:34  Samples:  2
 /_//_/// /_\ / //_// / //_'/ //     Duration: 0.002     CPU time: 0.002
/   _/                      v5.1.2

Profile at /code/pystack/pybend/src/pybend/example/../../pybend/core/tests/profiling/middleware.py:57

0.002 Handle._run  asyncio/events.py:86
├─ 0.001 RequestResponseCycle.run_asgi  uvicorn/protocols/http/h11_impl.py:401
│     [3 frames hidden]  uvicorn, fastapi, starlette
│        0.001 ServerErrorMiddleware.__call__  starlette/middleware/errors.py:150
│        └─ 0.001 ProfilingMiddleware.__call__  pybend/core/tests/profiling/middleware.py:35
│           └─ 0.001 JWTAuthMiddleware.__call__  starlette/middleware/base.py:98
│              └─ 0.001 _StreamingResponse.__call__  starlette/middleware/base.py:205
│                 └─ 0.001 send_wrapper  pybend/core/tests/profiling/middleware.py:48
│                    └─ 0.001 _send  starlette/middleware/errors.py:157
│                          [2 frames hidden]  uvicorn, asyncio
│                             0.001 socket.send  <built-in>
└─ 0.001 coro  starlette/middleware/base.py:136
      [10 frames hidden]  starlette, fastapi
         0.001 run_endpoint_function  fastapi/routing.py:204
         └─ 0.001 read_instance  pybend/core/api/routes_fastapi.py:184
            └─ 0.001 Product.get  pybend/core/models/storable_mixin.py:102
               └─ 0.001 SQLiteStorage.get  pybend/core/storage/sqlite_storage.py:240
                  └─ 0.001 SQLiteStorage._populate_fields  pybend/core/storage/sqlite_storage.py:320
                     └─ 0.001 ProductLike.__init__  pybend/core/models/proto_model.py:96



========================================================================
GET /products/1  ->  200  (3.1ms)
========================================================================

  _     ._   __/__   _ _  _  _ _/_   Recorded: 14:01:34  Samples:  3
 /_//_/// /_\ / //_// / //_'/ //     Duration: 0.003     CPU time: 0.003
/   _/                      v5.1.2

Profile at /code/pystack/pybend/src/pybend/example/../../pybend/core/tests/profiling/middleware.py:57

0.002 Handle._run  asyncio/events.py:86
├─ 0.002 coro  starlette/middleware/base.py:136
│     [16 frames hidden]  starlette, fastapi
│        0.001 run_endpoint_function  fastapi/routing.py:204
│        └─ 0.001 read_instance  pybend/core/api/routes_fastapi.py:184
│           └─ 0.001 Product.get  pybend/core/models/storable_mixin.py:102
│              └─ 0.001 SQLiteStorage.get  pybend/core/storage/sqlite_storage.py:240
│                 └─ 0.001 SQLiteStorage._populate_fields  pybend/core/storage/sqlite_storage.py:320
│                    └─ 0.001 SQLiteStorage._populate_fields  pybend/core/storage/sqlite_storage.py:320
│                       └─ 0.001 Cursor.fetchall  <built-in>
│        0.001 is_dataclass  dataclasses.py:1294
└─ 0.000 RequestResponseCycle.run_asgi  uvicorn/protocols/http/h11_impl.py:401
      [3 frames hidden]  uvicorn, fastapi, starlette
         0.000 ServerErrorMiddleware.__call__  starlette/middleware/errors.py:150
         └─ 0.000 ProfilingMiddleware.__call__  pybend/core/tests/profiling/middleware.py:35
            └─ 0.000 JWTAuthMiddleware.__call__  starlette/middleware/base.py:98
               └─ 0.000 create_memory_object_stream.__new__  anyio/_core/_streams.py:36



========================================================================
GET /products/2  ->  200  (3.0ms)
========================================================================

  _     ._   __/__   _ _  _  _ _/_   Recorded: 14:01:34  Samples:  3
 /_//_/// /_\ / //_// / //_'/ //     Duration: 0.003     CPU time: 0.003
/   _/                      v5.1.2

Profile at /code/pystack/pybend/src/pybend/example/../../pybend/core/tests/profiling/middleware.py:57

0.002 Handle._run  asyncio/events.py:86
├─ 0.002 coro  starlette/middleware/base.py:136
│     [16 frames hidden]  starlette, fastapi
│        0.001 run_endpoint_function  fastapi/routing.py:204
│        └─ 0.001 read_instance  pybend/core/api/routes_fastapi.py:184
│           └─ 0.001 Product.get  pybend/core/models/storable_mixin.py:102
│              └─ 0.001 SQLiteStorage.get  pybend/core/storage/sqlite_storage.py:240
│                 └─ 0.001 SQLiteStorage._populate_fields  pybend/core/storage/sqlite_storage.py:320
│                    └─ 0.001 SQLiteStorage._populate_fields  pybend/core/storage/sqlite_storage.py:320
│                       └─ 0.001 Cursor.fetchall  <built-in>
│        0.001 isinstance  <built-in>
└─ 0.000 RequestResponseCycle.run_asgi  uvicorn/protocols/http/h11_impl.py:401
      [3 frames hidden]  uvicorn, fastapi, starlette
         0.000 ServerErrorMiddleware.__call__  starlette/middleware/errors.py:150
         └─ 0.000 ProfilingMiddleware.__call__  pybend/core/tests/profiling/middleware.py:35
            └─ 0.000 JWTAuthMiddleware.__call__  starlette/middleware/base.py:98
                  [2 frames hidden]  starlette



========================================================================
GET /products/3  ->  200  (3.0ms)
========================================================================

  _     ._   __/__   _ _  _  _ _/_   Recorded: 14:01:34  Samples:  3
 /_//_/// /_\ / //_// / //_'/ //     Duration: 0.003     CPU time: 0.003
/   _/                      v5.1.2

Profile at /code/pystack/pybend/src/pybend/example/../../pybend/core/tests/profiling/middleware.py:57

0.002 _UnixSelectorEventLoop._run_once  asyncio/base_events.py:1910
├─ 0.002 Handle._run  asyncio/events.py:86
│     [17 frames hidden]  starlette, fastapi
│        0.002 APIRouter.__call__  starlette/routing.py:710
│        └─ 0.001 [self]  starlette/routing.py
│           0.001 ModelMetaclass.__instancecheck__  pydantic/_internal/_model_construction.py:248
└─ 0.000 [self]  asyncio/base_events.py



========================================================================
GET /users/1  ->  200  (1.4ms)
========================================================================

  _     ._   __/__   _ _  _  _ _/_   Recorded: 14:01:34  Samples:  1
 /_//_/// /_\ / //_// / //_'/ //     Duration: 0.001     CPU time: 0.001
/   _/                      v5.1.2

Profile at /code/pystack/pybend/src/pybend/example/../../pybend/core/tests/profiling/middleware.py:57

0.001 ProfilingMiddleware.__call__  pybend/core/tests/profiling/middleware.py:35
└─ 0.001 JWTAuthMiddleware.__call__  starlette/middleware/base.py:98
   └─ 0.001 _StreamingResponse.__call__  starlette/middleware/base.py:205
      └─ 0.001 send_wrapper  pybend/core/tests/profiling/middleware.py:48
         └─ 0.001 _send  starlette/middleware/errors.py:157



========================================================================
GET /products/1/comments  ->  200  (3.4ms)
========================================================================

  _     ._   __/__   _ _  _  _ _/_   Recorded: 14:01:34  Samples:  3
 /_//_/// /_\ / //_// / //_'/ //     Duration: 0.003     CPU time: 0.003
/   _/                      v5.1.2

Profile at /code/pystack/pybend/src/pybend/example/../../pybend/core/tests/profiling/middleware.py:57

0.003 Handle._run  asyncio/events.py:86
├─ 0.002 coro  starlette/middleware/base.py:136
│     [10 frames hidden]  starlette, fastapi
│        0.002 run_endpoint_function  fastapi/routing.py:204
│        └─ 0.002 list_all_instances  pybend/core/api/routes_fastapi.py:93
│           └─ 0.002 ProductComment.list  pybend/core/models/storable_mixin.py:91
│              └─ 0.002 SQLiteStorage.list  pybend/core/storage/sqlite_storage.py:124
│                 ├─ 0.001 ProductComment.__init__  pybend/core/models/proto_model.py:96
│                 └─ 0.001 [self]  pybend/core/storage/sqlite_storage.py
└─ 0.001 RequestResponseCycle.run_asgi  uvicorn/protocols/http/h11_impl.py:401
      [3 frames hidden]  uvicorn, fastapi, starlette
         0.001 ServerErrorMiddleware.__call__  starlette/middleware/errors.py:150
         └─ 0.001 ProfilingMiddleware.__call__  pybend/core/tests/profiling/middleware.py:35
            └─ 0.001 JWTAuthMiddleware.__call__  starlette/middleware/base.py:98
               └─ 0.001 _StreamingResponse.__call__  starlette/middleware/base.py:205
                  └─ 0.001 send_wrapper  pybend/core/tests/profiling/middleware.py:48
                     └─ 0.001 _send  starlette/middleware/errors.py:157
                           [3 frames hidden]  uvicorn, logging
                              0.001 Logger.findCaller  logging/__init__.py:1611



========================================================================
GET /products/2/comments  ->  200  (3.2ms)
========================================================================

  _     ._   __/__   _ _  _  _ _/_   Recorded: 14:01:34  Samples:  3
 /_//_/// /_\ / //_// / //_'/ //     Duration: 0.003     CPU time: 0.003
/   _/                      v5.1.2

Profile at /code/pystack/pybend/src/pybend/example/../../pybend/core/tests/profiling/middleware.py:57

0.003 Handle._run  asyncio/events.py:86
├─ 0.002 coro  starlette/middleware/base.py:136
│     [10 frames hidden]  starlette, fastapi
│        0.002 run_endpoint_function  fastapi/routing.py:204
│        └─ 0.002 list_all_instances  pybend/core/api/routes_fastapi.py:93
│           └─ 0.002 ProductComment.list  pybend/core/models/storable_mixin.py:91
│              └─ 0.002 SQLiteStorage.list  pybend/core/storage/sqlite_storage.py:124
│                 ├─ 0.001 ProductComment.__init__  pybend/core/models/proto_model.py:96
│                 │  └─ 0.001 ProductComment.__setattr__  pydantic/main.py:813
│                 └─ 0.001 [self]  pybend/core/storage/sqlite_storage.py
└─ 0.001 RequestResponseCycle.run_asgi  uvicorn/protocols/http/h11_impl.py:401
      [3 frames hidden]  uvicorn, fastapi, starlette
         0.001 ServerErrorMiddleware.__call__  starlette/middleware/errors.py:150
         └─ 0.001 ProfilingMiddleware.__call__  pybend/core/tests/profiling/middleware.py:35
            └─ 0.001 JWTAuthMiddleware.__call__  starlette/middleware/base.py:98
               └─ 0.001 _StreamingResponse.__call__  starlette/middleware/base.py:205
                  └─ 0.001 send_wrapper  pybend/core/tests/profiling/middleware.py:48
                     └─ 0.001 _send  starlette/middleware/errors.py:157



========================================================================
GET /products/1/favorites  ->  200  (2.2ms)
========================================================================

  _     ._   __/__   _ _  _  _ _/_   Recorded: 14:01:34  Samples:  2
 /_//_/// /_\ / //_// / //_'/ //     Duration: 0.002     CPU time: 0.002
/   _/                      v5.1.2

Profile at /code/pystack/pybend/src/pybend/example/../../pybend/core/tests/profiling/middleware.py:57

0.002 NoneType._run  asyncio/events.py:86
├─ 0.001 [self]  asyncio/events.py
└─ 0.001 coro  starlette/middleware/base.py:136
      [10 frames hidden]  starlette, fastapi
         0.001 run_endpoint_function  fastapi/routing.py:204
         └─ 0.001 list_all_instances  pybend/core/api/routes_fastapi.py:93
            └─ 0.001 ProductLike.list  pybend/core/models/storable_mixin.py:91
               └─ 0.001 SQLiteStorage.list  pybend/core/storage/sqlite_storage.py:124



========================================================================
GET /products/2/favorites  ->  200  (2.0ms)
========================================================================

  _     ._   __/__   _ _  _  _ _/_   Recorded: 14:01:34  Samples:  2
 /_//_/// /_\ / //_// / //_'/ //     Duration: 0.002     CPU time: 0.002
/   _/                      v5.1.2

Profile at /code/pystack/pybend/src/pybend/example/../../pybend/core/tests/profiling/middleware.py:57

0.002 Handle._run  asyncio/events.py:86
└─ 0.002 coro  starlette/middleware/base.py:136
      [13 frames hidden]  starlette, fastapi
         0.001 send_no_error  starlette/middleware/base.py:129
         0.001 run_endpoint_function  fastapi/routing.py:204
         └─ 0.001 list_all_instances  pybend/core/api/routes_fastapi.py:93
            └─ 0.001 ProductLike.list  pybend/core/models/storable_mixin.py:91
               └─ 0.001 SQLiteStorage.list  pybend/core/storage/sqlite_storage.py:124
                  └─ 0.001 ProductLike.__init__  pybend/core/models/proto_model.py:96
                     └─ 0.001 ProductLike.__setattr__  pydantic/main.py:813



========================================================================
POST /users/login  ->  200  (184.8ms)
========================================================================

  _     ._   __/__   _ _  _  _ _/_   Recorded: 14:01:34  Samples:  4
 /_//_/// /_\ / //_// / //_'/ //     Duration: 0.185     CPU time: 0.185
/   _/                      v5.1.2

Profile at /code/pystack/pybend/src/pybend/example/../../pybend/core/tests/profiling/middleware.py:57

0.184 Handle._run  asyncio/events.py:86
└─ 0.184 coro  starlette/middleware/base.py:136
      [10 frames hidden]  starlette, fastapi
         0.183 run_endpoint_function  fastapi/routing.py:204
         └─ 0.183 post_no_id  pybend/core/api/routes_fastapi.py:336
            └─ 0.183 User.login  pybend/core/models/base_user.py:74
               └─ 0.183 verify_password  pybend/core/authorize/auth.py:42
                  └─ 0.183 checkpw  <built-in>



========================================================================
POST /products  ->  201  (25.0ms)
========================================================================

  _     ._   __/__   _ _  _  _ _/_   Recorded: 14:01:35  Samples:  7
 /_//_/// /_\ / //_// / //_'/ //     Duration: 0.025     CPU time: 0.006
/   _/                      v5.1.2

Profile at /code/pystack/pybend/src/pybend/example/../../pybend/core/tests/profiling/middleware.py:57

0.024 Handle._run  asyncio/events.py:86
├─ 0.023 coro  starlette/middleware/base.py:136
│     [40 frames hidden]  starlette, fastapi, <string>, pydanti...
│        0.019 run_endpoint_function  fastapi/routing.py:204
│        └─ 0.019 create_instance  pybend/core/api/routes_fastapi.py:60
│           └─ 0.019 Product.create  pybend/core/models/storable_mixin.py:63
│              └─ 0.019 SQLiteStorage.create  pybend/core/storage/sqlite_storage.py:93
│                 └─ 0.019 Connection.commit  <built-in>
└─ 0.001 [self]  asyncio/events.py



========================================================================
POST /products  ->  201  (8.3ms)
========================================================================

  _     ._   __/__   _ _  _  _ _/_   Recorded: 14:01:35  Samples:  3
 /_//_/// /_\ / //_// / //_'/ //     Duration: 0.008     CPU time: 0.003
/   _/                      v5.1.2

Profile at /code/pystack/pybend/src/pybend/example/../../pybend/core/tests/profiling/middleware.py:57

0.008 Handle._run  asyncio/events.py:86
└─ 0.008 coro  starlette/middleware/base.py:136
      [14 frames hidden]  starlette, fastapi, anyio, <built-in>
         0.006 run_endpoint_function  fastapi/routing.py:204
         └─ 0.006 create_instance  pybend/core/api/routes_fastapi.py:60
            └─ 0.006 Product.create  pybend/core/models/storable_mixin.py:63
               └─ 0.006 SQLiteStorage.create  pybend/core/storage/sqlite_storage.py:93
                  └─ 0.006 Connection.commit  <built-in>



========================================================================
POST /products  ->  201  (8.1ms)
========================================================================

  _     ._   __/__   _ _  _  _ _/_   Recorded: 14:01:35  Samples:  4
 /_//_/// /_\ / //_// / //_'/ //     Duration: 0.008     CPU time: 0.003
/   _/                      v5.1.2

Profile at /code/pystack/pybend/src/pybend/example/../../pybend/core/tests/profiling/middleware.py:57

0.008 _UnixSelectorEventLoop.run_forever  asyncio/base_events.py:627
├─ 0.007 _UnixSelectorEventLoop._run_once  asyncio/base_events.py:1910
│     [13 frames hidden]  asyncio, starlette, fastapi
│        0.006 run_endpoint_function  fastapi/routing.py:204
│        └─ 0.006 create_instance  pybend/core/api/routes_fastapi.py:60
│           └─ 0.006 Product.create  pybend/core/models/storable_mixin.py:63
│              └─ 0.006 SQLiteStorage.create  pybend/core/storage/sqlite_storage.py:93
│                 ├─ 0.006 Connection.commit  <built-in>
│                 └─ 0.000 Logger.info  logging/__init__.py:1529
│                       [7 frames hidden]  logging
└─ 0.001 [self]  asyncio/base_events.py



========================================================================
POST /products/1/comment  ->  200  (8.5ms)
========================================================================

  _     ._   __/__   _ _  _  _ _/_   Recorded: 14:01:35  Samples:  3
 /_//_/// /_\ / //_// / //_'/ //     Duration: 0.009     CPU time: 0.003
/   _/                      v5.1.2

Profile at /code/pystack/pybend/src/pybend/example/../../pybend/core/tests/profiling/middleware.py:57

0.008 Handle._run  asyncio/events.py:86
├─ 0.006 coro  starlette/middleware/base.py:136
│     [10 frames hidden]  starlette, fastapi
│        0.006 run_endpoint_function  fastapi/routing.py:204
│        └─ 0.006 post_with_id  pybend/core/api/routes_fastapi.py:300
│           └─ 0.006 Product.comment  models/product.py:62
│              └─ 0.006 Comment.save  pybend/core/models/storable_mixin.py:36
│                 └─ 0.006 Comment.create  pybend/core/models/storable_mixin.py:63
│                    └─ 0.006 ProductComment.create  pybend/core/models/storable_mixin.py:63
│                       └─ 0.006 SQLiteStorage.create  pybend/core/storage/sqlite_storage.py:93
│                          └─ 0.006 Connection.commit  <built-in>
├─ 0.001 [self]  asyncio/events.py
└─ 0.001 RequestResponseCycle.run_asgi  uvicorn/protocols/http/h11_impl.py:401
      [3 frames hidden]  uvicorn, fastapi, starlette
         0.001 ServerErrorMiddleware.__call__  starlette/middleware/errors.py:150
         └─ 0.001 ProfilingMiddleware.__call__  pybend/core/tests/profiling/middleware.py:35
            └─ 0.001 JWTAuthMiddleware.__call__  starlette/middleware/base.py:98
               └─ 0.001 _StreamingResponse.__call__  starlette/middleware/base.py:205
                  └─ 0.001 send_wrapper  pybend/core/tests/profiling/middleware.py:48
                     └─ 0.001 _send  starlette/middleware/errors.py:157



========================================================================
POST /products/2/comment  ->  200  (8.2ms)
========================================================================

  _     ._   __/__   _ _  _  _ _/_   Recorded: 14:01:35  Samples:  4
 /_//_/// /_\ / //_// / //_'/ //     Duration: 0.008     CPU time: 0.003
/   _/                      v5.1.2

Profile at /code/pystack/pybend/src/pybend/example/../../pybend/core/tests/profiling/middleware.py:57

0.008 Handle._run  asyncio/events.py:86
├─ 0.007 coro  starlette/middleware/base.py:136
│     [13 frames hidden]  starlette, fastapi
│        0.006 run_endpoint_function  fastapi/routing.py:204
│        └─ 0.006 post_with_id  pybend/core/api/routes_fastapi.py:300
│           └─ 0.006 Product.comment  models/product.py:62
│              └─ 0.006 Comment.save  pybend/core/models/storable_mixin.py:36
│                 └─ 0.006 Comment.create  pybend/core/models/storable_mixin.py:63
│                    └─ 0.006 ProductComment.create  pybend/core/models/storable_mixin.py:63
│                       └─ 0.006 SQLiteStorage.create  pybend/core/storage/sqlite_storage.py:93
│                          └─ 0.006 Connection.commit  <built-in>
└─ 0.001 _SelectorSocketTransport._call_connection_lost  asyncio/selector_events.py:1191
      [6 frames hidden]  asyncio, uvicorn, h11



========================================================================
POST /products/1/favorite  ->  200  (7.8ms)
========================================================================

  _     ._   __/__   _ _  _  _ _/_   Recorded: 14:01:35  Samples:  3
 /_//_/// /_\ / //_// / //_'/ //     Duration: 0.008     CPU time: 0.002
/   _/                      v5.1.2

Profile at /code/pystack/pybend/src/pybend/example/../../pybend/core/tests/profiling/middleware.py:57

0.008 Handle._run  asyncio/events.py:86
├─ 0.006 coro  starlette/middleware/base.py:136
│     [10 frames hidden]  starlette, fastapi
│        0.006 run_endpoint_function  fastapi/routing.py:204
│        └─ 0.006 post_with_id  pybend/core/api/routes_fastapi.py:300
│           └─ 0.006 Product.favorite  models/product.py:72
│              └─ 0.006 ProductLike.delete  pybend/core/models/storable_mixin.py:125
│                 └─ 0.006 SQLiteStorage.delete  pybend/core/storage/sqlite_storage.py:584
│                    └─ 0.006 Connection.commit  <built-in>
├─ 0.001 [self]  asyncio/events.py
└─ 0.001 RequestResponseCycle.run_asgi  uvicorn/protocols/http/h11_impl.py:401
      [3 frames hidden]  uvicorn, fastapi, starlette
         0.001 ServerErrorMiddleware.__call__  starlette/middleware/errors.py:150
         └─ 0.001 ProfilingMiddleware.__call__  pybend/core/tests/profiling/middleware.py:35
            └─ 0.001 JWTAuthMiddleware.__call__  starlette/middleware/base.py:98
               └─ 0.001 JWTAuthMiddleware.dispatch  pybend/core/api/backend.py:92
                  └─ 0.001 call_next  starlette/middleware/base.py:109
                        [4 frames hidden]  anyio, asyncio



========================================================================
POST /products/2/favorite  ->  200  (8.3ms)
========================================================================

  _     ._   __/__   _ _  _  _ _/_   Recorded: 14:01:35  Samples:  4
 /_//_/// /_\ / //_// / //_'/ //     Duration: 0.008     CPU time: 0.003
/   _/                      v5.1.2

Profile at /code/pystack/pybend/src/pybend/example/../../pybend/core/tests/profiling/middleware.py:57

0.007 Handle._run  asyncio/events.py:86
├─ 0.007 coro  starlette/middleware/base.py:136
│     [12 frames hidden]  starlette, fastapi, <built-in>
│        0.007 run_endpoint_function  fastapi/routing.py:204
│        └─ 0.007 post_with_id  pybend/core/api/routes_fastapi.py:300
│           └─ 0.007 Product.favorite  models/product.py:72
│              ├─ 0.006 Like.save  pybend/core/models/storable_mixin.py:36
│              │  └─ 0.006 Like.create  pybend/core/models/storable_mixin.py:63
│              │     └─ 0.006 ProductLike.create  pybend/core/models/storable_mixin.py:63
│              │        └─ 0.006 SQLiteStorage.create  pybend/core/storage/sqlite_storage.py:93
│              │           └─ 0.006 Connection.commit  <built-in>
│              └─ 0.001 [self]  models/product.py
└─ 0.000 RequestResponseCycle.run_asgi  uvicorn/protocols/http/h11_impl.py:401
      [3 frames hidden]  uvicorn, fastapi, starlette
         0.000 ServerErrorMiddleware.__call__  starlette/middleware/errors.py:150
         └─ 0.000 ProfilingMiddleware.__call__  pybend/core/tests/profiling/middleware.py:35
            └─ 0.000 JWTAuthMiddleware.__call__  starlette/middleware/base.py:98
               └─ 0.000 JWTAuthMiddleware.dispatch  pybend/core/api/backend.py:92
                  └─ 0.000 call_next  starlette/middleware/base.py:109
                     └─ 0.000 MemoryObjectReceiveStream.receive  anyio/streams/memory.py:114



========================================================================
POST /products/3/favorite  ->  200  (8.2ms)
========================================================================

  _     ._   __/__   _ _  _  _ _/_   Recorded: 14:01:35  Samples:  3
 /_//_/// /_\ / //_// / //_'/ //     Duration: 0.008     CPU time: 0.003
/   _/                      v5.1.2

Profile at /code/pystack/pybend/src/pybend/example/../../pybend/core/tests/profiling/middleware.py:57

0.008 Handle._run  asyncio/events.py:86
├─ 0.006 coro  starlette/middleware/base.py:136
│     [10 frames hidden]  starlette, fastapi
│        0.006 run_endpoint_function  fastapi/routing.py:204
│        └─ 0.006 post_with_id  pybend/core/api/routes_fastapi.py:300
│           └─ 0.006 Product.favorite  models/product.py:72
│              └─ 0.006 Like.save  pybend/core/models/storable_mixin.py:36
│                 └─ 0.006 Like.create  pybend/core/models/storable_mixin.py:63
│                    └─ 0.006 ProductLike.create  pybend/core/models/storable_mixin.py:63
│                       └─ 0.006 SQLiteStorage.create  pybend/core/storage/sqlite_storage.py:93
│                          └─ 0.006 Connection.commit  <built-in>
├─ 0.001 RequestResponseCycle.run_asgi  uvicorn/protocols/http/h11_impl.py:401
│     [3 frames hidden]  uvicorn, fastapi, starlette
│        0.001 ServerErrorMiddleware.__call__  starlette/middleware/errors.py:150
│        └─ 0.001 ProfilingMiddleware.__call__  pybend/core/tests/profiling/middleware.py:35
│           └─ 0.001 JWTAuthMiddleware.__call__  starlette/middleware/base.py:98
│              └─ 0.001 _StreamingResponse.__call__  starlette/middleware/base.py:205
│                 └─ 0.001 send_wrapper  pybend/core/tests/profiling/middleware.py:48
│                    └─ 0.001 _send  starlette/middleware/errors.py:157
└─ 0.001 task_done  anyio/_backends/_asyncio.py:805



========================================================================
GET /Product  ->  200  (26.3ms)
========================================================================

  _     ._   __/__   _ _  _  _ _/_   Recorded: 14:01:42  Samples:  26
 /_//_/// /_\ / //_// / //_'/ //     Duration: 0.026     CPU time: 0.026
/   _/                      v5.1.2

Profile at /code/pystack/pybend/src/pybend/example/../../pybend/core/tests/profiling/middleware.py:57

0.026 Handle._run  asyncio/events.py:86
├─ 0.022 coro  starlette/middleware/base.py:136
│     [24 frames hidden]  starlette, fastapi, dataclasses, <bui...
│        0.018 run_endpoint_function  fastapi/routing.py:204
│        └─ 0.018 get_model_schema  pybend/core/api/routes_fastapi.py:169
│           └─ 0.018 Product.schema  pybend/core/models/proto_model.py:197
│              ├─ 0.007 Product.referenced_json_schema  pybend/core/models/proto_model.py:319
│              │  └─ 0.007 Product.model_json_schema  pydantic/main.py:413
│              │        [19 frames hidden]  pydantic, <built-in>
│              │           0.003 new_handler_func  pydantic/json_schema.py:520
│              │           └─ 0.003 Comment.__get_pydantic_json_schema__  pybend/core/models/proto_model.py:341
│              │              └─ 0.003 Comment.__get_pydantic_json_schema__  pydantic/main.py:628
│              │                    [36 frames hidden]  pydantic
│              │                       0.001 new_handler_func  pydantic/json_schema.py:520
│              │                       └─ 0.001 Like.__get_pydantic_json_schema__  pybend/core/models/proto_model.py:341
│              │           0.003 new_handler_func  pydantic/json_schema.py:520
│              │           └─ 0.003 Product.__get_pydantic_json_schema__  pybend/core/models/proto_model.py:341
│              │              └─ 0.003 Product.__get_pydantic_json_schema__  pydantic/main.py:628
│              │                    [39 frames hidden]  pydantic, <built-in>
│              │                       0.001 new_handler_func  pydantic/json_schema.py:520
│              │                       └─ 0.001 Comment.__get_pydantic_json_schema__  pybend/core/models/proto_model.py:341
│              │                          └─ 0.001 Comment.__get_pydantic_json_schema__  pydantic/main.py:628
│              │                                [32 frames hidden]  pydantic
│              ├─ 0.007 Product.model_json_schema  pydantic/main.py:413
│              │     [26 frames hidden]  pydantic, <built-in>
│              │        0.005 new_handler_func  pydantic/json_schema.py:520
│              │        └─ 0.005 Product.__get_pydantic_json_schema__  pybend/core/models/proto_model.py:341
│              │           └─ 0.005 Product.__get_pydantic_json_schema__  pydantic/main.py:628
│              │                 [44 frames hidden]  pydantic
│              │                    0.001 new_handler_func  pydantic/json_schema.py:520
│              │                    └─ 0.001 Comment.__get_pydantic_json_schema__  pybend/core/models/proto_model.py:341
│              │                       └─ 0.001 Comment.__get_pydantic_json_schema__  pydantic/main.py:628
│              │                             [29 frames hidden]  pydantic
│              ├─ 0.002 Product.__pybend_methods_json_signature__  pybend/core/models/proto_model.py:139
│              │  └─ 0.002 get_type_hints  typing.py:2186
│              │        [2 frames hidden]  typing, <built-in>
│              ├─ 0.001 deepcopy  copy.py:118
│              │     [11 frames hidden]  copy, <built-in>
│              └─ 0.001 collect_all_referenced_models  pybend/core/utils/introspection.py:63
│                 └─ 0.001 collect_all_referenced_models  pybend/core/utils/introspection.py:63
│                    └─ 0.001 collect_all_referenced_models  pybend/core/utils/introspection.py:63
│                       └─ 0.001 User.__pybend_methods_json_signature__  pybend/core/models/proto_model.py:139
│                          └─ 0.001 get_type_hints  typing.py:2186
└─ 0.004 RequestResponseCycle.run_asgi  uvicorn/protocols/http/h11_impl.py:401
      [3 frames hidden]  uvicorn, fastapi, starlette
         0.004 ServerErrorMiddleware.__call__  starlette/middleware/errors.py:150
         └─ 0.004 ProfilingMiddleware.__call__  pybend/core/tests/profiling/middleware.py:35
            └─ 0.004 JWTAuthMiddleware.__call__  starlette/middleware/base.py:98
                  [12 frames hidden]  anyio, importlib, dataclasses, <built...



========================================================================
POST /users/login  ->  200  (185.5ms)
========================================================================

  _     ._   __/__   _ _  _  _ _/_   Recorded: 14:01:42  Samples:  3
 /_//_/// /_\ / //_// / //_'/ //     Duration: 0.185     CPU time: 0.185
/   _/                      v5.1.2

Profile at /code/pystack/pybend/src/pybend/example/../../pybend/core/tests/profiling/middleware.py:57

0.185 Handle._run  asyncio/events.py:86
└─ 0.183 coro  starlette/middleware/base.py:136
      [10 frames hidden]  starlette, fastapi
         0.183 run_endpoint_function  fastapi/routing.py:204
         └─ 0.183 post_no_id  pybend/core/api/routes_fastapi.py:336
            └─ 0.183 User.login  pybend/core/models/base_user.py:74
               └─ 0.183 verify_password  pybend/core/authorize/auth.py:42
                  └─ 0.183 checkpw  <built-in>



========================================================================
GET /Product  ->  200  (4.6ms)
========================================================================

  _     ._   __/__   _ _  _  _ _/_   Recorded: 14:01:42  Samples:  4
 /_//_/// /_\ / //_// / //_'/ //     Duration: 0.005     CPU time: 0.005
/   _/                      v5.1.2

Profile at /code/pystack/pybend/src/pybend/example/../../pybend/core/tests/profiling/middleware.py:57

0.004 Handle._run  asyncio/events.py:86
├─ 0.003 coro  starlette/middleware/base.py:136
│     [17 frames hidden]  starlette, fastapi, dataclasses
│        0.002 jsonable_encoder  fastapi/encoders.py:102
│        │  0.001 isinstance  <built-in>
│        └─ 0.001 [self]  fastapi/encoders.py
│        0.001 run_endpoint_function  fastapi/routing.py:204
│        └─ 0.001 get_model_schema  pybend/core/api/routes_fastapi.py:169
│           └─ 0.001 Product.schema  pybend/core/models/proto_model.py:197
│              └─ 0.001 deepcopy  copy.py:118
│                    [16 frames hidden]  copy
│                       0.001 dict.get  <built-in>
└─ 0.001 RequestResponseCycle.run_asgi  uvicorn/protocols/http/h11_impl.py:401



========================================================================
GET /Product  ->  200  (4.4ms)
========================================================================

  _     ._   __/__   _ _  _  _ _/_   Recorded: 14:01:42  Samples:  5
 /_//_/// /_\ / //_// / //_'/ //     Duration: 0.004     CPU time: 0.004
/   _/                      v5.1.2

Profile at /code/pystack/pybend/src/pybend/example/../../pybend/core/tests/profiling/middleware.py:57

0.004 Handle._run  asyncio/events.py:86
├─ 0.003 coro  starlette/middleware/base.py:136
│     [16 frames hidden]  starlette, fastapi
│        0.001 jsonable_encoder  fastapi/encoders.py:102
│        0.001 isinstance  <built-in>
│        0.001 run_endpoint_function  fastapi/routing.py:204
│        └─ 0.001 get_model_schema  pybend/core/api/routes_fastapi.py:169
│           └─ 0.001 Product.schema  pybend/core/models/proto_model.py:197
│              └─ 0.001 deepcopy  copy.py:118
│                    [5 frames hidden]  copy
│                       0.001 deepcopy  copy.py:118
└─ 0.001 RequestResponseCycle.run_asgi  uvicorn/protocols/http/h11_impl.py:401
      [3 frames hidden]  uvicorn, fastapi, starlette
         0.001 ServerErrorMiddleware.__call__  starlette/middleware/errors.py:150
         └─ 0.001 ProfilingMiddleware.__call__  pybend/core/tests/profiling/middleware.py:35
            ├─ 0.001 [self]  pybend/core/tests/profiling/middleware.py
            └─ 0.000 JWTAuthMiddleware.__call__  starlette/middleware/base.py:98
               └─ 0.000 JWTAuthMiddleware.dispatch  pybend/core/api/backend.py:92
                  └─ 0.000 call_next  starlette/middleware/base.py:109



========================================================================
GET /Product  ->  200  (4.3ms)
========================================================================

  _     ._   __/__   _ _  _  _ _/_   Recorded: 14:01:42  Samples:  4
 /_//_/// /_\ / //_// / //_'/ //     Duration: 0.004     CPU time: 0.004
/   _/                      v5.1.2

Profile at /code/pystack/pybend/src/pybend/example/../../pybend/core/tests/profiling/middleware.py:57

0.004 Handle._run  asyncio/events.py:86
├─ 0.003 coro  starlette/middleware/base.py:136
│     [14 frames hidden]  starlette, fastapi
│        0.002 jsonable_encoder  fastapi/encoders.py:102
│        ├─ 0.001 isinstance  <built-in>
│        └─ 0.001 [self]  fastapi/encoders.py
│        0.001 run_endpoint_function  fastapi/routing.py:204
│        └─ 0.001 get_model_schema  pybend/core/api/routes_fastapi.py:169
│           └─ 0.001 Product.schema  pybend/core/models/proto_model.py:197
│              └─ 0.001 deepcopy  copy.py:118
│                    [15 frames hidden]  copy
└─ 0.001 RequestResponseCycle.run_asgi  uvicorn/protocols/http/h11_impl.py:401
      [3 frames hidden]  uvicorn, fastapi, starlette
         0.001 ServerErrorMiddleware.__call__  starlette/middleware/errors.py:150
         └─ 0.001 ProfilingMiddleware.__call__  pybend/core/tests/profiling/middleware.py:35
            └─ 0.001 JWTAuthMiddleware.__call__  starlette/middleware/base.py:98
               └─ 0.001 _StreamingResponse.__call__  starlette/middleware/base.py:205
                  └─ 0.001 send_wrapper  pybend/core/tests/profiling/middleware.py:48
                     └─ 0.001 _send  starlette/middleware/errors.py:157
                           [11 frames hidden]  uvicorn, logging, copy
                              0.001 getattr  <built-in>



========================================================================
GET /User  ->  200  (6.0ms)
========================================================================

  _     ._   __/__   _ _  _  _ _/_   Recorded: 14:01:42  Samples:  6
 /_//_/// /_\ / //_// / //_'/ //     Duration: 0.006     CPU time: 0.006
/   _/                      v5.1.2

Profile at /code/pystack/pybend/src/pybend/example/../../pybend/core/tests/profiling/middleware.py:57

0.006 Handle._run  asyncio/events.py:86
├─ 0.005 coro  starlette/middleware/base.py:136
│     [17 frames hidden]  starlette, fastapi
│        0.004 run_endpoint_function  fastapi/routing.py:204
│        └─ 0.004 get_model_schema  pybend/core/api/routes_fastapi.py:169
│           └─ 0.004 User.schema  pybend/core/models/proto_model.py:197
│              ├─ 0.002 User.model_json_schema  pydantic/main.py:413
│              │     [7 frames hidden]  pydantic, <built-in>
│              │        0.001 new_handler_func  pydantic/json_schema.py:520
│              │        └─ 0.001 User.__get_pydantic_json_schema__  pybend/core/models/proto_model.py:341
│              │           └─ 0.001 _is_self_ref  pybend/core/utils/introspection.py:209
│              │              └─ 0.001 get_args  typing.py:2340
│              │                 └─ 0.001 isinstance  <built-in>
│              ├─ 0.001 _apply_field_exclusion  pybend/core/models/proto_model.py:25
│              └─ 0.001 User.referenced_json_schema  pybend/core/models/proto_model.py:319
│                 └─ 0.001 User.model_json_schema  pydantic/main.py:413
│                       [4 frames hidden]  pydantic
│                          0.001 new_handler_func  pydantic/json_schema.py:520
│                          └─ 0.001 User.__get_pydantic_json_schema__  pybend/core/models/proto_model.py:341
│                             └─ 0.001 User.__get_pydantic_json_schema__  pydantic/main.py:628
│                                   [25 frames hidden]  pydantic
└─ 0.001 _SelectorSocketTransport._call_connection_lost  asyncio/selector_events.py:1191
      [2 frames hidden]  asyncio, uvicorn



========================================================================
GET /User  ->  200  (2.2ms)
========================================================================

  _     ._   __/__   _ _  _  _ _/_   Recorded: 14:01:42  Samples:  2
 /_//_/// /_\ / //_// / //_'/ //     Duration: 0.002     CPU time: 0.002
/   _/                      v5.1.2

Profile at /code/pystack/pybend/src/pybend/example/../../pybend/core/tests/profiling/middleware.py:57

0.002 Handle._run  asyncio/events.py:86
├─ 0.001 RequestResponseCycle.run_asgi  uvicorn/protocols/http/h11_impl.py:401
│     [3 frames hidden]  uvicorn, fastapi, starlette
│        0.001 ServerErrorMiddleware.__call__  starlette/middleware/errors.py:150
│        └─ 0.001 ProfilingMiddleware.__call__  pybend/core/tests/profiling/middleware.py:35
│           └─ 0.001 JWTAuthMiddleware.__call__  starlette/middleware/base.py:98
│              └─ 0.001 _StreamingResponse.__call__  starlette/middleware/base.py:205
│                 └─ 0.001 send_wrapper  pybend/core/tests/profiling/middleware.py:48
│                    └─ 0.001 _send  starlette/middleware/errors.py:157
│                       └─ 0.001 RequestResponseCycle.send  uvicorn/protocols/http/h11_impl.py:447
└─ 0.001 coro  starlette/middleware/base.py:136
      [10 frames hidden]  starlette, fastapi
         0.001 run_endpoint_function  fastapi/routing.py:204
         └─ 0.001 get_model_schema  pybend/core/api/routes_fastapi.py:169
            └─ 0.001 User.schema  pybend/core/models/proto_model.py:197
               └─ 0.001 deepcopy  copy.py:118
                     [11 frames hidden]  copy
                        0.001 id  <built-in>



========================================================================
GET /User  ->  200  (2.2ms)
========================================================================

  _     ._   __/__   _ _  _  _ _/_   Recorded: 14:01:42  Samples:  2
 /_//_/// /_\ / //_// / //_'/ //     Duration: 0.002     CPU time: 0.002
/   _/                      v5.1.2

Profile at /code/pystack/pybend/src/pybend/example/../../pybend/core/tests/profiling/middleware.py:57

0.002 Handle._run  asyncio/events.py:86
├─ 0.001 RequestResponseCycle.run_asgi  uvicorn/protocols/http/h11_impl.py:401
│     [3 frames hidden]  uvicorn, fastapi, starlette
│        0.001 ServerErrorMiddleware.__call__  starlette/middleware/errors.py:150
│        └─ 0.001 ProfilingMiddleware.__call__  pybend/core/tests/profiling/middleware.py:35
│           └─ 0.001 JWTAuthMiddleware.__call__  starlette/middleware/base.py:98
│              └─ 0.001 _StreamingResponse.__call__  starlette/middleware/base.py:205
│                 └─ 0.001 send_wrapper  pybend/core/tests/profiling/middleware.py:48
│                    └─ 0.001 _send  starlette/middleware/errors.py:157
│                          [5 frames hidden]  uvicorn, logging
│                             0.001 hasattr  <built-in>
└─ 0.001 coro  starlette/middleware/base.py:136
      [10 frames hidden]  starlette, fastapi
         0.001 run_endpoint_function  fastapi/routing.py:204
         └─ 0.001 get_model_schema  pybend/core/api/routes_fastapi.py:169
            └─ 0.001 User.schema  pybend/core/models/proto_model.py:197
               └─ 0.001 deepcopy  copy.py:118
                     [11 frames hidden]  copy
                        0.001 dict.items  <built-in>



========================================================================
GET /products  ->  200  (3.0ms)
========================================================================

  _     ._   __/__   _ _  _  _ _/_   Recorded: 14:01:42  Samples:  3
 /_//_/// /_\ / //_// / //_'/ //     Duration: 0.003     CPU time: 0.003
/   _/                      v5.1.2

Profile at /code/pystack/pybend/src/pybend/example/../../pybend/core/tests/profiling/middleware.py:57

0.002 Handle._run  asyncio/events.py:86
├─ 0.001 coro  starlette/middleware/base.py:136
│     [21 frames hidden]  starlette, fastapi, dataclasses
│        0.001 isinstance  <built-in>
└─ 0.001 RequestResponseCycle.run_asgi  uvicorn/protocols/http/h11_impl.py:401
      [3 frames hidden]  uvicorn, fastapi, starlette
         0.001 ServerErrorMiddleware.__call__  starlette/middleware/errors.py:150
         └─ 0.001 ProfilingMiddleware.__call__  pybend/core/tests/profiling/middleware.py:35
            └─ 0.001 JWTAuthMiddleware.__call__  starlette/middleware/base.py:98
               └─ 0.001 _StreamingResponse.__call__  starlette/middleware/base.py:205
                  └─ 0.001 send_wrapper  pybend/core/tests/profiling/middleware.py:48
                     └─ 0.001 _send  starlette/middleware/errors.py:157
                           [5 frames hidden]  uvicorn, h11
                              0.001 ConnectionState._fire_state_triggered_transitions  h11/_state.py:316



========================================================================
GET /products  ->  200  (4.7ms)
========================================================================

  _     ._   __/__   _ _  _  _ _/_   Recorded: 14:01:42  Samples:  5
 /_//_/// /_\ / //_// / //_'/ //     Duration: 0.005     CPU time: 0.005
/   _/                      v5.1.2

Profile at /code/pystack/pybend/src/pybend/example/../../pybend/core/tests/profiling/middleware.py:57

0.004 Handle._run  asyncio/events.py:86
├─ 0.003 coro  starlette/middleware/base.py:136
│     [19 frames hidden]  starlette, fastapi, urllib
│        0.002 jsonable_encoder  fastapi/encoders.py:102
│        │  0.001 jsonable_encoder  fastapi/encoders.py:102
│        └─ 0.001 [self]  fastapi/encoders.py
│        0.001 run_endpoint_function  fastapi/routing.py:204
│        └─ 0.001 list_all_instances  pybend/core/api/routes_fastapi.py:93
│           └─ 0.001 Product.list  pybend/core/models/storable_mixin.py:91
│              └─ 0.001 SQLiteStorage.list  pybend/core/storage/sqlite_storage.py:124
│                 └─ 0.001 Cursor.fetchall  <built-in>
└─ 0.001 RequestResponseCycle.run_asgi  uvicorn/protocols/http/h11_impl.py:401
      [3 frames hidden]  uvicorn, fastapi, starlette
         0.001 ServerErrorMiddleware.__call__  starlette/middleware/errors.py:150
         └─ 0.001 ProfilingMiddleware.__call__  pybend/core/tests/profiling/middleware.py:35
            └─ 0.001 JWTAuthMiddleware.__call__  starlette/middleware/base.py:98
               └─ 0.001 _StreamingResponse.__call__  starlette/middleware/base.py:205
                  └─ 0.001 send_wrapper  pybend/core/tests/profiling/middleware.py:48
                     └─ 0.001 _send  starlette/middleware/errors.py:157
                        └─ 0.001 RequestResponseCycle.send  uvicorn/protocols/http/h11_impl.py:447
                           └─ 0.001 _SelectorSocketTransport.write  asyncio/selector_events.py:1055



========================================================================
GET /products  ->  200  (13.6ms)
========================================================================

  _     ._   __/__   _ _  _  _ _/_   Recorded: 14:01:42  Samples:  14
 /_//_/// /_\ / //_// / //_'/ //     Duration: 0.014     CPU time: 0.014
/   _/                      v5.1.2

Profile at /code/pystack/pybend/src/pybend/example/../../pybend/core/tests/profiling/middleware.py:57

0.013 Handle._run  asyncio/events.py:86
├─ 0.012 coro  starlette/middleware/base.py:136
│     [23 frames hidden]  starlette, fastapi, dataclasses, pyda...
│        0.006 jsonable_encoder  fastapi/encoders.py:102
│        └─ 0.003 [self]  fastapi/encoders.py
│        0.005 run_endpoint_function  fastapi/routing.py:204
│        └─ 0.005 list_all_instances  pybend/core/api/routes_fastapi.py:93
│           └─ 0.005 Product.list  pybend/core/models/storable_mixin.py:91
│              ├─ 0.004 SQLiteStorage.list  pybend/core/storage/sqlite_storage.py:124
│              │  └─ 0.004 SQLiteStorage._populate_fields  pybend/core/storage/sqlite_storage.py:320
│              │     ├─ 0.002 [self]  pybend/core/storage/sqlite_storage.py
│              │     ├─ 0.001 Cursor.fetchall  <built-in>
│              │     └─ 0.001 ProductComment.__init__  pybend/core/models/proto_model.py:96
│              │        └─ 0.001 SchemaValidator.validate_python  <built-in>
│              └─ 0.001 [self]  pybend/core/models/storable_mixin.py
└─ 0.001 RequestResponseCycle.run_asgi  uvicorn/protocols/http/h11_impl.py:401
      [3 frames hidden]  uvicorn, fastapi, starlette
         0.001 ServerErrorMiddleware.__call__  starlette/middleware/errors.py:150
         └─ 0.001 ProfilingMiddleware.__call__  pybend/core/tests/profiling/middleware.py:35
            └─ 0.001 JWTAuthMiddleware.__call__  starlette/middleware/base.py:98
               └─ 0.001 _StreamingResponse.__call__  starlette/middleware/base.py:205
                  └─ 0.001 send_wrapper  pybend/core/tests/profiling/middleware.py:48
                     └─ 0.001 _send  starlette/middleware/errors.py:157
                           [4 frames hidden]  uvicorn, asyncio



========================================================================
GET /products  ->  200  (30.8ms)
========================================================================

  _     ._   __/__   _ _  _  _ _/_   Recorded: 14:01:42  Samples:  30
 /_//_/// /_\ / //_// / //_'/ //     Duration: 0.031     CPU time: 0.031
/   _/                      v5.1.2

Profile at /code/pystack/pybend/src/pybend/example/../../pybend/core/tests/profiling/middleware.py:57

0.030 Handle._run  asyncio/events.py:86
├─ 0.029 coro  starlette/middleware/base.py:136
│     [30 frames hidden]  starlette, fastapi, dataclasses, <bui...
│        0.009 jsonable_encoder  fastapi/encoders.py:102
│        └─ 0.006 [self]  fastapi/encoders.py
│        0.011 run_endpoint_function  fastapi/routing.py:204
│        └─ 0.011 list_all_instances  pybend/core/api/routes_fastapi.py:93
│           └─ 0.011 Product.list  pybend/core/models/storable_mixin.py:91
│              └─ 0.011 SQLiteStorage.list  pybend/core/storage/sqlite_storage.py:124
│                 ├─ 0.010 SQLiteStorage._populate_fields  pybend/core/storage/sqlite_storage.py:320
│                 │  ├─ 0.003 ProductComment.model_dump  pybend/core/models/proto_model.py:117
│                 │  ├─ 0.002 ProductLike.__init__  pybend/core/models/proto_model.py:96
│                 │  │  ├─ 0.001 SchemaValidator.validate_python  <built-in>
│                 │  │  └─ 0.001 [self]  pybend/core/models/proto_model.py
│                 │  ├─ 0.002 [self]  pybend/core/storage/sqlite_storage.py
│                 │  ├─ 0.001 Cursor.fetchall  <built-in>
│                 │  ├─ 0.001 Cursor.execute  <built-in>
│                 │  └─ 0.001 dict.get  <built-in>
│                 └─ 0.001 [self]  pybend/core/storage/sqlite_storage.py
└─ 0.000 RequestResponseCycle.run_asgi  uvicorn/protocols/http/h11_impl.py:401
      [3 frames hidden]  uvicorn, fastapi, starlette
         0.000 ServerErrorMiddleware.__call__  starlette/middleware/errors.py:150
         └─ 0.000 ProfilingMiddleware.__call__  pybend/core/tests/profiling/middleware.py:35
            └─ 0.000 JWTAuthMiddleware.__call__  starlette/middleware/base.py:98
               └─ 0.000 JWTAuthMiddleware.dispatch  pybend/core/api/backend.py:92
                  └─ 0.000 call_next  starlette/middleware/base.py:109
                     └─ 0.000 MemoryObjectReceiveStream.receive  anyio/streams/memory.py:114



========================================================================
GET /products  ->  200  (35.6ms)
========================================================================

  _     ._   __/__   _ _  _  _ _/_   Recorded: 14:01:43  Samples:  35
 /_//_/// /_\ / //_// / //_'/ //     Duration: 0.036     CPU time: 0.036
/   _/                      v5.1.2

Profile at /code/pystack/pybend/src/pybend/example/../../pybend/core/tests/profiling/middleware.py:57

0.035 Handle._run  asyncio/events.py:86
├─ 0.034 coro  starlette/middleware/base.py:136
│     [37 frames hidden]  starlette, fastapi, dataclasses, <bui...
│        0.013 run_endpoint_function  fastapi/routing.py:204
│        └─ 0.013 list_all_instances  pybend/core/api/routes_fastapi.py:93
│           ├─ 0.012 Product.list  pybend/core/models/storable_mixin.py:91
│           │  └─ 0.012 SQLiteStorage.list  pybend/core/storage/sqlite_storage.py:124
│           │     ├─ 0.011 SQLiteStorage._populate_fields  pybend/core/storage/sqlite_storage.py:320
│           │     │  ├─ 0.007 SQLiteStorage._populate_fields  pybend/core/storage/sqlite_storage.py:320
│           │     │  │  ├─ 0.003 Cursor.fetchall  <built-in>
│           │     │  │  ├─ 0.002 CommentLike.model_dump  pybend/core/models/proto_model.py:117
│           │     │  │  │  ├─ 0.001 CommentLike.model_dump  pydantic/main.py:309
│           │     │  │  │  └─ 0.001 [self]  pybend/core/models/proto_model.py
│           │     │  │  ├─ 0.001 CommentLike.__init__  pybend/core/models/proto_model.py:96
│           │     │  │  └─ 0.001 [self]  pybend/core/storage/sqlite_storage.py
│           │     │  ├─ 0.001 ProductComment.__init__  pybend/core/models/proto_model.py:96
│           │     │  │  └─ 0.001 <lambda>  pybend/core/utils/typer.py:87
│           │     │  ├─ 0.001 dict.update  <built-in>
│           │     │  ├─ 0.001 ProductComment.model_dump  pybend/core/models/proto_model.py:117
│           │     │  └─ 0.001 [self]  pybend/core/storage/sqlite_storage.py
│           │     └─ 0.001 Cursor.fetchone  <built-in>
│           └─ 0.001 _serialize  pybend/core/api/routes_fastapi.py:34
│              └─ 0.001 Product.model_dump  pybend/core/models/proto_model.py:117
│                 └─ 0.001 Product.model_dump  pydantic/main.py:309
│                    └─ 0.001 SchemaSerializer.to_python  <built-in>
└─ 0.000 RequestResponseCycle.run_asgi  uvicorn/protocols/http/h11_impl.py:401
      [3 frames hidden]  uvicorn, fastapi, starlette
         0.000 ServerErrorMiddleware.__call__  starlette/middleware/errors.py:150
         └─ 0.000 ProfilingMiddleware.__call__  pybend/core/tests/profiling/middleware.py:35
            └─ 0.000 JWTAuthMiddleware.__call__  starlette/middleware/base.py:98
               └─ 0.000 _StreamingResponse.__call__  starlette/middleware/base.py:205
                  └─ 0.000 send_wrapper  pybend/core/tests/profiling/middleware.py:48
                     └─ 0.000 _send  starlette/middleware/errors.py:157
                           [8 frames hidden]  uvicorn, logging, <built-in>



========================================================================
GET /products  ->  200  (85.9ms)
========================================================================

  _     ._   __/__   _ _  _  _ _/_   Recorded: 14:01:43  Samples:  85
 /_//_/// /_\ / //_// / //_'/ //     Duration: 0.086     CPU time: 0.086
/   _/                      v5.1.2

Profile at /code/pystack/pybend/src/pybend/example/../../pybend/core/tests/profiling/middleware.py:57

0.085 Handle._run  asyncio/events.py:86
└─ 0.085 coro  starlette/middleware/base.py:136
      [49 frames hidden]  starlette, fastapi, dataclasses, <bui...
         0.029 run_endpoint_function  fastapi/routing.py:204
         └─ 0.029 list_all_instances  pybend/core/api/routes_fastapi.py:93
            ├─ 0.028 Product.list  pybend/core/models/storable_mixin.py:91
            │  └─ 0.028 SQLiteStorage.list  pybend/core/storage/sqlite_storage.py:124
            │     ├─ 0.027 SQLiteStorage._populate_fields  pybend/core/storage/sqlite_storage.py:320
            │     │  ├─ 0.016 SQLiteStorage._populate_fields  pybend/core/storage/sqlite_storage.py:320
            │     │  │  ├─ 0.008 [self]  pybend/core/storage/sqlite_storage.py
            │     │  │  ├─ 0.003 Cursor.fetchall  <built-in>
            │     │  │  ├─ 0.003 User.model_dump  pybend/core/models/proto_model.py:117
            │     │  │  │  ├─ 0.002 [self]  pybend/core/models/proto_model.py
            │     │  │  │  └─ 0.001 User.model_dump  pydantic/main.py:309
            │     │  │  ├─ 0.001 Cursor.execute  <built-in>
            │     │  │  └─ 0.001 CommentLike.__init__  pybend/core/models/proto_model.py:96
            │     │  │     └─ 0.001 SchemaValidator.validate_python  <built-in>
            │     │  ├─ 0.004 ProductComment.__init__  pybend/core/models/proto_model.py:96
            │     │  │  ├─ 0.003 [self]  pybend/core/models/proto_model.py
            │     │  │  └─ 0.001 ModelMetaclass.__instancecheck__  pydantic/_internal/_model_construction.py:248
            │     │  │     └─ 0.001 hasattr  <built-in>
            │     │  ├─ 0.003 ProductComment.model_dump  pybend/core/models/proto_model.py:117
            │     │  │  ├─ 0.002 ProductComment.model_dump  pydantic/main.py:309
            │     │  │  └─ 0.001 [self]  pybend/core/models/proto_model.py
            │     │  ├─ 0.001 Cursor.fetchall  <built-in>
            │     │  ├─ 0.001 [self]  pybend/core/storage/sqlite_storage.py
            │     │  ├─ 0.001 _validate_identifier  pybend/core/storage/sqlite_storage.py:22
            │     │  │  └─ 0.001 match  re/__init__.py:164
            │     │  │     └─ 0.001 _compile  re/__init__.py:280
            │     │  └─ 0.001 getattr  <built-in>
            │     └─ 0.001 Product.__init__  pybend/core/models/proto_model.py:96
            │        └─ 0.001 ModelMetaclass.__instancecheck__  pydantic/_internal/_model_construction.py:248
            │           └─ 0.001 hasattr  <built-in>
            └─ 0.001 _serialize  pybend/core/api/routes_fastapi.py:34
               └─ 0.001 Product.model_dump  pybend/core/models/proto_model.py:117



========================================================================
GET /products  ->  200  (7.4ms)
========================================================================

  _     ._   __/__   _ _  _  _ _/_   Recorded: 14:01:43  Samples:  8
 /_//_/// /_\ / //_// / //_'/ //     Duration: 0.007     CPU time: 0.007
/   _/                      v5.1.2

Profile at /code/pystack/pybend/src/pybend/example/../../pybend/core/tests/profiling/middleware.py:57

0.007 Handle._run  asyncio/events.py:86
├─ 0.006 coro  starlette/middleware/base.py:136
│     [22 frames hidden]  starlette, fastapi, dataclasses, pyda...
│        0.002 run_endpoint_function  fastapi/routing.py:204
│        └─ 0.002 list_all_instances  pybend/core/api/routes_fastapi.py:93
│           └─ 0.002 Product.list  pybend/core/models/storable_mixin.py:91
│              └─ 0.002 SQLiteStorage.list  pybend/core/storage/sqlite_storage.py:124
│                 ├─ 0.001 Cursor.fetchall  <built-in>
│                 └─ 0.001 Product.__init__  pybend/core/models/proto_model.py:96
└─ 0.001 RequestResponseCycle.run_asgi  uvicorn/protocols/http/h11_impl.py:401
      [3 frames hidden]  uvicorn, fastapi, starlette
         0.001 ServerErrorMiddleware.__call__  starlette/middleware/errors.py:150
         └─ 0.001 ProfilingMiddleware.__call__  pybend/core/tests/profiling/middleware.py:35
            └─ 0.001 JWTAuthMiddleware.__call__  starlette/middleware/base.py:98
                  [2 frames hidden]  anyio
                     0.000 JWTAuthMiddleware.dispatch  pybend/core/api/backend.py:92
                     └─ 0.000 URL.path  starlette/datastructures.py:78
                           [2 frames hidden]  starlette, urllib



========================================================================
GET /users  ->  200  (1.8ms)
========================================================================

  _     ._   __/__   _ _  _  _ _/_   Recorded: 14:01:43  Samples:  2
 /_//_/// /_\ / //_// / //_'/ //     Duration: 0.002     CPU time: 0.002
/   _/                      v5.1.2

Profile at /code/pystack/pybend/src/pybend/example/../../pybend/core/tests/profiling/middleware.py:57

0.001 ProfilingMiddleware.__call__  pybend/core/tests/profiling/middleware.py:35
└─ 0.001 JWTAuthMiddleware.__call__  starlette/middleware/base.py:98
   ├─ 0.001 _StreamingResponse.__call__  starlette/middleware/base.py:205
   │  └─ 0.001 send_wrapper  pybend/core/tests/profiling/middleware.py:48
   │     └─ 0.001 _send  starlette/middleware/errors.py:157
   │           [6 frames hidden]  uvicorn, logging, <frozen posixpath>
   │              0.001 _splitext  <frozen genericpath>:133
   └─ 0.000 JWTAuthMiddleware.dispatch  pybend/core/api/backend.py:92
      └─ 0.000 call_next  starlette/middleware/base.py:109
            [4 frames hidden]  anyio, <built-in>



========================================================================
GET /products/1  ->  200  (1.6ms)
========================================================================

  _     ._   __/__   _ _  _  _ _/_   Recorded: 14:01:43  Samples:  2
 /_//_/// /_\ / //_// / //_'/ //     Duration: 0.002     CPU time: 0.002
/   _/                      v5.1.2

Profile at /code/pystack/pybend/src/pybend/example/../../pybend/core/tests/profiling/middleware.py:57

0.001 Handle._run  asyncio/events.py:86
├─ 0.001 RequestResponseCycle.run_asgi  uvicorn/protocols/http/h11_impl.py:401
│     [3 frames hidden]  uvicorn, fastapi, starlette
│        0.001 ServerErrorMiddleware.__call__  starlette/middleware/errors.py:150
│        └─ 0.001 ProfilingMiddleware.__call__  pybend/core/tests/profiling/middleware.py:35
│           └─ 0.001 JWTAuthMiddleware.__call__  starlette/middleware/base.py:98
│              └─ 0.001 _StreamingResponse.__call__  starlette/middleware/base.py:205
│                 └─ 0.001 send_wrapper  pybend/core/tests/profiling/middleware.py:48
│                    └─ 0.001 _send  starlette/middleware/errors.py:157
│                          [2 frames hidden]  uvicorn
│                             0.001 Connection.start_next_cycle  h11/_connection.py:235
└─ 0.000 coro  starlette/middleware/base.py:136
      [9 frames hidden]  starlette
         0.000 app  fastapi/routing.py:240



========================================================================
GET /products/2  ->  200  (1.5ms)
========================================================================

  _     ._   __/__   _ _  _  _ _/_   Recorded: 14:01:43  Samples:  2
 /_//_/// /_\ / //_// / //_'/ //     Duration: 0.002     CPU time: 0.002
/   _/                      v5.1.2

Profile at /code/pystack/pybend/src/pybend/example/../../pybend/core/tests/profiling/middleware.py:57

0.001 _UnixSelectorEventLoop._run_once  asyncio/base_events.py:1910
├─ 0.001 EpollSelector.select  selectors.py:451
│  └─ 0.001 epoll.poll  <built-in>
└─ 0.000 Handle._run  asyncio/events.py:86
      [14 frames hidden]  starlette, fastapi
         0.000 deepcopy  copy.py:118



========================================================================
GET /products/3  ->  200  (1.6ms)
========================================================================

  _     ._   __/__   _ _  _  _ _/_   Recorded: 14:01:43  Samples:  1
 /_//_/// /_\ / //_// / //_'/ //     Duration: 0.002     CPU time: 0.002
/   _/                      v5.1.2

Profile at /code/pystack/pybend/src/pybend/example/../../pybend/core/tests/profiling/middleware.py:57

0.001 Handle._run  asyncio/events.py:86
└─ 0.001 coro  starlette/middleware/base.py:136
      [10 frames hidden]  starlette, fastapi
         0.001 run_endpoint_function  fastapi/routing.py:204
         └─ 0.001 read_instance  pybend/core/api/routes_fastapi.py:184
            └─ 0.001 Product.get  pybend/core/models/storable_mixin.py:102
               └─ 0.001 SQLiteStorage.get  pybend/core/storage/sqlite_storage.py:240
                  └─ 0.001 Product.__init__  pybend/core/models/proto_model.py:96
                     └─ 0.001 ModelMetaclass.__instancecheck__  pydantic/_internal/_model_construction.py:248



========================================================================
GET /products/1  ->  200  (2.7ms)
========================================================================

  _     ._   __/__   _ _  _  _ _/_   Recorded: 14:01:43  Samples:  2
 /_//_/// /_\ / //_// / //_'/ //     Duration: 0.003     CPU time: 0.003
/   _/                      v5.1.2

Profile at /code/pystack/pybend/src/pybend/example/../../pybend/core/tests/profiling/middleware.py:57

0.002 Handle._run  asyncio/events.py:86
└─ 0.002 coro  starlette/middleware/base.py:136
      [13 frames hidden]  starlette, fastapi
         0.001 getattr  <built-in>
         0.001 run_endpoint_function  fastapi/routing.py:204
         └─ 0.001 read_instance  pybend/core/api/routes_fastapi.py:184
            └─ 0.001 Product.get  pybend/core/models/storable_mixin.py:102
               └─ 0.001 SQLiteStorage.get  pybend/core/storage/sqlite_storage.py:240
                  └─ 0.001 SQLiteStorage._populate_fields  pybend/core/storage/sqlite_storage.py:320
                     └─ 0.001 ProductComment.__init__  pybend/core/models/proto_model.py:96
                        └─ 0.001 <lambda>  pybend/core/utils/typer.py:87



========================================================================
GET /products/2  ->  200  (2.8ms)
========================================================================

  _     ._   __/__   _ _  _  _ _/_   Recorded: 14:01:43  Samples:  2
 /_//_/// /_\ / //_// / //_'/ //     Duration: 0.003     CPU time: 0.003
/   _/                      v5.1.2

Profile at /code/pystack/pybend/src/pybend/example/../../pybend/core/tests/profiling/middleware.py:57

0.002 Handle._run  asyncio/events.py:86
└─ 0.002 coro  starlette/middleware/base.py:136
      [15 frames hidden]  starlette, fastapi
         0.001 jsonable_encoder  fastapi/encoders.py:102
         0.001 run_endpoint_function  fastapi/routing.py:204
         └─ 0.001 read_instance  pybend/core/api/routes_fastapi.py:184
            └─ 0.001 Product.get  pybend/core/models/storable_mixin.py:102
               └─ 0.001 SQLiteStorage.get  pybend/core/storage/sqlite_storage.py:240
                  └─ 0.001 SQLiteStorage._populate_fields  pybend/core/storage/sqlite_storage.py:320
                     └─ 0.001 ProductComment.model_dump  pybend/core/models/proto_model.py:117
                        └─ 0.001 ProductComment.model_dump  pydantic/main.py:309
                           └─ 0.001 SchemaSerializer.to_python  <built-in>



========================================================================
GET /products/3  ->  200  (2.6ms)
========================================================================

  _     ._   __/__   _ _  _  _ _/_   Recorded: 14:01:43  Samples:  3
 /_//_/// /_\ / //_// / //_'/ //     Duration: 0.003     CPU time: 0.003
/   _/                      v5.1.2

Profile at /code/pystack/pybend/src/pybend/example/../../pybend/core/tests/profiling/middleware.py:57

0.003 Handle._run  asyncio/events.py:86
├─ 0.002 coro  starlette/middleware/base.py:136
│     [14 frames hidden]  starlette, fastapi
│        0.001 jsonable_encoder  fastapi/encoders.py:102
│        0.001 run_endpoint_function  fastapi/routing.py:204
│        └─ 0.001 read_instance  pybend/core/api/routes_fastapi.py:184
│           └─ 0.001 Product.get  pybend/core/models/storable_mixin.py:102
│              └─ 0.001 SQLiteStorage.get  pybend/core/storage/sqlite_storage.py:240
│                 └─ 0.001 SQLiteStorage._populate_fields  pybend/core/storage/sqlite_storage.py:320
│                    └─ 0.001 Cursor.fetchall  <built-in>
└─ 0.001 RequestResponseCycle.run_asgi  uvicorn/protocols/http/h11_impl.py:401
      [3 frames hidden]  uvicorn, fastapi, starlette
         0.001 ServerErrorMiddleware.__call__  starlette/middleware/errors.py:150
         └─ 0.001 ProfilingMiddleware.__call__  pybend/core/tests/profiling/middleware.py:35
            └─ 0.001 Profiler.stop  pyinstrument/profiler.py:171
               └─ 0.001 StackSampler.unsubscribe  pyinstrument/stack_sampler.py:100



========================================================================
GET /products/1  ->  200  (5.0ms)
========================================================================

  _     ._   __/__   _ _  _  _ _/_   Recorded: 14:01:43  Samples:  5
 /_//_/// /_\ / //_// / //_'/ //     Duration: 0.005     CPU time: 0.005
/   _/                      v5.1.2

Profile at /code/pystack/pybend/src/pybend/example/../../pybend/core/tests/profiling/middleware.py:57

0.004 Handle._run  asyncio/events.py:86
├─ 0.004 coro  starlette/middleware/base.py:136
│     [22 frames hidden]  starlette, fastapi, json
│        0.002 jsonable_encoder  fastapi/encoders.py:102
│        │  0.001 jsonable_encoder  fastapi/encoders.py:102
│        └─ 0.001 [self]  fastapi/encoders.py
│        0.001 JSONEncoder.iterencode  json/encoder.py:205
│        0.001 run_endpoint_function  fastapi/routing.py:204
│        └─ 0.001 read_instance  pybend/core/api/routes_fastapi.py:184
│           └─ 0.001 Product.get  pybend/core/models/storable_mixin.py:102
│              └─ 0.001 SQLiteStorage.get  pybend/core/storage/sqlite_storage.py:240
│                 └─ 0.001 SQLiteStorage._populate_fields  pybend/core/storage/sqlite_storage.py:320
│                    └─ 0.001 SQLiteStorage._populate_fields  pybend/core/storage/sqlite_storage.py:320
└─ 0.000 RequestResponseCycle.run_asgi  uvicorn/protocols/http/h11_impl.py:401
      [3 frames hidden]  uvicorn, fastapi, starlette
         0.000 ServerErrorMiddleware.__call__  starlette/middleware/errors.py:150
         └─ 0.000 ProfilingMiddleware.__call__  pybend/core/tests/profiling/middleware.py:35
            └─ 0.000 JWTAuthMiddleware.__call__  starlette/middleware/base.py:98
               └─ 0.000 JWTAuthMiddleware.dispatch  pybend/core/api/backend.py:92
                  └─ 0.000 decode_token  pybend/core/authorize/auth.py:57
                     └─ 0.000 PyJWT.decode  jwt/api_jwt.py:306
                           [3 frames hidden]  jwt, <built-in>



========================================================================
GET /products/2  ->  200  (5.1ms)
========================================================================

  _     ._   __/__   _ _  _  _ _/_   Recorded: 14:01:43  Samples:  5
 /_//_/// /_\ / //_// / //_'/ //     Duration: 0.005     CPU time: 0.005
/   _/                      v5.1.2

Profile at /code/pystack/pybend/src/pybend/example/../../pybend/core/tests/profiling/middleware.py:57

0.004 Handle._run  asyncio/events.py:86
├─ 0.003 coro  starlette/middleware/base.py:136
│     [16 frames hidden]  starlette, fastapi
│        0.002 jsonable_encoder  fastapi/encoders.py:102
│        0.001 run_endpoint_function  fastapi/routing.py:204
│        └─ 0.001 read_instance  pybend/core/api/routes_fastapi.py:184
│           └─ 0.001 Product.get  pybend/core/models/storable_mixin.py:102
│              └─ 0.001 SQLiteStorage.get  pybend/core/storage/sqlite_storage.py:240
│                 ├─ 0.001 SQLiteStorage._populate_fields  pybend/core/storage/sqlite_storage.py:320
│                 │  └─ 0.001 SQLiteStorage._populate_fields  pybend/core/storage/sqlite_storage.py:320
│                 │     └─ 0.001 CommentLike.__init__  pybend/core/models/proto_model.py:96
│                 └─ 0.000 Cursor.execute  <built-in>
└─ 0.001 RequestResponseCycle.run_asgi  uvicorn/protocols/http/h11_impl.py:401
      [3 frames hidden]  uvicorn, fastapi, starlette
         0.001 ServerErrorMiddleware.__call__  starlette/middleware/errors.py:150
         └─ 0.001 ProfilingMiddleware.__call__  pybend/core/tests/profiling/middleware.py:35
            └─ 0.001 JWTAuthMiddleware.__call__  starlette/middleware/base.py:98
               └─ 0.001 _StreamingResponse.__call__  starlette/middleware/base.py:205
                  └─ 0.001 send_wrapper  pybend/core/tests/profiling/middleware.py:48
                     └─ 0.001 _send  starlette/middleware/errors.py:157
                           [4 frames hidden]  uvicorn, logging
                              0.001 Logger.callHandlers  logging/__init__.py:1746



========================================================================
GET /products/3  ->  200  (5.1ms)
========================================================================

  _     ._   __/__   _ _  _  _ _/_   Recorded: 14:01:43  Samples:  5
 /_//_/// /_\ / //_// / //_'/ //     Duration: 0.005     CPU time: 0.005
/   _/                      v5.1.2

Profile at /code/pystack/pybend/src/pybend/example/../../pybend/core/tests/profiling/middleware.py:57

0.004 Handle._run  asyncio/events.py:86
└─ 0.004 coro  starlette/middleware/base.py:136
      [24 frames hidden]  starlette, fastapi, json, <frozen _co...
         0.001 isinstance  <built-in>
         0.001 jsonable_encoder  fastapi/encoders.py:102
         0.001 run_endpoint_function  fastapi/routing.py:204
         └─ 0.001 read_instance  pybend/core/api/routes_fastapi.py:184
            └─ 0.001 Product.get  pybend/core/models/storable_mixin.py:102
               └─ 0.001 SQLiteStorage.get  pybend/core/storage/sqlite_storage.py:240
                  └─ 0.001 SQLiteStorage._populate_fields  pybend/core/storage/sqlite_storage.py:320
                     └─ 0.001 SQLiteStorage._populate_fields  pybend/core/storage/sqlite_storage.py:320
                        └─ 0.001 CommentLike.__init__  pybend/core/models/proto_model.py:96
         0.001 JSONEncoder.iterencode  json/encoder.py:205



========================================================================
GET /users/1  ->  200  (1.5ms)
========================================================================

  _     ._   __/__   _ _  _  _ _/_   Recorded: 14:01:43  Samples:  1
 /_//_/// /_\ / //_// / //_'/ //     Duration: 0.001     CPU time: 0.001
/   _/                      v5.1.2

Profile at /code/pystack/pybend/src/pybend/example/../../pybend/core/tests/profiling/middleware.py:57

0.001 ProfilingMiddleware.__call__  pybend/core/tests/profiling/middleware.py:35
└─ 0.001 JWTAuthMiddleware.__call__  starlette/middleware/base.py:98
   └─ 0.001 _StreamingResponse.__call__  starlette/middleware/base.py:205
      └─ 0.001 send_wrapper  pybend/core/tests/profiling/middleware.py:48
         └─ 0.001 _send  starlette/middleware/errors.py:157
               [11 frames hidden]  uvicorn, logging
                  0.001 HTTPStatus.__call__  enum.py:726



========================================================================
GET /products/1/comments  ->  200  (9.6ms)
========================================================================

  _     ._   __/__   _ _  _  _ _/_   Recorded: 14:01:43  Samples:  10
 /_//_/// /_\ / //_// / //_'/ //     Duration: 0.010     CPU time: 0.010
/   _/                      v5.1.2

Profile at /code/pystack/pybend/src/pybend/example/../../pybend/core/tests/profiling/middleware.py:57

0.009 Handle._run  asyncio/events.py:86
├─ 0.008 coro  starlette/middleware/base.py:136
│     [15 frames hidden]  starlette, fastapi
│        0.007 run_endpoint_function  fastapi/routing.py:204
│        └─ 0.007 list_all_instances  pybend/core/api/routes_fastapi.py:93
│           └─ 0.007 ProductComment.list  pybend/core/models/storable_mixin.py:91
│              └─ 0.007 SQLiteStorage.list  pybend/core/storage/sqlite_storage.py:124
│                 ├─ 0.004 ProductComment.__init__  pybend/core/models/proto_model.py:96
│                 │  ├─ 0.002 [self]  pybend/core/models/proto_model.py
│                 │  └─ 0.002 SchemaValidator.validate_python  <built-in>
│                 ├─ 0.002 [self]  pybend/core/storage/sqlite_storage.py
│                 └─ 0.001 Cursor.execute  <built-in>
└─ 0.001 RequestResponseCycle.run_asgi  uvicorn/protocols/http/h11_impl.py:401
      [3 frames hidden]  uvicorn, fastapi, starlette
         0.001 ServerErrorMiddleware.__call__  starlette/middleware/errors.py:150
         └─ 0.001 ProfilingMiddleware.__call__  pybend/core/tests/profiling/middleware.py:35
            └─ 0.001 JWTAuthMiddleware.__call__  starlette/middleware/base.py:98
                  [2 frames hidden]  anyio



========================================================================
GET /products/2/comments  ->  200  (9.2ms)
========================================================================

  _     ._   __/__   _ _  _  _ _/_   Recorded: 14:01:43  Samples:  9
 /_//_/// /_\ / //_// / //_'/ //     Duration: 0.009     CPU time: 0.009
/   _/                      v5.1.2

Profile at /code/pystack/pybend/src/pybend/example/../../pybend/core/tests/profiling/middleware.py:57

0.009 Handle._run  asyncio/events.py:86
├─ 0.008 coro  starlette/middleware/base.py:136
│     [11 frames hidden]  starlette, fastapi
│        0.008 run_endpoint_function  fastapi/routing.py:204
│        └─ 0.007 list_all_instances  pybend/core/api/routes_fastapi.py:93
│           └─ 0.007 ProductComment.list  pybend/core/models/storable_mixin.py:91
│              └─ 0.007 SQLiteStorage.list  pybend/core/storage/sqlite_storage.py:124
│                 ├─ 0.003 ProductComment.__init__  pybend/core/models/proto_model.py:96
│                 │  ├─ 0.001 SchemaValidator.validate_python  <built-in>
│                 │  ├─ 0.001 [self]  pybend/core/models/proto_model.py
│                 │  └─ 0.001 Mapping.__instancecheck__  <frozen abc>:117
│                 ├─ 0.003 [self]  pybend/core/storage/sqlite_storage.py
│                 └─ 0.001 Cursor.fetchall  <built-in>
└─ 0.001 RequestResponseCycle.run_asgi  uvicorn/protocols/http/h11_impl.py:401
      [3 frames hidden]  uvicorn, fastapi, starlette
         0.001 ServerErrorMiddleware.__call__  starlette/middleware/errors.py:150
         └─ 0.001 ProfilingMiddleware.__call__  pybend/core/tests/profiling/middleware.py:35
            └─ 0.001 JWTAuthMiddleware.__call__  starlette/middleware/base.py:98
               └─ 0.001 _StreamingResponse.__call__  starlette/middleware/base.py:205
                  └─ 0.001 send_wrapper  pybend/core/tests/profiling/middleware.py:48
                     └─ 0.001 _send  starlette/middleware/errors.py:157



========================================================================
GET /products/1/favorites  ->  200  (3.4ms)
========================================================================

  _     ._   __/__   _ _  _  _ _/_   Recorded: 14:01:43  Samples:  3
 /_//_/// /_\ / //_// / //_'/ //     Duration: 0.003     CPU time: 0.003
/   _/                      v5.1.2

Profile at /code/pystack/pybend/src/pybend/example/../../pybend/core/tests/profiling/middleware.py:57

0.003 Handle._run  asyncio/events.py:86
├─ 0.002 coro  starlette/middleware/base.py:136
│     [10 frames hidden]  starlette, fastapi
│        0.002 run_endpoint_function  fastapi/routing.py:204
│        └─ 0.002 list_all_instances  pybend/core/api/routes_fastapi.py:93
│           └─ 0.002 ProductLike.list  pybend/core/models/storable_mixin.py:91
│              └─ 0.002 SQLiteStorage.list  pybend/core/storage/sqlite_storage.py:124
│                 ├─ 0.001 ProductLike.__init__  pybend/core/models/proto_model.py:96
│                 └─ 0.001 getattr  <built-in>
└─ 0.001 RequestResponseCycle.run_asgi  uvicorn/protocols/http/h11_impl.py:401
      [3 frames hidden]  uvicorn, fastapi, starlette
         0.001 ServerErrorMiddleware.__call__  starlette/middleware/errors.py:150
         └─ 0.001 ProfilingMiddleware.__call__  pybend/core/tests/profiling/middleware.py:35
            └─ 0.001 JWTAuthMiddleware.__call__  starlette/middleware/base.py:98
               └─ 0.001 _StreamingResponse.__call__  starlette/middleware/base.py:205
                  └─ 0.001 send_wrapper  pybend/core/tests/profiling/middleware.py:48
                     └─ 0.001 _send  starlette/middleware/errors.py:157
                           [4 frames hidden]  uvicorn, h11
                              0.001 Pattern.fullmatch  <built-in>



========================================================================
GET /products/2/favorites  ->  200  (3.4ms)
========================================================================

  _     ._   __/__   _ _  _  _ _/_   Recorded: 14:01:43  Samples:  3
 /_//_/// /_\ / //_// / //_'/ //     Duration: 0.003     CPU time: 0.003
/   _/                      v5.1.2

Profile at /code/pystack/pybend/src/pybend/example/../../pybend/core/tests/profiling/middleware.py:57

0.003 Handle._run  asyncio/events.py:86
├─ 0.002 coro  starlette/middleware/base.py:136
│     [10 frames hidden]  starlette, fastapi
│        0.002 run_endpoint_function  fastapi/routing.py:204
│        └─ 0.002 list_all_instances  pybend/core/api/routes_fastapi.py:93
│           └─ 0.002 ProductLike.list  pybend/core/models/storable_mixin.py:91
│              └─ 0.002 SQLiteStorage.list  pybend/core/storage/sqlite_storage.py:124
│                 ├─ 0.001 ProductLike.__init__  pybend/core/models/proto_model.py:96
│                 │  └─ 0.001 SchemaValidator.validate_python  <built-in>
│                 └─ 0.001 [self]  pybend/core/storage/sqlite_storage.py
└─ 0.001 RequestResponseCycle.run_asgi  uvicorn/protocols/http/h11_impl.py:401
      [3 frames hidden]  uvicorn, fastapi, starlette
         0.001 ServerErrorMiddleware.__call__  starlette/middleware/errors.py:150
         └─ 0.001 ProfilingMiddleware.__call__  pybend/core/tests/profiling/middleware.py:35
            └─ 0.001 JWTAuthMiddleware.__call__  starlette/middleware/base.py:98
               └─ 0.001 _StreamingResponse.__call__  starlette/middleware/base.py:205
                  └─ 0.001 send_wrapper  pybend/core/tests/profiling/middleware.py:48
                     └─ 0.001 _send  starlette/middleware/errors.py:157
                           [5 frames hidden]  uvicorn, logging
                              0.001 dict.get  <built-in>



========================================================================
POST /users/login  ->  200  (184.4ms)
========================================================================

  _     ._   __/__   _ _  _  _ _/_   Recorded: 14:01:43  Samples:  3
 /_//_/// /_\ / //_// / //_'/ //     Duration: 0.184     CPU time: 0.184
/   _/                      v5.1.2

Profile at /code/pystack/pybend/src/pybend/example/../../pybend/core/tests/profiling/middleware.py:57

0.184 Handle._run  asyncio/events.py:86
└─ 0.183 coro  starlette/middleware/base.py:136
      [10 frames hidden]  starlette, fastapi
         0.182 run_endpoint_function  fastapi/routing.py:204
         └─ 0.182 post_no_id  pybend/core/api/routes_fastapi.py:336
            └─ 0.182 User.login  pybend/core/models/base_user.py:74
               └─ 0.182 verify_password  pybend/core/authorize/auth.py:42
                  └─ 0.182 checkpw  <built-in>



========================================================================
POST /products  ->  201  (24.3ms)
========================================================================

  _     ._   __/__   _ _  _  _ _/_   Recorded: 14:01:43  Samples:  6
 /_//_/// /_\ / //_// / //_'/ //     Duration: 0.024     CPU time: 0.006
/   _/                      v5.1.2

Profile at /code/pystack/pybend/src/pybend/example/../../pybend/core/tests/profiling/middleware.py:57

0.024 Handle._run  asyncio/events.py:86
├─ 0.023 coro  starlette/middleware/base.py:136
│     [63 frames hidden]  starlette, fastapi, <string>, pydanti...
│        0.019 run_endpoint_function  fastapi/routing.py:204
│        └─ 0.019 create_instance  pybend/core/api/routes_fastapi.py:60
│           └─ 0.019 Product.create  pybend/core/models/storable_mixin.py:63
│              └─ 0.019 SQLiteStorage.create  pybend/core/storage/sqlite_storage.py:93
│                 └─ 0.019 Connection.commit  <built-in>
└─ 0.001 RequestResponseCycle.run_asgi  uvicorn/protocols/http/h11_impl.py:401
      [3 frames hidden]  uvicorn, fastapi, starlette
         0.001 ServerErrorMiddleware.__call__  starlette/middleware/errors.py:150
         └─ 0.001 ProfilingMiddleware.__call__  pybend/core/tests/profiling/middleware.py:35
            └─ 0.001 JWTAuthMiddleware.__call__  starlette/middleware/base.py:98
               └─ 0.001 _StreamingResponse.__call__  starlette/middleware/base.py:205
                  └─ 0.001 send_wrapper  pybend/core/tests/profiling/middleware.py:48
                     └─ 0.001 _send  starlette/middleware/errors.py:157
                        └─ 0.001 RequestResponseCycle.send  uvicorn/protocols/http/h11_impl.py:447



========================================================================
POST /products  ->  201  (7.7ms)
========================================================================

  _     ._   __/__   _ _  _  _ _/_   Recorded: 14:01:43  Samples:  3
 /_//_/// /_\ / //_// / //_'/ //     Duration: 0.008     CPU time: 0.002
/   _/                      v5.1.2

Profile at /code/pystack/pybend/src/pybend/example/../../pybend/core/tests/profiling/middleware.py:57

0.007 Handle._run  asyncio/events.py:86
├─ 0.006 coro  starlette/middleware/base.py:136
│     [10 frames hidden]  starlette, fastapi
│        0.006 run_endpoint_function  fastapi/routing.py:204
│        └─ 0.006 create_instance  pybend/core/api/routes_fastapi.py:60
│           └─ 0.006 Product.create  pybend/core/models/storable_mixin.py:63
│              ├─ 0.005 SQLiteStorage.create  pybend/core/storage/sqlite_storage.py:93
│              │  └─ 0.005 Connection.commit  <built-in>
│              └─ 0.001 Logger.debug  logging/__init__.py:1517
│                 └─ 0.001 Logger.isEnabledFor  logging/__init__.py:1790
└─ 0.001 RequestResponseCycle.run_asgi  uvicorn/protocols/http/h11_impl.py:401
      [3 frames hidden]  uvicorn, fastapi, starlette
         0.001 ServerErrorMiddleware.__call__  starlette/middleware/errors.py:150
         └─ 0.001 ProfilingMiddleware.__call__  pybend/core/tests/profiling/middleware.py:35
            └─ 0.001 JWTAuthMiddleware.__call__  starlette/middleware/base.py:98
               └─ 0.001 _StreamingResponse.__call__  starlette/middleware/base.py:205
                  └─ 0.001 send_wrapper  pybend/core/tests/profiling/middleware.py:48
                     └─ 0.001 _send  starlette/middleware/errors.py:157
                           [3 frames hidden]  uvicorn, asyncio, <built-in>



========================================================================
POST /products  ->  201  (7.8ms)
========================================================================

  _     ._   __/__   _ _  _  _ _/_   Recorded: 14:01:43  Samples:  3
 /_//_/// /_\ / //_// / //_'/ //     Duration: 0.008     CPU time: 0.002
/   _/                      v5.1.2

Profile at /code/pystack/pybend/src/pybend/example/../../pybend/core/tests/profiling/middleware.py:57

0.007 Handle._run  asyncio/events.py:86
├─ 0.007 coro  starlette/middleware/base.py:136
│     [17 frames hidden]  starlette, fastapi, anyio, asyncio
│        0.006 run_endpoint_function  fastapi/routing.py:204
│        └─ 0.006 create_instance  pybend/core/api/routes_fastapi.py:60
│           └─ 0.006 Product.create  pybend/core/models/storable_mixin.py:63
│              └─ 0.006 SQLiteStorage.create  pybend/core/storage/sqlite_storage.py:93
│                 └─ 0.006 Connection.commit  <built-in>
└─ 0.001 RequestResponseCycle.run_asgi  uvicorn/protocols/http/h11_impl.py:401
      [3 frames hidden]  uvicorn, fastapi, starlette
         0.001 ServerErrorMiddleware.__call__  starlette/middleware/errors.py:150
         └─ 0.001 ProfilingMiddleware.__call__  pybend/core/tests/profiling/middleware.py:35
            └─ 0.001 JWTAuthMiddleware.__call__  starlette/middleware/base.py:98
               └─ 0.001 _StreamingResponse.__call__  starlette/middleware/base.py:205
                  └─ 0.001 send_wrapper  pybend/core/tests/profiling/middleware.py:48
                     └─ 0.001 _send  starlette/middleware/errors.py:157
                           [3 frames hidden]  uvicorn, h11



========================================================================
POST /products/1/comment  ->  200  (7.8ms)
========================================================================

  _     ._   __/__   _ _  _  _ _/_   Recorded: 14:01:43  Samples:  4
 /_//_/// /_\ / //_// / //_'/ //     Duration: 0.008     CPU time: 0.003
/   _/                      v5.1.2

Profile at /code/pystack/pybend/src/pybend/example/../../pybend/core/tests/profiling/middleware.py:57

0.007 Handle._run  asyncio/events.py:86
├─ 0.006 coro  starlette/middleware/base.py:136
│     [10 frames hidden]  starlette, fastapi
│        0.006 run_endpoint_function  fastapi/routing.py:204
│        └─ 0.006 post_with_id  pybend/core/api/routes_fastapi.py:300
│           └─ 0.006 Product.comment  models/product.py:62
│              └─ 0.006 Comment.save  pybend/core/models/storable_mixin.py:36
│                 └─ 0.006 Comment.create  pybend/core/models/storable_mixin.py:63
│                    ├─ 0.005 ProductComment.create  pybend/core/models/storable_mixin.py:63
│                    │  └─ 0.005 SQLiteStorage.create  pybend/core/storage/sqlite_storage.py:93
│                    │     └─ 0.005 Connection.commit  <built-in>
│                    └─ 0.001 Comment._storage_dict  pybend/core/models/storable_mixin.py:25
└─ 0.001 RequestResponseCycle.run_asgi  uvicorn/protocols/http/h11_impl.py:401
      [3 frames hidden]  uvicorn, fastapi, starlette
         0.001 ServerErrorMiddleware.__call__  starlette/middleware/errors.py:150
         └─ 0.001 ProfilingMiddleware.__call__  pybend/core/tests/profiling/middleware.py:35
            └─ 0.001 JWTAuthMiddleware.__call__  starlette/middleware/base.py:98
               ├─ 0.001 _StreamingResponse.__call__  starlette/middleware/base.py:205
               │  └─ 0.001 send_wrapper  pybend/core/tests/profiling/middleware.py:48
               │     └─ 0.001 _send  starlette/middleware/errors.py:157
               │           [3 frames hidden]  uvicorn, h11, <built-in>
               └─ 0.000 JWTAuthMiddleware.dispatch  pybend/core/api/backend.py:92
                  └─ 0.000 decode_token  pybend/core/authorize/auth.py:57
                     └─ 0.000 PyJWT.decode  jwt/api_jwt.py:306
                           [2 frames hidden]  jwt



========================================================================
POST /products/2/comment  ->  200  (7.8ms)
========================================================================

  _     ._   __/__   _ _  _  _ _/_   Recorded: 14:01:43  Samples:  4
 /_//_/// /_\ / //_// / //_'/ //     Duration: 0.008     CPU time: 0.003
/   _/                      v5.1.2

Profile at /code/pystack/pybend/src/pybend/example/../../pybend/core/tests/profiling/middleware.py:57

0.007 Handle._run  asyncio/events.py:86
├─ 0.007 coro  starlette/middleware/base.py:136
│     [11 frames hidden]  starlette, fastapi
│        0.006 run_endpoint_function  fastapi/routing.py:204
│        └─ 0.006 post_with_id  pybend/core/api/routes_fastapi.py:300
│           └─ 0.006 Product.comment  models/product.py:62
│              └─ 0.006 Comment.save  pybend/core/models/storable_mixin.py:36
│                 └─ 0.006 Comment.create  pybend/core/models/storable_mixin.py:63
│                    └─ 0.006 ProductComment.create  pybend/core/models/storable_mixin.py:63
│                       └─ 0.006 SQLiteStorage.create  pybend/core/storage/sqlite_storage.py:93
│                          ├─ 0.005 Connection.commit  <built-in>
│                          └─ 0.001 Logger.info  logging/__init__.py:1529
│                                [3 frames hidden]  logging
└─ 0.001 _UnixSelectorEventLoop.call_soon  asyncio/base_events.py:785
      [2 frames hidden]  asyncio, <built-in>



========================================================================
POST /products/1/favorite  ->  200  (8.1ms)
========================================================================

  _     ._   __/__   _ _  _  _ _/_   Recorded: 14:01:43  Samples:  4
 /_//_/// /_\ / //_// / //_'/ //     Duration: 0.008     CPU time: 0.002
/   _/                      v5.1.2

Profile at /code/pystack/pybend/src/pybend/example/../../pybend/core/tests/profiling/middleware.py:57

0.008 Handle._run  asyncio/events.py:86
├─ 0.007 coro  starlette/middleware/base.py:136
│     [11 frames hidden]  starlette, fastapi
│        0.007 run_endpoint_function  fastapi/routing.py:204
│        └─ 0.007 post_with_id  pybend/core/api/routes_fastapi.py:300
│           ├─ 0.006 Product.favorite  models/product.py:72
│           │  └─ 0.006 ProductLike.delete  pybend/core/models/storable_mixin.py:125
│           │     └─ 0.006 SQLiteStorage.delete  pybend/core/storage/sqlite_storage.py:584
│           │        └─ 0.006 Connection.commit  <built-in>
│           └─ 0.001 Product.get  pybend/core/models/storable_mixin.py:102
│              └─ 0.001 SQLiteStorage.get  pybend/core/storage/sqlite_storage.py:240
│                 └─ 0.001 Product.__init__  pybend/core/models/proto_model.py:96
└─ 0.001 RequestResponseCycle.run_asgi  uvicorn/protocols/http/h11_impl.py:401
      [3 frames hidden]  uvicorn, fastapi, starlette
         0.001 ServerErrorMiddleware.__call__  starlette/middleware/errors.py:150
         └─ 0.001 ProfilingMiddleware.__call__  pybend/core/tests/profiling/middleware.py:35



========================================================================
POST /products/2/favorite  ->  200  (8.0ms)
========================================================================

  _     ._   __/__   _ _  _  _ _/_   Recorded: 14:01:43  Samples:  4
 /_//_/// /_\ / //_// / //_'/ //     Duration: 0.008     CPU time: 0.003
/   _/                      v5.1.2

Profile at /code/pystack/pybend/src/pybend/example/../../pybend/core/tests/profiling/middleware.py:57

0.007 Handle._run  asyncio/events.py:86
├─ 0.007 coro  starlette/middleware/base.py:136
│     [17 frames hidden]  starlette, fastapi, anyio
│        0.007 run_endpoint_function  fastapi/routing.py:204
│        └─ 0.007 post_with_id  pybend/core/api/routes_fastapi.py:300
│           ├─ 0.006 Product.favorite  models/product.py:72
│           │  └─ 0.006 Like.save  pybend/core/models/storable_mixin.py:36
│           │     └─ 0.006 Like.create  pybend/core/models/storable_mixin.py:63
│           │        └─ 0.006 ProductLike.create  pybend/core/models/storable_mixin.py:63
│           │           └─ 0.006 SQLiteStorage.create  pybend/core/storage/sqlite_storage.py:93
│           │              └─ 0.006 Connection.commit  <built-in>
│           └─ 0.001 Product.get  pybend/core/models/storable_mixin.py:102
│              └─ 0.001 SQLiteStorage.get  pybend/core/storage/sqlite_storage.py:240
└─ 0.000 RequestResponseCycle.run_asgi  uvicorn/protocols/http/h11_impl.py:401
      [3 frames hidden]  uvicorn, fastapi, starlette
         0.000 ServerErrorMiddleware.__call__  starlette/middleware/errors.py:150
         └─ 0.000 ProfilingMiddleware.__call__  pybend/core/tests/profiling/middleware.py:35
            └─ 0.000 JWTAuthMiddleware.__call__  starlette/middleware/base.py:98
                  [2 frames hidden]  contextlib



========================================================================
POST /products/3/favorite  ->  200  (8.1ms)
========================================================================

  _     ._   __/__   _ _  _  _ _/_   Recorded: 14:01:43  Samples:  4
 /_//_/// /_\ / //_// / //_'/ //     Duration: 0.008     CPU time: 0.003
/   _/                      v5.1.2

Profile at /code/pystack/pybend/src/pybend/example/../../pybend/core/tests/profiling/middleware.py:57

0.008 Handle._run  asyncio/events.py:86
├─ 0.007 coro  starlette/middleware/base.py:136
│     [15 frames hidden]  starlette, fastapi
│        0.006 run_endpoint_function  fastapi/routing.py:204
│        └─ 0.006 post_with_id  pybend/core/api/routes_fastapi.py:300
│           └─ 0.006 Product.favorite  models/product.py:72
│              └─ 0.006 Like.save  pybend/core/models/storable_mixin.py:36
│                 └─ 0.006 Like.create  pybend/core/models/storable_mixin.py:63
│                    └─ 0.006 ProductLike.create  pybend/core/models/storable_mixin.py:63
│                       └─ 0.006 SQLiteStorage.create  pybend/core/storage/sqlite_storage.py:93
│                          └─ 0.006 Connection.commit  <built-in>
└─ 0.001 Server.serve  uvicorn/server.py:68
   └─ 0.001 Server._serve  uvicorn/server.py:72


########################################################################
# API Profiling: full-optimization
# 2026-02-25 14:01:43
########################################################################

Tier        Records Ops    Errors      Total ms     Avg ms
-------------------------------------------------------
empty             0 14     -               87.4        6.2
small            36 37     -              424.0       11.5
medium          197 37     -              453.2       12.2
large           433 37     -              500.0       13.5
full           2042 37     -              610.0       16.5
-------------------------------------------------------
TOTAL               162    -             2074.6

--- Tier: empty (14 operations, 0 records) ---
Operation                                Method Status         ms
----------------------------------------------------------------
schema_Product_cold                      GET    200         33.45
schema_Product_warm                      GET    200          6.19
schema_Product_warm2                     GET    200          6.49
schema_User_cold                         GET    200          8.16
schema_User_warm                         GET    200          9.17
schema_User_warm2                        GET    200          3.96
list_products_d0_limit_10                GET    200          2.80
list_products_d0_limit_25                GET    200          3.07
list_products_d1_limit_10                GET    200          3.53
list_products_d1_limit_25                GET    200          2.23
list_products_d2_limit_10                GET    200          1.97
list_products_d2_limit_25                GET    200          2.29
list_products_all                        GET    200          1.89
list_users                               GET    200          2.20
----------------------------------------------------------------
TOTAL                                                       87.40

--- Tier: small (37 operations, 36 records) ---
Operation                                Method Status         ms
----------------------------------------------------------------
schema_Product_cold                      GET    200          6.45
schema_Product_warm                      GET    200          6.57
schema_Product_warm2                     GET    200          6.72
schema_User_cold                         GET    200          8.33
schema_User_warm                         GET    200          6.08
schema_User_warm2                        GET    200          3.48
list_products_d0_limit_10                GET    200          3.95
list_products_d0_limit_25                GET    200          3.60
list_products_d1_limit_10                GET    200          5.67
list_products_d1_limit_25                GET    200          5.60
list_products_d2_limit_10                GET    200          8.20
list_products_d2_limit_25                GET    200          8.22
list_products_all                        GET    200          4.24
list_users                               GET    200          2.78
get_product_1_d0                         GET    200          2.64
get_product_2_d0                         GET    200          1.81
get_product_3_d0                         GET    200          2.04
get_product_1_d1                         GET    200          2.75
get_product_2_d1                         GET    200          3.33
get_product_3_d1                         GET    200          2.63
get_product_1_d2                         GET    200          3.33
get_product_2_d2                         GET    200          3.33
get_product_3_d2                         GET    200          3.95
get_user_1                               GET    200          3.66
get_product_1_comments                   GET    200          2.82
get_product_2_comments                   GET    200          2.44
get_product_1_favorites                  GET    200          2.85
get_product_2_favorites                  GET    200          2.78
login                                    POST   200        189.92
create_product_1                         POST   201         26.79
create_product_2                         POST   201         22.64
create_product_3                         POST   201         10.14
comment_on_product_1                     POST   200         10.82
comment_on_product_2                     POST   200         11.27
favorite_product_1                       POST   200         10.30
favorite_product_2                       POST   200         11.12
favorite_product_3                       POST   200         10.76
----------------------------------------------------------------
TOTAL                                                      424.01

--- Tier: medium (37 operations, 197 records) ---
Operation                                Method Status         ms
----------------------------------------------------------------
schema_Product_cold                      GET    200          5.80
schema_Product_warm                      GET    200          6.55
schema_Product_warm2                     GET    200          6.49
schema_User_cold                         GET    200          7.47
schema_User_warm                         GET    200          7.00
schema_User_warm2                        GET    200          3.38
list_products_d0_limit_10                GET    200          4.05
list_products_d0_limit_25                GET    200          3.90
list_products_d1_limit_10                GET    200          9.15
list_products_d1_limit_25                GET    200         10.87
list_products_d2_limit_10                GET    200         19.06
list_products_d2_limit_25                GET    200         22.97
list_products_all                        GET    200          6.25
list_users                               GET    200          3.50
get_product_1_d0                         GET    200          3.08
get_product_2_d0                         GET    200          2.74
get_product_3_d0                         GET    200          2.47
get_product_1_d1                         GET    200          2.68
get_product_2_d1                         GET    200          3.13
get_product_3_d1                         GET    200          3.59
get_product_1_d2                         GET    200          4.50
get_product_2_d2                         GET    200          5.18
get_product_3_d2                         GET    200          4.60
get_user_1                               GET    200          2.83
get_product_1_comments                   GET    200          3.00
get_product_2_comments                   GET    200          4.83
get_product_1_favorites                  GET    200          2.90
get_product_2_favorites                  GET    200          2.96
login                                    POST   200        188.08
create_product_1                         POST   201         26.48
create_product_2                         POST   201         15.59
create_product_3                         POST   201          9.46
comment_on_product_1                     POST   200          9.92
comment_on_product_2                     POST   200         10.37
favorite_product_1                       POST   200          9.61
favorite_product_2                       POST   200          9.02
favorite_product_3                       POST   200          9.78
----------------------------------------------------------------
TOTAL                                                      453.24

--- Tier: large (37 operations, 433 records) ---
Operation                                Method Status         ms
----------------------------------------------------------------
schema_Product_cold                      GET    200          5.99
schema_Product_warm                      GET    200          7.35
schema_Product_warm2                     GET    200          6.68
schema_User_cold                         GET    200          8.01
schema_User_warm                         GET    200          6.62
schema_User_warm2                        GET    200          4.08
list_products_d0_limit_10                GET    200          4.27
list_products_d0_limit_25                GET    200          5.16
list_products_d1_limit_10                GET    200         11.70
list_products_d1_limit_25                GET    200         20.23
list_products_d2_limit_10                GET    200         20.06
list_products_d2_limit_25                GET    200         46.41
list_products_all                        GET    200         10.42
list_users                               GET    200          4.21
get_product_1_d0                         GET    200          3.23
get_product_2_d0                         GET    200          2.28
get_product_3_d0                         GET    200          2.46
get_product_1_d1                         GET    200          3.74
get_product_2_d1                         GET    200          3.19
get_product_3_d1                         GET    200          3.87
get_product_1_d2                         GET    200          4.62
get_product_2_d2                         GET    200          4.93
get_product_3_d2                         GET    200          4.77
get_user_1                               GET    200          2.84
get_product_1_comments                   GET    200          3.94
get_product_2_comments                   GET    200          4.78
get_product_1_favorites                  GET    200          3.64
get_product_2_favorites                  GET    200          2.98
login                                    POST   200        186.28
create_product_1                         POST   201         26.29
create_product_2                         POST   201         13.23
create_product_3                         POST   201          9.78
comment_on_product_1                     POST   200         10.50
comment_on_product_2                     POST   200         10.40
favorite_product_1                       POST   200          9.94
favorite_product_2                       POST   200         10.67
favorite_product_3                       POST   200         10.41
----------------------------------------------------------------
TOTAL                                                      499.96

--- Tier: full (37 operations, 2042 records) ---
Operation                                Method Status         ms
----------------------------------------------------------------
schema_Product_cold                      GET    200          5.84
schema_Product_warm                      GET    200          6.44
schema_Product_warm2                     GET    200          6.32
schema_User_cold                         GET    200          8.42
schema_User_warm                         GET    200          5.49
schema_User_warm2                        GET    200          3.95
list_products_d0_limit_10                GET    200          4.88
list_products_d0_limit_25                GET    200          6.78
list_products_d1_limit_10                GET    200         15.96
list_products_d1_limit_25                GET    200         33.98
list_products_d2_limit_10                GET    200         39.51
list_products_d2_limit_25                GET    200         90.80
list_products_all                        GET    200         14.38
list_users                               GET    200          4.27
get_product_1_d0                         GET    200          2.60
get_product_2_d0                         GET    200          2.82
get_product_3_d0                         GET    200          2.78
get_product_1_d1                         GET    200          3.82
get_product_2_d1                         GET    200          4.09
get_product_3_d1                         GET    200          4.02
get_product_1_d2                         GET    200          6.79
get_product_2_d2                         GET    200          7.73
get_product_3_d2                         GET    200          7.30
get_user_1                               GET    200          3.52
get_product_1_comments                   GET    200         10.56
get_product_2_comments                   GET    200         11.20
get_product_1_favorites                  GET    200          5.03
get_product_2_favorites                  GET    200          5.02
login                                    POST   200        186.18
create_product_1                         POST   201         25.67
create_product_2                         POST   201         14.90
create_product_3                         POST   201          9.69
comment_on_product_1                     POST   200         10.19
comment_on_product_2                     POST   200          9.81
favorite_product_1                       POST   200          9.46
favorite_product_2                       POST   200          9.77
favorite_product_3                       POST   200         10.06
----------------------------------------------------------------
TOTAL                                                      610.03

