
========================================================================
GET /Product  ->  200  (25.9ms)
========================================================================

  _     ._   __/__   _ _  _  _ _/_   Recorded: 12:50:41  Samples:  26
 /_//_/// /_\ / //_// / //_'/ //     Duration: 0.026     CPU time: 0.026
/   _/                      v5.1.2

Profile at /code/pystack/pybend/src/pybend/example/../../pybend/core/tests/profiling/middleware.py:57

0.025 Handle._run  asyncio/events.py:86
├─ 0.021 coro  starlette/middleware/base.py:136
│     [20 frames hidden]  starlette, fastapi, pydantic, <built-in>
│        0.018 run_endpoint_function  fastapi/routing.py:204
│        └─ 0.018 get_model_schema  pybend/core/api/routes_fastapi.py:169
│           └─ 0.018 Product.schema  pybend/core/models/proto_model.py:197
│              ├─ 0.008 Product.model_json_schema  pydantic/main.py:413
│              │     [22 frames hidden]  pydantic
│              │        0.005 new_handler_func  pydantic/json_schema.py:520
│              │        └─ 0.005 Product.__get_pydantic_json_schema__  pybend/core/models/proto_model.py:341
│              │           └─ 0.005 Product.__get_pydantic_json_schema__  pydantic/main.py:628
│              │                 [70 frames hidden]  pydantic, <built-in>, re
│              │                    0.001 new_handler_func  pydantic/json_schema.py:520
│              │                    └─ 0.001 Comment.__get_pydantic_json_schema__  pybend/core/models/proto_model.py:341
│              │                       └─ 0.001 Comment.__get_pydantic_json_schema__  pydantic/main.py:628
│              │                             [27 frames hidden]  pydantic
│              ├─ 0.008 Product.referenced_json_schema  pybend/core/models/proto_model.py:319
│              │  └─ 0.008 Product.model_json_schema  pydantic/main.py:413
│              │        [26 frames hidden]  pydantic, copy, <built-in>
│              │           0.003 new_handler_func  pydantic/json_schema.py:520
│              │           └─ 0.003 Product.__get_pydantic_json_schema__  pybend/core/models/proto_model.py:341
│              │              └─ 0.003 Product.__get_pydantic_json_schema__  pydantic/main.py:628
│              │                    [35 frames hidden]  pydantic, <built-in>
│              │                       0.001 new_handler_func  pydantic/json_schema.py:520
│              │                       └─ 0.001 Comment.__get_pydantic_json_schema__  pybend/core/models/proto_model.py:341
│              │                          └─ 0.001 Comment.__get_pydantic_json_schema__  pydantic/main.py:628
│              │                                [7 frames hidden]  pydantic, contextlib
│              │           0.002 new_handler_func  pydantic/json_schema.py:520
│              │           └─ 0.002 User.__get_pydantic_json_schema__  pybend/core/models/proto_model.py:341
│              │              └─ 0.002 User.__get_pydantic_json_schema__  pydantic/main.py:628
│              │                    [19 frames hidden]  pydantic
│              ├─ 0.001 deepcopy  copy.py:118
│              │     [11 frames hidden]  copy
│              └─ 0.001 collect_all_referenced_models  pybend/core/utils/introspection.py:62
│                 └─ 0.001 Product.__pybend_methods_json_signature__  pybend/core/models/proto_model.py:139
│                    └─ 0.001 hasattr  <built-in>
└─ 0.004 RequestResponseCycle.run_asgi  uvicorn/protocols/http/h11_impl.py:401
      [3 frames hidden]  uvicorn, fastapi, starlette
         0.004 ServerErrorMiddleware.__call__  starlette/middleware/errors.py:150
         └─ 0.004 ProfilingMiddleware.__call__  pybend/core/tests/profiling/middleware.py:35
            └─ 0.004 JWTAuthMiddleware.__call__  starlette/middleware/base.py:98
                  [10 frames hidden]  anyio, importlib, dataclasses, inspec...
                     0.001 _StreamingResponse.__call__  starlette/middleware/base.py:205
                     └─ 0.001 send_wrapper  pybend/core/tests/profiling/middleware.py:48
                        └─ 0.001 _send  starlette/middleware/errors.py:157
                              [8 frames hidden]  uvicorn, logging, <built-in>



========================================================================
GET /Product  ->  200  (4.5ms)
========================================================================

  _     ._   __/__   _ _  _  _ _/_   Recorded: 12:50:41  Samples:  4
 /_//_/// /_\ / //_// / //_'/ //     Duration: 0.005     CPU time: 0.005
/   _/                      v5.1.2

Profile at /code/pystack/pybend/src/pybend/example/../../pybend/core/tests/profiling/middleware.py:57

0.004 Handle._run  asyncio/events.py:86
└─ 0.004 coro  starlette/middleware/base.py:136
      [17 frames hidden]  starlette, fastapi
         0.004 app  starlette/routing.py:69
         │  0.001 str.startswith  <built-in>
         │  0.001 is_dataclass  dataclasses.py:1294
         │  0.001 run_endpoint_function  fastapi/routing.py:204
         │  └─ 0.001 get_model_schema  pybend/core/api/routes_fastapi.py:169
         │     └─ 0.001 Product.schema  pybend/core/models/proto_model.py:197
         │        └─ 0.001 deepcopy  copy.py:118
         │              [9 frames hidden]  copy
         │                 0.001 deepcopy  copy.py:118
         └─ 0.001 [self]  starlette/routing.py



========================================================================
GET /Product  ->  200  (5.4ms)
========================================================================

  _     ._   __/__   _ _  _  _ _/_   Recorded: 12:50:41  Samples:  6
 /_//_/// /_\ / //_// / //_'/ //     Duration: 0.005     CPU time: 0.005
/   _/                      v5.1.2

Profile at /code/pystack/pybend/src/pybend/example/../../pybend/core/tests/profiling/middleware.py:57

0.005 Handle._run  asyncio/events.py:86
├─ 0.004 coro  starlette/middleware/base.py:136
│     [19 frames hidden]  starlette, fastapi, <built-in>
│        0.001 run_endpoint_function  fastapi/routing.py:204
│        └─ 0.001 get_model_schema  pybend/core/api/routes_fastapi.py:169
│           └─ 0.001 Product.schema  pybend/core/models/proto_model.py:197
│              └─ 0.001 deepcopy  copy.py:118
│                    [8 frames hidden]  copy
│                       0.001 _deepcopy_dict  copy.py:217
├─ 0.001 _SelectorSocketTransport._read_ready  asyncio/selector_events.py:969
│     [5 frames hidden]  asyncio
└─ 0.000 RequestResponseCycle.run_asgi  uvicorn/protocols/http/h11_impl.py:401
      [3 frames hidden]  uvicorn, fastapi, starlette
         0.000 ServerErrorMiddleware.__call__  starlette/middleware/errors.py:150
         └─ 0.000 ProfilingMiddleware.__call__  pybend/core/tests/profiling/middleware.py:35
            └─ 0.000 JWTAuthMiddleware.__call__  starlette/middleware/base.py:98
               └─ 0.000 JWTAuthMiddleware.dispatch  pybend/core/api/backend.py:92
                  └─ 0.000 call_next  starlette/middleware/base.py:109
                        [5 frames hidden]  anyio, asyncio



========================================================================
GET /Product  ->  200  (4.4ms)
========================================================================

  _     ._   __/__   _ _  _  _ _/_   Recorded: 12:50:41  Samples:  5
 /_//_/// /_\ / //_// / //_'/ //     Duration: 0.004     CPU time: 0.004
/   _/                      v5.1.2

Profile at /code/pystack/pybend/src/pybend/example/../../pybend/core/tests/profiling/middleware.py:57

0.004 Handle._run  asyncio/events.py:86
├─ 0.003 coro  starlette/middleware/base.py:136
│     [14 frames hidden]  starlette, fastapi
│        0.001 isinstance  <built-in>
│        0.001 jsonable_encoder  fastapi/encoders.py:102
│        0.001 ModelMetaclass.__instancecheck__  pydantic/_internal/_model_construction.py:248
│        0.000 run_endpoint_function  fastapi/routing.py:204
│        └─ 0.000 get_model_schema  pybend/core/api/routes_fastapi.py:169
│           └─ 0.000 Product.schema  pybend/core/models/proto_model.py:197
│              └─ 0.000 deepcopy  copy.py:118
│                    [11 frames hidden]  copy, <built-in>
└─ 0.001 RequestResponseCycle.run_asgi  uvicorn/protocols/http/h11_impl.py:401
      [3 frames hidden]  uvicorn, fastapi, starlette
         0.001 ServerErrorMiddleware.__call__  starlette/middleware/errors.py:150
         └─ 0.001 ProfilingMiddleware.__call__  pybend/core/tests/profiling/middleware.py:35
            └─ 0.001 Profiler.stop  pyinstrument/profiler.py:171
               └─ 0.001 StackSampler.unsubscribe  pyinstrument/stack_sampler.py:100



========================================================================
GET /User  ->  200  (6.0ms)
========================================================================

  _     ._   __/__   _ _  _  _ _/_   Recorded: 12:50:41  Samples:  6
 /_//_/// /_\ / //_// / //_'/ //     Duration: 0.006     CPU time: 0.006
/   _/                      v5.1.2

Profile at /code/pystack/pybend/src/pybend/example/../../pybend/core/tests/profiling/middleware.py:57

0.006 Handle._run  asyncio/events.py:86
├─ 0.005 coro  starlette/middleware/base.py:136
│     [16 frames hidden]  starlette, fastapi, <built-in>
│        0.004 run_endpoint_function  fastapi/routing.py:204
│        └─ 0.004 get_model_schema  pybend/core/api/routes_fastapi.py:169
│           └─ 0.004 User.schema  pybend/core/models/proto_model.py:197
│              ├─ 0.002 User.model_json_schema  pydantic/main.py:413
│              │     [6 frames hidden]  pydantic
│              │        0.001 new_handler_func  pydantic/json_schema.py:520
│              │        └─ 0.001 User.__get_pydantic_json_schema__  pybend/core/models/proto_model.py:341
│              │           └─ 0.001 User.__get_pydantic_json_schema__  pydantic/main.py:628
│              │                 [7 frames hidden]  pydantic, contextlib
│              ├─ 0.001 User.__pybend_methods_json_signature__  pybend/core/models/proto_model.py:139
│              │  └─ 0.001 ModelMetaclass.__dir__  pydantic/_internal/_model_construction.py:278
│              │     └─ 0.001 User.__dir__  <built-in>
│              └─ 0.001 User.referenced_json_schema  pybend/core/models/proto_model.py:319
│                 └─ 0.001 User.model_json_schema  pydantic/main.py:413
│                       [5 frames hidden]  pydantic
└─ 0.001 RequestResponseCycle.run_asgi  uvicorn/protocols/http/h11_impl.py:401
      [3 frames hidden]  uvicorn, fastapi, starlette
         0.001 ServerErrorMiddleware.__call__  starlette/middleware/errors.py:150
         └─ 0.001 ProfilingMiddleware.__call__  pybend/core/tests/profiling/middleware.py:35
            └─ 0.001 JWTAuthMiddleware.__call__  starlette/middleware/base.py:98
               └─ 0.001 _StreamingResponse.__call__  starlette/middleware/base.py:205
                  └─ 0.001 send_wrapper  pybend/core/tests/profiling/middleware.py:48
                     └─ 0.001 _send  starlette/middleware/errors.py:157
                           [7 frames hidden]  uvicorn, h11



========================================================================
GET /User  ->  200  (2.3ms)
========================================================================

  _     ._   __/__   _ _  _  _ _/_   Recorded: 12:50:41  Samples:  2
 /_//_/// /_\ / //_// / //_'/ //     Duration: 0.002     CPU time: 0.002
/   _/                      v5.1.2

Profile at /code/pystack/pybend/src/pybend/example/../../pybend/core/tests/profiling/middleware.py:57

0.002 Handle._run  asyncio/events.py:86
├─ 0.001 RequestResponseCycle.run_asgi  uvicorn/protocols/http/h11_impl.py:401
│     [3 frames hidden]  uvicorn, fastapi, starlette
│        0.001 ServerErrorMiddleware.__call__  starlette/middleware/errors.py:150
│        └─ 0.001 ProfilingMiddleware.__call__  pybend/core/tests/profiling/middleware.py:35
│           └─ 0.001 JWTAuthMiddleware.__call__  starlette/middleware/base.py:98
│              └─ 0.001 _StreamingResponse.__call__  starlette/middleware/base.py:205
│                 └─ 0.001 send_wrapper  pybend/core/tests/profiling/middleware.py:48
│                    └─ 0.001 _send  starlette/middleware/errors.py:157
│                          [3 frames hidden]  uvicorn, h11
│                             0.001 Connection._process_event  h11/_connection.py:272
└─ 0.001 coro  starlette/middleware/base.py:136
      [15 frames hidden]  starlette, fastapi
         0.001 jsonable_encoder  fastapi/encoders.py:102



========================================================================
GET /User  ->  200  (2.3ms)
========================================================================

  _     ._   __/__   _ _  _  _ _/_   Recorded: 12:50:41  Samples:  3
 /_//_/// /_\ / //_// / //_'/ //     Duration: 0.002     CPU time: 0.002
/   _/                      v5.1.2

Profile at /code/pystack/pybend/src/pybend/example/../../pybend/core/tests/profiling/middleware.py:57

0.002 Handle._run  asyncio/events.py:86
├─ 0.002 coro  starlette/middleware/base.py:136
│     [16 frames hidden]  anyio, starlette, fastapi
│        0.001 MemoryObjectSendStream.close  anyio/streams/memory.py:279
│        0.001 jsonable_encoder  fastapi/encoders.py:102
└─ 0.000 RequestResponseCycle.run_asgi  uvicorn/protocols/http/h11_impl.py:401
      [3 frames hidden]  uvicorn, fastapi, starlette
         0.000 ServerErrorMiddleware.__call__  starlette/middleware/errors.py:150
         └─ 0.000 ProfilingMiddleware.__call__  pybend/core/tests/profiling/middleware.py:35
            └─ 0.000 Profiler.start  pyinstrument/profiler.py:118
                  [3 frames hidden]  pyinstrument



========================================================================
GET /products  ->  200  (1.8ms)
========================================================================

  _     ._   __/__   _ _  _  _ _/_   Recorded: 12:50:41  Samples:  2
 /_//_/// /_\ / //_// / //_'/ //     Duration: 0.002     CPU time: 0.002
/   _/                      v5.1.2

Profile at /code/pystack/pybend/src/pybend/example/../../pybend/core/tests/profiling/middleware.py:57

0.001 NoneType._run  asyncio/events.py:86
├─ 0.001 [self]  asyncio/events.py
└─ 0.000 RequestResponseCycle.run_asgi  uvicorn/protocols/http/h11_impl.py:401
      [3 frames hidden]  uvicorn, fastapi, starlette
         0.000 ServerErrorMiddleware.__call__  starlette/middleware/errors.py:150
         └─ 0.000 ProfilingMiddleware.__call__  pybend/core/tests/profiling/middleware.py:35
            └─ 0.000 JWTAuthMiddleware.__call__  starlette/middleware/base.py:98
                  [2 frames hidden]  anyio, typing



========================================================================
GET /products  ->  200  (1.6ms)
========================================================================

  _     ._   __/__   _ _  _  _ _/_   Recorded: 12:50:41  Samples:  2
 /_//_/// /_\ / //_// / //_'/ //     Duration: 0.002     CPU time: 0.002
/   _/                      v5.1.2

Profile at /code/pystack/pybend/src/pybend/example/../../pybend/core/tests/profiling/middleware.py:57

0.001 Handle._run  asyncio/events.py:86
├─ 0.001 RequestResponseCycle.run_asgi  uvicorn/protocols/http/h11_impl.py:401
│     [3 frames hidden]  uvicorn, fastapi, starlette
│        0.001 ServerErrorMiddleware.__call__  starlette/middleware/errors.py:150
│        └─ 0.001 ProfilingMiddleware.__call__  pybend/core/tests/profiling/middleware.py:35
│           └─ 0.001 JWTAuthMiddleware.__call__  starlette/middleware/base.py:98
│              └─ 0.001 _StreamingResponse.__call__  starlette/middleware/base.py:205
│                 └─ 0.001 send_wrapper  pybend/core/tests/profiling/middleware.py:48
│                    └─ 0.001 _send  starlette/middleware/errors.py:157
│                          [2 frames hidden]  uvicorn, asyncio
│                             0.001 socket.send  <built-in>
└─ 0.000 coro  starlette/middleware/base.py:136
      [11 frames hidden]  starlette, fastapi
         0.000 request_params_to_args  fastapi/dependencies/utils.py:740



========================================================================
GET /products  ->  200  (1.6ms)
========================================================================

  _     ._   __/__   _ _  _  _ _/_   Recorded: 12:50:41  Samples:  2
 /_//_/// /_\ / //_// / //_'/ //     Duration: 0.002     CPU time: 0.002
/   _/                      v5.1.2

Profile at /code/pystack/pybend/src/pybend/example/../../pybend/core/tests/profiling/middleware.py:57

0.001 ProfilingMiddleware.__call__  pybend/core/tests/profiling/middleware.py:35
└─ 0.001 JWTAuthMiddleware.__call__  starlette/middleware/base.py:98
   ├─ 0.001 _StreamingResponse.__call__  starlette/middleware/base.py:205
   │  └─ 0.001 send_wrapper  pybend/core/tests/profiling/middleware.py:48
   │     └─ 0.001 _send  starlette/middleware/errors.py:157
   │           [4 frames hidden]  uvicorn, h11
   │              0.001 Response.__init__  h11/_events.py:137
   └─ 0.000 [self]  starlette/middleware/base.py



========================================================================
GET /products  ->  200  (1.6ms)
========================================================================

  _     ._   __/__   _ _  _  _ _/_   Recorded: 12:50:41  Samples:  1
 /_//_/// /_\ / //_// / //_'/ //     Duration: 0.002     CPU time: 0.002
/   _/                      v5.1.2

Profile at /code/pystack/pybend/src/pybend/example/../../pybend/core/tests/profiling/middleware.py:57

0.001 Handle._run  asyncio/events.py:86
└─ 0.001 coro  starlette/middleware/base.py:136
      [12 frames hidden]  starlette, fastapi
         0.001 str.startswith  <built-in>



========================================================================
GET /products  ->  200  (1.7ms)
========================================================================

  _     ._   __/__   _ _  _  _ _/_   Recorded: 12:50:41  Samples:  2
 /_//_/// /_\ / //_// / //_'/ //     Duration: 0.002     CPU time: 0.002
/   _/                      v5.1.2

Profile at /code/pystack/pybend/src/pybend/example/../../pybend/core/tests/profiling/middleware.py:57

0.001 ProfilingMiddleware.__call__  pybend/core/tests/profiling/middleware.py:35
└─ 0.001 JWTAuthMiddleware.__call__  starlette/middleware/base.py:98
   ├─ 0.001 _StreamingResponse.__call__  starlette/middleware/base.py:205
   │  └─ 0.001 send_wrapper  pybend/core/tests/profiling/middleware.py:48
   │     └─ 0.001 _send  starlette/middleware/errors.py:157
   │        └─ 0.001 RequestResponseCycle.send  uvicorn/protocols/http/h11_impl.py:447
   │           └─ 0.001 Response.__init__  h11/_events.py:137
   └─ 0.000 JWTAuthMiddleware.dispatch  pybend/core/api/backend.py:92
      └─ 0.000 call_next  starlette/middleware/base.py:109
            [3 frames hidden]  anyio, asyncio



========================================================================
GET /products  ->  200  (1.7ms)
========================================================================

  _     ._   __/__   _ _  _  _ _/_   Recorded: 12:50:41  Samples:  2
 /_//_/// /_\ / //_// / //_'/ //     Duration: 0.002     CPU time: 0.002
/   _/                      v5.1.2

Profile at /code/pystack/pybend/src/pybend/example/../../pybend/core/tests/profiling/middleware.py:57

0.001 Handle._run  asyncio/events.py:86
├─ 0.001 RequestResponseCycle.run_asgi  uvicorn/protocols/http/h11_impl.py:401
│     [3 frames hidden]  uvicorn, fastapi, starlette
│        0.001 ServerErrorMiddleware.__call__  starlette/middleware/errors.py:150
│        └─ 0.001 ProfilingMiddleware.__call__  pybend/core/tests/profiling/middleware.py:35
│           └─ 0.001 JWTAuthMiddleware.__call__  starlette/middleware/base.py:98
│              └─ 0.001 TaskGroup.__aexit__  anyio/_backends/_asyncio.py:735
│                 └─ 0.001 CancelScope.__exit__  anyio/_backends/_asyncio.py:450
└─ 0.001 coro  starlette/middleware/base.py:136
      [10 frames hidden]  starlette, fastapi
         0.001 run_endpoint_function  fastapi/routing.py:204
         └─ 0.001 list_all_instances  pybend/core/api/routes_fastapi.py:93
            └─ 0.001 Product.list  pybend/core/models/storable_mixin.py:91
               └─ 0.001 SQLiteStorage.list  pybend/core/storage/sqlite_storage.py:85
                  └─ 0.001 Cursor.execute  <built-in>



========================================================================
GET /products  ->  200  (1.7ms)
========================================================================

  _     ._   __/__   _ _  _  _ _/_   Recorded: 12:50:41  Samples:  2
 /_//_/// /_\ / //_// / //_'/ //     Duration: 0.002     CPU time: 0.002
/   _/                      v5.1.2

Profile at /code/pystack/pybend/src/pybend/example/../../pybend/core/tests/profiling/middleware.py:57

0.001 Handle._run  asyncio/events.py:86
└─ 0.001 coro  starlette/middleware/base.py:136
      [9 frames hidden]  starlette, fastapi
         0.001 wrapped_app  starlette/_exception_handler.py:31
         └─ 0.001 [self]  starlette/_exception_handler.py
            0.000 run_endpoint_function  fastapi/routing.py:204
            └─ 0.000 list_all_instances  pybend/core/api/routes_fastapi.py:93
               └─ 0.000 Product.list  pybend/core/models/storable_mixin.py:91
                  └─ 0.000 SQLiteStorage.list  pybend/core/storage/sqlite_storage.py:85
                     └─ 0.000 connect  <built-in>



========================================================================
GET /users  ->  200  (1.4ms)
========================================================================

  _     ._   __/__   _ _  _  _ _/_   Recorded: 12:50:41  Samples:  1
 /_//_/// /_\ / //_// / //_'/ //     Duration: 0.001     CPU time: 0.001
/   _/                      v5.1.2

Profile at /code/pystack/pybend/src/pybend/example/../../pybend/core/tests/profiling/middleware.py:57

0.001 ProfilingMiddleware.__call__  pybend/core/tests/profiling/middleware.py:35
└─ 0.001 JWTAuthMiddleware.__call__  starlette/middleware/base.py:98
   └─ 0.001 JWTAuthMiddleware.dispatch  pybend/core/api/backend.py:92
      └─ 0.001 call_next  starlette/middleware/base.py:109
            [3 frames hidden]  anyio
               0.001 Event.__init__  anyio/_backends/_asyncio.py:1776



========================================================================
GET /Product  ->  200  (23.9ms)
========================================================================

  _     ._   __/__   _ _  _  _ _/_   Recorded: 12:50:43  Samples:  23
 /_//_/// /_\ / //_// / //_'/ //     Duration: 0.024     CPU time: 0.024
/   _/                      v5.1.2

Profile at /code/pystack/pybend/src/pybend/example/../../pybend/core/tests/profiling/middleware.py:57

0.023 Handle._run  asyncio/events.py:86
├─ 0.019 coro  starlette/middleware/base.py:136
│     [18 frames hidden]  starlette, fastapi, <built-in>
│        0.017 run_endpoint_function  fastapi/routing.py:204
│        └─ 0.017 get_model_schema  pybend/core/api/routes_fastapi.py:169
│           └─ 0.017 Product.schema  pybend/core/models/proto_model.py:197
│              ├─ 0.008 Product.referenced_json_schema  pybend/core/models/proto_model.py:319
│              │  ├─ 0.007 Product.model_json_schema  pydantic/main.py:413
│              │  │     [18 frames hidden]  pydantic, <built-in>
│              │  │        0.003 new_handler_func  pydantic/json_schema.py:520
│              │  │        └─ 0.003 Product.__get_pydantic_json_schema__  pybend/core/models/proto_model.py:341
│              │  │           └─ 0.003 Product.__get_pydantic_json_schema__  pydantic/main.py:628
│              │  │                 [38 frames hidden]  pydantic
│              │  │                    0.001 new_handler_func  pydantic/json_schema.py:520
│              │  │                    └─ 0.001 Comment.__get_pydantic_json_schema__  pybend/core/models/proto_model.py:341
│              │  │                       └─ 0.001 Comment.__get_pydantic_json_schema__  pydantic/main.py:628
│              │  │                             [25 frames hidden]  pydantic
│              │  │        0.002 new_handler_func  pydantic/json_schema.py:520
│              │  │        └─ 0.002 User.__get_pydantic_json_schema__  pybend/core/models/proto_model.py:341
│              │  │           └─ 0.002 User.__get_pydantic_json_schema__  pydantic/main.py:628
│              │  │                 [33 frames hidden]  pydantic
│              │  │                    0.001 new_handler_func  pydantic/json_schema.py:520
│              │  │                    └─ 0.001 Like.__get_pydantic_json_schema__  pybend/core/models/proto_model.py:341
│              │  │                       └─ 0.001 Like.__get_pydantic_json_schema__  pydantic/main.py:628
│              │  │                             [12 frames hidden]  pydantic
│              │  └─ 0.001 _is_self_ref  pybend/core/utils/introspection.py:206
│              │     └─ 0.001 get_origin  typing.py:2310
│              ├─ 0.006 Product.model_json_schema  pydantic/main.py:413
│              │     [19 frames hidden]  pydantic, <built-in>
│              │        0.004 new_handler_func  pydantic/json_schema.py:520
│              │        └─ 0.004 Product.__get_pydantic_json_schema__  pybend/core/models/proto_model.py:341
│              │           └─ 0.004 Product.__get_pydantic_json_schema__  pydantic/main.py:628
│              │                 [55 frames hidden]  pydantic, re, <built-in>
│              │                    0.001 new_handler_func  pydantic/json_schema.py:520
│              │                    └─ 0.001 Comment.__get_pydantic_json_schema__  pybend/core/models/proto_model.py:341
│              │                       └─ 0.001 Comment.__get_pydantic_json_schema__  pydantic/main.py:628
│              │                             [27 frames hidden]  pydantic
│              ├─ 0.001 deepcopy  copy.py:118
│              │     [10 frames hidden]  copy
│              ├─ 0.001 collect_all_referenced_models  pybend/core/utils/introspection.py:62
│              │  └─ 0.001 Product.__pybend_methods_json_signature__  pybend/core/models/proto_model.py:139
│              │     └─ 0.001 record_model_type  pybend/core/utils/introspection.py:47
│              └─ 0.001 Product.__pybend_methods_json_signature__  pybend/core/models/proto_model.py:139
│                 └─ 0.001 get_type_hints  typing.py:2186
│                       [2 frames hidden]  typing
└─ 0.004 RequestResponseCycle.run_asgi  uvicorn/protocols/http/h11_impl.py:401
      [3 frames hidden]  uvicorn, fastapi, starlette
         0.004 ServerErrorMiddleware.__call__  starlette/middleware/errors.py:150
         └─ 0.004 ProfilingMiddleware.__call__  pybend/core/tests/profiling/middleware.py:35
            └─ 0.004 JWTAuthMiddleware.__call__  starlette/middleware/base.py:98
                  [11 frames hidden]  anyio, importlib, dataclasses, inspec...
                     0.001 JWTAuthMiddleware.dispatch  pybend/core/api/backend.py:92
                     └─ 0.001 call_next  starlette/middleware/base.py:109



========================================================================
POST /users/login  ->  200  (182.5ms)
========================================================================

  _     ._   __/__   _ _  _  _ _/_   Recorded: 12:50:43  Samples:  3
 /_//_/// /_\ / //_// / //_'/ //     Duration: 0.183     CPU time: 0.182
/   _/                      v5.1.2

Profile at /code/pystack/pybend/src/pybend/example/../../pybend/core/tests/profiling/middleware.py:57

0.182 Handle._run  asyncio/events.py:86
└─ 0.180 coro  starlette/middleware/base.py:136
      [10 frames hidden]  starlette, fastapi
         0.180 run_endpoint_function  fastapi/routing.py:204
         └─ 0.180 post_no_id  pybend/core/api/routes_fastapi.py:336
            └─ 0.180 User.login  pybend/core/models/base_user.py:74
               └─ 0.180 verify_password  pybend/core/authorize/auth.py:42
                  └─ 0.180 checkpw  <built-in>



========================================================================
GET /Product  ->  200  (4.4ms)
========================================================================

  _     ._   __/__   _ _  _  _ _/_   Recorded: 12:50:43  Samples:  4
 /_//_/// /_\ / //_// / //_'/ //     Duration: 0.004     CPU time: 0.004
/   _/                      v5.1.2

Profile at /code/pystack/pybend/src/pybend/example/../../pybend/core/tests/profiling/middleware.py:57

0.004 Handle._run  asyncio/events.py:86
├─ 0.003 coro  starlette/middleware/base.py:136
│     [17 frames hidden]  starlette, fastapi
│        0.002 jsonable_encoder  fastapi/encoders.py:102
│        └─ 0.001 [self]  fastapi/encoders.py
│           0.001 jsonable_encoder  fastapi/encoders.py:102
│        0.001 run_endpoint_function  fastapi/routing.py:204
│        └─ 0.001 get_model_schema  pybend/core/api/routes_fastapi.py:169
│           └─ 0.001 Product.schema  pybend/core/models/proto_model.py:197
│              └─ 0.001 deepcopy  copy.py:118
│                    [10 frames hidden]  copy
│                       0.001 dict.get  <built-in>
└─ 0.001 RequestResponseCycle.run_asgi  uvicorn/protocols/http/h11_impl.py:401
      [3 frames hidden]  uvicorn, fastapi, starlette
         0.001 ServerErrorMiddleware.__call__  starlette/middleware/errors.py:150
         └─ 0.001 ProfilingMiddleware.__call__  pybend/core/tests/profiling/middleware.py:35
            └─ 0.001 JWTAuthMiddleware.__call__  starlette/middleware/base.py:98
               └─ 0.001 _StreamingResponse.__call__  starlette/middleware/base.py:205
                  └─ 0.001 send_wrapper  pybend/core/tests/profiling/middleware.py:48
                     └─ 0.001 _send  starlette/middleware/errors.py:157
                           [10 frames hidden]  uvicorn, logging
                              0.001 AccessFormatter.get_status_code  uvicorn/logging.py:82



========================================================================
GET /Product  ->  200  (4.2ms)
========================================================================

  _     ._   __/__   _ _  _  _ _/_   Recorded: 12:50:43  Samples:  4
 /_//_/// /_\ / //_// / //_'/ //     Duration: 0.004     CPU time: 0.004
/   _/                      v5.1.2

Profile at /code/pystack/pybend/src/pybend/example/../../pybend/core/tests/profiling/middleware.py:57

0.004 Handle._run  asyncio/events.py:86
├─ 0.003 coro  starlette/middleware/base.py:136
│     [15 frames hidden]  starlette, fastapi
│        0.001 ModelMetaclass.__instancecheck__  pydantic/_internal/_model_construction.py:248
│        0.001 isinstance  <built-in>
│        0.001 run_endpoint_function  fastapi/routing.py:204
│        └─ 0.001 get_model_schema  pybend/core/api/routes_fastapi.py:169
│           └─ 0.001 Product.schema  pybend/core/models/proto_model.py:197
│              └─ 0.001 deepcopy  copy.py:118
│                    [7 frames hidden]  copy
│                       0.001 deepcopy  copy.py:118
└─ 0.001 RequestResponseCycle.run_asgi  uvicorn/protocols/http/h11_impl.py:401
      [3 frames hidden]  uvicorn, fastapi, starlette
         0.001 ServerErrorMiddleware.__call__  starlette/middleware/errors.py:150
         └─ 0.001 ProfilingMiddleware.__call__  pybend/core/tests/profiling/middleware.py:35
            └─ 0.001 JWTAuthMiddleware.__call__  starlette/middleware/base.py:98
               └─ 0.001 TaskGroup.__aexit__  anyio/_backends/_asyncio.py:735
                  └─ 0.001 [await]  anyio/_backends/_asyncio.py



========================================================================
GET /Product  ->  200  (5.2ms)
========================================================================

  _     ._   __/__   _ _  _  _ _/_   Recorded: 12:50:43  Samples:  5
 /_//_/// /_\ / //_// / //_'/ //     Duration: 0.005     CPU time: 0.005
/   _/                      v5.1.2

Profile at /code/pystack/pybend/src/pybend/example/../../pybend/core/tests/profiling/middleware.py:57

0.005 Handle._run  asyncio/events.py:86
├─ 0.004 coro  starlette/middleware/base.py:136
│     [16 frames hidden]  starlette, fastapi
│        0.003 jsonable_encoder  fastapi/encoders.py:102
│        ├─ 0.001 str.startswith  <built-in>
│        └─ 0.001 [self]  fastapi/encoders.py
│           0.001 isinstance  <built-in>
│        0.001 run_endpoint_function  fastapi/routing.py:204
│        └─ 0.001 get_model_schema  pybend/core/api/routes_fastapi.py:169
│           └─ 0.001 Product.schema  pybend/core/models/proto_model.py:197
│              └─ 0.001 deepcopy  copy.py:118
│                    [10 frames hidden]  copy
└─ 0.001 RequestResponseCycle.run_asgi  uvicorn/protocols/http/h11_impl.py:401
      [3 frames hidden]  uvicorn, fastapi, starlette
         0.001 ServerErrorMiddleware.__call__  starlette/middleware/errors.py:150
         └─ 0.001 ProfilingMiddleware.__call__  pybend/core/tests/profiling/middleware.py:35
            └─ 0.001 JWTAuthMiddleware.__call__  starlette/middleware/base.py:98
               └─ 0.001 _StreamingResponse.__call__  starlette/middleware/base.py:205
                  └─ 0.001 send_wrapper  pybend/core/tests/profiling/middleware.py:48
                     └─ 0.001 _send  starlette/middleware/errors.py:157
                           [5 frames hidden]  uvicorn, h11
                              0.001 maybe_read_from_IDLE_client  h11/_readers.py:75



========================================================================
GET /User  ->  200  (8.0ms)
========================================================================

  _     ._   __/__   _ _  _  _ _/_   Recorded: 12:50:43  Samples:  8
 /_//_/// /_\ / //_// / //_'/ //     Duration: 0.008     CPU time: 0.008
/   _/                      v5.1.2

Profile at /code/pystack/pybend/src/pybend/example/../../pybend/core/tests/profiling/middleware.py:57

0.008 Handle._run  asyncio/events.py:86
├─ 0.007 coro  starlette/middleware/base.py:136
│     [17 frames hidden]  starlette, fastapi
│        0.005 run_endpoint_function  fastapi/routing.py:204
│        └─ 0.005 get_model_schema  pybend/core/api/routes_fastapi.py:169
│           └─ 0.005 User.schema  pybend/core/models/proto_model.py:197
│              ├─ 0.002 User.model_json_schema  pydantic/main.py:413
│              │     [6 frames hidden]  pydantic
│              │        0.001 new_handler_func  pydantic/json_schema.py:520
│              │        └─ 0.001 User.__get_pydantic_json_schema__  pybend/core/models/proto_model.py:341
│              │           └─ 0.001 User.__get_pydantic_json_schema__  pydantic/main.py:628
│              │                 [27 frames hidden]  pydantic
│              ├─ 0.002 User.referenced_json_schema  pybend/core/models/proto_model.py:319
│              │  ├─ 0.001 get_origin  typing.py:2310
│              │  │  └─ 0.001 isinstance  <built-in>
│              │  └─ 0.001 User.model_json_schema  pydantic/main.py:413
│              │        [4 frames hidden]  pydantic
│              │           0.001 new_handler_func  pydantic/json_schema.py:520
│              │           └─ 0.001 User.__get_pydantic_json_schema__  pybend/core/models/proto_model.py:341
│              │              └─ 0.001 User.__get_pydantic_json_schema__  pydantic/main.py:628
│              │                    [25 frames hidden]  pydantic
│              └─ 0.001 collect_all_referenced_models  pybend/core/utils/introspection.py:62
│                 └─ 0.001 User.__pybend_methods_json_signature__  pybend/core/models/proto_model.py:139
│                    └─ 0.001 record_model_type  pybend/core/utils/introspection.py:47
│                       └─ 0.001 get_args  typing.py:2340
│                          └─ 0.001 isinstance  <built-in>
└─ 0.001 [self]  asyncio/events.py



========================================================================
GET /User  ->  200  (2.7ms)
========================================================================

  _     ._   __/__   _ _  _  _ _/_   Recorded: 12:50:43  Samples:  3
 /_//_/// /_\ / //_// / //_'/ //     Duration: 0.003     CPU time: 0.003
/   _/                      v5.1.2

Profile at /code/pystack/pybend/src/pybend/example/../../pybend/core/tests/profiling/middleware.py:57

0.002 Handle._run  asyncio/events.py:86
├─ 0.001 coro  starlette/middleware/base.py:136
│     [21 frames hidden]  starlette, fastapi, <built-in>
│        0.001 isinstance  <built-in>
└─ 0.001 RequestResponseCycle.run_asgi  uvicorn/protocols/http/h11_impl.py:401
      [3 frames hidden]  uvicorn, fastapi, starlette
         0.001 ServerErrorMiddleware.__call__  starlette/middleware/errors.py:150
         └─ 0.001 ProfilingMiddleware.__call__  pybend/core/tests/profiling/middleware.py:35
            └─ 0.001 JWTAuthMiddleware.__call__  starlette/middleware/base.py:98
               └─ 0.001 _StreamingResponse.__call__  starlette/middleware/base.py:205
                  └─ 0.001 send_wrapper  pybend/core/tests/profiling/middleware.py:48
                     └─ 0.001 _send  starlette/middleware/errors.py:157
                        └─ 0.001 RequestResponseCycle.send  uvicorn/protocols/http/h11_impl.py:447
                           └─ 0.001 Data.__init__  h11/_events.py:299



========================================================================
GET /User  ->  200  (2.2ms)
========================================================================

  _     ._   __/__   _ _  _  _ _/_   Recorded: 12:50:43  Samples:  2
 /_//_/// /_\ / //_// / //_'/ //     Duration: 0.002     CPU time: 0.002
/   _/                      v5.1.2

Profile at /code/pystack/pybend/src/pybend/example/../../pybend/core/tests/profiling/middleware.py:57

0.002 Handle._run  asyncio/events.py:86
└─ 0.002 coro  starlette/middleware/base.py:136
      [9 frames hidden]  starlette, fastapi
         0.002 ExceptionMiddleware.__call__  starlette/middleware/exceptions.py:46
         └─ 0.001 [self]  starlette/middleware/exceptions.py
            0.001 run_endpoint_function  fastapi/routing.py:204
            └─ 0.001 get_model_schema  pybend/core/api/routes_fastapi.py:169
               └─ 0.001 User.schema  pybend/core/models/proto_model.py:197
                  └─ 0.001 deepcopy  copy.py:118
                        [9 frames hidden]  copy
                           0.001 deepcopy  copy.py:118



========================================================================
GET /products  ->  200  (2.5ms)
========================================================================

  _     ._   __/__   _ _  _  _ _/_   Recorded: 12:50:43  Samples:  3
 /_//_/// /_\ / //_// / //_'/ //     Duration: 0.003     CPU time: 0.003
/   _/                      v5.1.2

Profile at /code/pystack/pybend/src/pybend/example/../../pybend/core/tests/profiling/middleware.py:57

0.002 Handle._run  asyncio/events.py:86
├─ 0.001 RequestResponseCycle.run_asgi  uvicorn/protocols/http/h11_impl.py:401
│     [2 frames hidden]  uvicorn, fastapi
│        0.001 FastAPI.__call__  starlette/applications.py:108
│        ├─ 0.001 [self]  starlette/applications.py
│        └─ 0.000 ServerErrorMiddleware.__call__  starlette/middleware/errors.py:150
│           └─ 0.000 ProfilingMiddleware.__call__  pybend/core/tests/profiling/middleware.py:35
│              └─ 0.000 JWTAuthMiddleware.__call__  starlette/middleware/base.py:98
│                    [2 frames hidden]  starlette
└─ 0.001 coro  starlette/middleware/base.py:136
      [10 frames hidden]  starlette, fastapi
         0.001 run_endpoint_function  fastapi/routing.py:204
         └─ 0.001 list_all_instances  pybend/core/api/routes_fastapi.py:93
            └─ 0.001 Product.list  pybend/core/models/storable_mixin.py:91
               └─ 0.001 SQLiteStorage.list  pybend/core/storage/sqlite_storage.py:85



========================================================================
GET /products  ->  200  (2.5ms)
========================================================================

  _     ._   __/__   _ _  _  _ _/_   Recorded: 12:50:43  Samples:  2
 /_//_/// /_\ / //_// / //_'/ //     Duration: 0.003     CPU time: 0.003
/   _/                      v5.1.2

Profile at /code/pystack/pybend/src/pybend/example/../../pybend/core/tests/profiling/middleware.py:57

0.002 Handle._run  asyncio/events.py:86
├─ 0.001 coro  starlette/middleware/base.py:136
│     [10 frames hidden]  starlette, fastapi
│        0.001 run_endpoint_function  fastapi/routing.py:204
│        └─ 0.001 list_all_instances  pybend/core/api/routes_fastapi.py:93
│           └─ 0.001 Product.list  pybend/core/models/storable_mixin.py:91
│              └─ 0.001 SQLiteStorage.list  pybend/core/storage/sqlite_storage.py:85
│                 └─ 0.001 Cursor.execute  <built-in>
└─ 0.001 RequestResponseCycle.run_asgi  uvicorn/protocols/http/h11_impl.py:401
      [3 frames hidden]  uvicorn, fastapi, starlette
         0.001 ServerErrorMiddleware.__call__  starlette/middleware/errors.py:150
         └─ 0.001 ProfilingMiddleware.__call__  pybend/core/tests/profiling/middleware.py:35
            └─ 0.001 JWTAuthMiddleware.__call__  starlette/middleware/base.py:98
               └─ 0.001 _StreamingResponse.__call__  starlette/middleware/base.py:205
                  └─ 0.001 send_wrapper  pybend/core/tests/profiling/middleware.py:48
                     └─ 0.001 _send  starlette/middleware/errors.py:157
                           [4 frames hidden]  uvicorn, h11
                              0.001 write_headers  h11/_writers.py:22



========================================================================
GET /products  ->  200  (4.6ms)
========================================================================

  _     ._   __/__   _ _  _  _ _/_   Recorded: 12:50:43  Samples:  4
 /_//_/// /_\ / //_// / //_'/ //     Duration: 0.005     CPU time: 0.005
/   _/                      v5.1.2

Profile at /code/pystack/pybend/src/pybend/example/../../pybend/core/tests/profiling/middleware.py:57

0.004 Handle._run  asyncio/events.py:86
└─ 0.004 coro  starlette/middleware/base.py:136
      [19 frames hidden]  starlette, fastapi
         0.002 run_endpoint_function  fastapi/routing.py:204
         └─ 0.002 list_all_instances  pybend/core/api/routes_fastapi.py:93
            └─ 0.002 Product.list  pybend/core/models/storable_mixin.py:91
               └─ 0.002 SQLiteStorage.list  pybend/core/storage/sqlite_storage.py:85
                  ├─ 0.001 SQLiteStorage._populate_fields  pybend/core/storage/sqlite_storage.py:275
                  │  └─ 0.001 ProductComment.model_dump  pybend/core/models/proto_model.py:117
                  │     └─ 0.001 ProductComment.model_dump  pydantic/main.py:309
                  │        └─ 0.001 SchemaSerializer.to_python  <built-in>
                  └─ 0.001 Product.__init__  pybend/core/models/proto_model.py:96
         0.001 jsonable_encoder  fastapi/encoders.py:102
         0.001 sender  starlette/_exception_handler.py:34



========================================================================
GET /products  ->  200  (4.5ms)
========================================================================

  _     ._   __/__   _ _  _  _ _/_   Recorded: 12:50:43  Samples:  5
 /_//_/// /_\ / //_// / //_'/ //     Duration: 0.005     CPU time: 0.005
/   _/                      v5.1.2

Profile at /code/pystack/pybend/src/pybend/example/../../pybend/core/tests/profiling/middleware.py:57

0.004 Handle._run  asyncio/events.py:86
├─ 0.003 coro  starlette/middleware/base.py:136
│     [20 frames hidden]  starlette, fastapi
│        0.002 run_endpoint_function  fastapi/routing.py:204
│        └─ 0.002 list_all_instances  pybend/core/api/routes_fastapi.py:93
│           ├─ 0.001 _serialize  pybend/core/api/routes_fastapi.py:34
│           └─ 0.001 Product.list  pybend/core/models/storable_mixin.py:91
│              └─ 0.001 SQLiteStorage.list  pybend/core/storage/sqlite_storage.py:85
│                 └─ 0.001 SQLiteStorage._populate_fields  pybend/core/storage/sqlite_storage.py:275
│                    └─ 0.001 get_list_fields  pybend/core/utils/introspection.py:138
│                       └─ 0.001 get_origin  typing.py:2310
│                          └─ 0.001 isinstance  <built-in>
│        0.001 isinstance  <built-in>
└─ 0.001 RequestResponseCycle.run_asgi  uvicorn/protocols/http/h11_impl.py:401
      [3 frames hidden]  uvicorn, fastapi, starlette
         0.001 ServerErrorMiddleware.__call__  starlette/middleware/errors.py:150
         └─ 0.001 ProfilingMiddleware.__call__  pybend/core/tests/profiling/middleware.py:35
            └─ 0.001 JWTAuthMiddleware.__call__  starlette/middleware/base.py:98
               └─ 0.001 TaskGroup.__aexit__  anyio/_backends/_asyncio.py:735
                  └─ 0.001 CancelScope.__exit__  anyio/_backends/_asyncio.py:450



========================================================================
GET /products  ->  200  (7.5ms)
========================================================================

  _     ._   __/__   _ _  _  _ _/_   Recorded: 12:50:43  Samples:  7
 /_//_/// /_\ / //_// / //_'/ //     Duration: 0.008     CPU time: 0.008
/   _/                      v5.1.2

Profile at /code/pystack/pybend/src/pybend/example/../../pybend/core/tests/profiling/middleware.py:57

0.007 Handle._run  asyncio/events.py:86
├─ 0.006 coro  starlette/middleware/base.py:136
│     [17 frames hidden]  starlette, fastapi
│        0.004 run_endpoint_function  fastapi/routing.py:204
│        └─ 0.004 list_all_instances  pybend/core/api/routes_fastapi.py:93
│           └─ 0.004 Product.list  pybend/core/models/storable_mixin.py:91
│              └─ 0.004 SQLiteStorage.list  pybend/core/storage/sqlite_storage.py:85
│                 ├─ 0.003 SQLiteStorage._populate_fields  pybend/core/storage/sqlite_storage.py:275
│                 │  ├─ 0.002 SQLiteStorage._populate_fields  pybend/core/storage/sqlite_storage.py:275
│                 │  │  ├─ 0.001 [self]  pybend/core/storage/sqlite_storage.py
│                 │  │  └─ 0.001 User.model_dump  pybend/core/models/proto_model.py:117
│                 │  └─ 0.001 [self]  pybend/core/storage/sqlite_storage.py
│                 └─ 0.001 Cursor.fetchall  <built-in>
│        0.002 jsonable_encoder  fastapi/encoders.py:102
└─ 0.001 [self]  asyncio/events.py



========================================================================
GET /products  ->  200  (7.5ms)
========================================================================

  _     ._   __/__   _ _  _  _ _/_   Recorded: 12:50:43  Samples:  7
 /_//_/// /_\ / //_// / //_'/ //     Duration: 0.008     CPU time: 0.008
/   _/                      v5.1.2

Profile at /code/pystack/pybend/src/pybend/example/../../pybend/core/tests/profiling/middleware.py:57

0.007 Handle._run  asyncio/events.py:86
└─ 0.007 coro  starlette/middleware/base.py:136
      [25 frames hidden]  starlette, fastapi, dataclasses, json
         0.004 run_endpoint_function  fastapi/routing.py:204
         └─ 0.004 list_all_instances  pybend/core/api/routes_fastapi.py:93
            └─ 0.004 Product.list  pybend/core/models/storable_mixin.py:91
               └─ 0.004 SQLiteStorage.list  pybend/core/storage/sqlite_storage.py:85
                  ├─ 0.003 SQLiteStorage._populate_fields  pybend/core/storage/sqlite_storage.py:275
                  │  ├─ 0.002 SQLiteStorage._populate_fields  pybend/core/storage/sqlite_storage.py:275
                  │  │  ├─ 0.001 User.__init__  pybend/core/models/proto_model.py:96
                  │  │  └─ 0.001 Cursor.fetchall  <built-in>
                  │  └─ 0.001 get_ref_fields  pybend/core/utils/introspection.py:181
                  │     └─ 0.001 get_origin  typing.py:2310
                  │        └─ 0.001 isinstance  <built-in>
                  └─ 0.001 Cursor.execute  <built-in>



========================================================================
GET /products  ->  200  (2.2ms)
========================================================================

  _     ._   __/__   _ _  _  _ _/_   Recorded: 12:50:43  Samples:  2
 /_//_/// /_\ / //_// / //_'/ //     Duration: 0.002     CPU time: 0.002
/   _/                      v5.1.2

Profile at /code/pystack/pybend/src/pybend/example/../../pybend/core/tests/profiling/middleware.py:57

0.002 Handle._run  asyncio/events.py:86
├─ 0.001 RequestResponseCycle.run_asgi  uvicorn/protocols/http/h11_impl.py:401
│     [3 frames hidden]  uvicorn, fastapi, starlette
│        0.001 ServerErrorMiddleware.__call__  starlette/middleware/errors.py:150
│        └─ 0.001 ProfilingMiddleware.__call__  pybend/core/tests/profiling/middleware.py:35
│           └─ 0.001 JWTAuthMiddleware.__call__  starlette/middleware/base.py:98
│              └─ 0.001 _StreamingResponse.__call__  starlette/middleware/base.py:205
│                 └─ 0.001 send_wrapper  pybend/core/tests/profiling/middleware.py:48
│                    └─ 0.001 _send  starlette/middleware/errors.py:157
│                          [3 frames hidden]  uvicorn, h11
│                             0.001 Connection._process_event  h11/_connection.py:272
└─ 0.001 coro  starlette/middleware/base.py:136
      [10 frames hidden]  starlette, fastapi
         0.001 run_endpoint_function  fastapi/routing.py:204
         └─ 0.001 list_all_instances  pybend/core/api/routes_fastapi.py:93
            └─ 0.001 Product.list  pybend/core/models/storable_mixin.py:91
               └─ 0.001 SQLiteStorage.list  pybend/core/storage/sqlite_storage.py:85



========================================================================
GET /users  ->  200  (1.6ms)
========================================================================

  _     ._   __/__   _ _  _  _ _/_   Recorded: 12:50:43  Samples:  1
 /_//_/// /_\ / //_// / //_'/ //     Duration: 0.002     CPU time: 0.002
/   _/                      v5.1.2

Profile at /code/pystack/pybend/src/pybend/example/../../pybend/core/tests/profiling/middleware.py:57

0.001 _UnixSelectorEventLoop._run_once  asyncio/base_events.py:1910



========================================================================
GET /products/1  ->  200  (1.6ms)
========================================================================

  _     ._   __/__   _ _  _  _ _/_   Recorded: 12:50:43  Samples:  1
 /_//_/// /_\ / //_// / //_'/ //     Duration: 0.002     CPU time: 0.002
/   _/                      v5.1.2

Profile at /code/pystack/pybend/src/pybend/example/../../pybend/core/tests/profiling/middleware.py:57

0.001 ProfilingMiddleware.__call__  pybend/core/tests/profiling/middleware.py:35
└─ 0.001 JWTAuthMiddleware.__call__  starlette/middleware/base.py:98
   └─ 0.001 JWTAuthMiddleware.dispatch  pybend/core/api/backend.py:92
      └─ 0.001 call_next  starlette/middleware/base.py:109
            [2 frames hidden]  anyio
               0.001 Event.is_set  anyio/_backends/_asyncio.py:1782



========================================================================
GET /products/2  ->  200  (1.6ms)
========================================================================

  _     ._   __/__   _ _  _  _ _/_   Recorded: 12:50:43  Samples:  1
 /_//_/// /_\ / //_// / //_'/ //     Duration: 0.002     CPU time: 0.002
/   _/                      v5.1.2

Profile at /code/pystack/pybend/src/pybend/example/../../pybend/core/tests/profiling/middleware.py:57

0.001 Handle._run  asyncio/events.py:86
└─ 0.001 coro  starlette/middleware/base.py:136
      [10 frames hidden]  starlette, fastapi
         0.001 run_endpoint_function  fastapi/routing.py:204
         └─ 0.001 read_instance  pybend/core/api/routes_fastapi.py:184
            └─ 0.001 Product.get  pybend/core/models/storable_mixin.py:102
               └─ 0.001 SQLiteStorage.get  pybend/core/storage/sqlite_storage.py:193
                  └─ 0.001 Cursor.execute  <built-in>



========================================================================
GET /products/3  ->  200  (1.6ms)
========================================================================

  _     ._   __/__   _ _  _  _ _/_   Recorded: 12:50:43  Samples:  1
 /_//_/// /_\ / //_// / //_'/ //     Duration: 0.002     CPU time: 0.002
/   _/                      v5.1.2

Profile at /code/pystack/pybend/src/pybend/example/../../pybend/core/tests/profiling/middleware.py:57

0.001 ProfilingMiddleware.__call__  pybend/core/tests/profiling/middleware.py:35
└─ 0.001 JWTAuthMiddleware.__call__  starlette/middleware/base.py:98
   └─ 0.001 _StreamingResponse.__call__  starlette/middleware/base.py:205
      └─ 0.001 send_wrapper  pybend/core/tests/profiling/middleware.py:48
         └─ 0.001 _send  starlette/middleware/errors.py:157
               [11 frames hidden]  uvicorn, logging
                  0.001 HTTPStatus.__call__  enum.py:726



========================================================================
GET /products/1  ->  200  (2.3ms)
========================================================================

  _     ._   __/__   _ _  _  _ _/_   Recorded: 12:50:43  Samples:  2
 /_//_/// /_\ / //_// / //_'/ //     Duration: 0.002     CPU time: 0.002
/   _/                      v5.1.2

Profile at /code/pystack/pybend/src/pybend/example/../../pybend/core/tests/profiling/middleware.py:57

0.001 Handle._run  asyncio/events.py:86
└─ 0.001 coro  starlette/middleware/base.py:136
      [16 frames hidden]  starlette, fastapi
         0.001 jsonable_encoder  fastapi/encoders.py:102
         0.000 is_sequence_field  fastapi/_compat.py:248



========================================================================
GET /products/2  ->  200  (2.1ms)
========================================================================

  _     ._   __/__   _ _  _  _ _/_   Recorded: 12:50:43  Samples:  2
 /_//_/// /_\ / //_// / //_'/ //     Duration: 0.002     CPU time: 0.002
/   _/                      v5.1.2

Profile at /code/pystack/pybend/src/pybend/example/../../pybend/core/tests/profiling/middleware.py:57

0.002 Handle._run  asyncio/events.py:86
└─ 0.002 coro  starlette/middleware/base.py:136
      [9 frames hidden]  starlette, fastapi
         0.002 APIRouter.__call__  starlette/routing.py:710
         └─ 0.001 [self]  starlette/routing.py
            0.001 run_endpoint_function  fastapi/routing.py:204
            └─ 0.001 read_instance  pybend/core/api/routes_fastapi.py:184
               └─ 0.001 Product.get  pybend/core/models/storable_mixin.py:102
                  └─ 0.001 SQLiteStorage.get  pybend/core/storage/sqlite_storage.py:193
                     └─ 0.001 SQLiteStorage._populate_fields  pybend/core/storage/sqlite_storage.py:275
                        └─ 0.001 get_ref_fields  pybend/core/utils/introspection.py:181



========================================================================
GET /products/3  ->  200  (2.2ms)
========================================================================

  _     ._   __/__   _ _  _  _ _/_   Recorded: 12:50:43  Samples:  2
 /_//_/// /_\ / //_// / //_'/ //     Duration: 0.002     CPU time: 0.002
/   _/                      v5.1.2

Profile at /code/pystack/pybend/src/pybend/example/../../pybend/core/tests/profiling/middleware.py:57

0.001 Handle._run  asyncio/events.py:86
├─ 0.001 RequestResponseCycle.run_asgi  uvicorn/protocols/http/h11_impl.py:401
│     [3 frames hidden]  uvicorn, fastapi, starlette
│        0.001 ServerErrorMiddleware.__call__  starlette/middleware/errors.py:150
│        └─ 0.001 ProfilingMiddleware.__call__  pybend/core/tests/profiling/middleware.py:35
│           └─ 0.001 JWTAuthMiddleware.__call__  starlette/middleware/base.py:98
│              └─ 0.001 JWTAuthMiddleware.dispatch  pybend/core/api/backend.py:92
│                 └─ 0.001 call_next  starlette/middleware/base.py:109
│                       [5 frames hidden]  anyio, typing, <string>
│                          0.001 AsyncIOTaskInfo.__init__  anyio/_backends/_asyncio.py:2125
└─ 0.001 coro  starlette/middleware/base.py:136
      [10 frames hidden]  starlette, fastapi
         0.001 run_endpoint_function  fastapi/routing.py:204
         └─ 0.001 read_instance  pybend/core/api/routes_fastapi.py:184
            └─ 0.001 Product.get  pybend/core/models/storable_mixin.py:102
               └─ 0.001 SQLiteStorage.get  pybend/core/storage/sqlite_storage.py:193
                  └─ 0.001 Cursor.execute  <built-in>



========================================================================
GET /products/1  ->  200  (2.8ms)
========================================================================

  _     ._   __/__   _ _  _  _ _/_   Recorded: 12:50:43  Samples:  3
 /_//_/// /_\ / //_// / //_'/ //     Duration: 0.003     CPU time: 0.003
/   _/                      v5.1.2

Profile at /code/pystack/pybend/src/pybend/example/../../pybend/core/tests/profiling/middleware.py:57

0.002 Handle._run  asyncio/events.py:86
└─ 0.002 coro  starlette/middleware/base.py:136
      [16 frames hidden]  starlette, fastapi, anyio
         0.001 run_endpoint_function  fastapi/routing.py:204
         └─ 0.001 read_instance  pybend/core/api/routes_fastapi.py:184
            └─ 0.001 Product.get  pybend/core/models/storable_mixin.py:102
               └─ 0.001 SQLiteStorage.get  pybend/core/storage/sqlite_storage.py:193
                  ├─ 0.001 Connection.close  <built-in>
                  └─ 0.000 [self]  pybend/core/storage/sqlite_storage.py
         0.001 Event.wait  asyncio/locks.py:199
         └─ 0.001 [await]  asyncio/locks.py



========================================================================
GET /products/2  ->  200  (2.7ms)
========================================================================

  _     ._   __/__   _ _  _  _ _/_   Recorded: 12:50:43  Samples:  3
 /_//_/// /_\ / //_// / //_'/ //     Duration: 0.003     CPU time: 0.003
/   _/                      v5.1.2

Profile at /code/pystack/pybend/src/pybend/example/../../pybend/core/tests/profiling/middleware.py:57

0.002 Handle._run  asyncio/events.py:86
├─ 0.001 RequestResponseCycle.run_asgi  uvicorn/protocols/http/h11_impl.py:401
│     [3 frames hidden]  uvicorn, fastapi, starlette
│        0.001 ServerErrorMiddleware.__call__  starlette/middleware/errors.py:150
│        └─ 0.001 ProfilingMiddleware.__call__  pybend/core/tests/profiling/middleware.py:35
│           └─ 0.001 JWTAuthMiddleware.__call__  starlette/middleware/base.py:98
│              ├─ 0.001 _StreamingResponse.__call__  starlette/middleware/base.py:205
│              │  └─ 0.001 send_wrapper  pybend/core/tests/profiling/middleware.py:48
│              │     └─ 0.001 _send  starlette/middleware/errors.py:157
│              │           [9 frames hidden]  uvicorn, logging
│              │              0.001 AccessFormatter.formatMessage  uvicorn/logging.py:97
│              └─ 0.000 [self]  starlette/middleware/base.py
└─ 0.001 coro  starlette/middleware/base.py:136
      [10 frames hidden]  starlette, fastapi
         0.001 run_endpoint_function  fastapi/routing.py:204
         └─ 0.001 read_instance  pybend/core/api/routes_fastapi.py:184
            └─ 0.001 Product.get  pybend/core/models/storable_mixin.py:102
               └─ 0.001 SQLiteStorage.get  pybend/core/storage/sqlite_storage.py:193
                  └─ 0.001 SQLiteStorage._populate_fields  pybend/core/storage/sqlite_storage.py:275
                     └─ 0.001 SQLiteStorage._populate_fields  pybend/core/storage/sqlite_storage.py:275
                        └─ 0.001 ProductComment.__getattr__  pydantic/main.py:781



========================================================================
GET /products/3  ->  200  (2.9ms)
========================================================================

  _     ._   __/__   _ _  _  _ _/_   Recorded: 12:50:43  Samples:  3
 /_//_/// /_\ / //_// / //_'/ //     Duration: 0.003     CPU time: 0.003
/   _/                      v5.1.2

Profile at /code/pystack/pybend/src/pybend/example/../../pybend/core/tests/profiling/middleware.py:57

0.002 Handle._run  asyncio/events.py:86
└─ 0.002 coro  starlette/middleware/base.py:136
      [14 frames hidden]  starlette, fastapi
         0.001 run_endpoint_function  fastapi/routing.py:204
         └─ 0.001 read_instance  pybend/core/api/routes_fastapi.py:184
            └─ 0.001 Product.get  pybend/core/models/storable_mixin.py:102
               └─ 0.001 SQLiteStorage.get  pybend/core/storage/sqlite_storage.py:193
                  ├─ 0.001 Connection.close  <built-in>
                  └─ 0.000 _validate_identifier  pybend/core/storage/sqlite_storage.py:20
                     └─ 0.000 match  re/__init__.py:164
                        └─ 0.000 _compile  re/__init__.py:280
         0.001 MemoryObjectSendStream.send  anyio/streams/memory.py:234



========================================================================
GET /users/1  ->  200  (1.5ms)
========================================================================

  _     ._   __/__   _ _  _  _ _/_   Recorded: 12:50:43  Samples:  2
 /_//_/// /_\ / //_// / //_'/ //     Duration: 0.002     CPU time: 0.002
/   _/                      v5.1.2

Profile at /code/pystack/pybend/src/pybend/example/../../pybend/core/tests/profiling/middleware.py:57

0.001 ProfilingMiddleware.__call__  pybend/core/tests/profiling/middleware.py:35
└─ 0.001 JWTAuthMiddleware.__call__  starlette/middleware/base.py:98
   ├─ 0.001 _StreamingResponse.__call__  starlette/middleware/base.py:205
   │  └─ 0.001 send_wrapper  pybend/core/tests/profiling/middleware.py:48
   │     └─ 0.001 _send  starlette/middleware/errors.py:157
   │           [5 frames hidden]  uvicorn, h11
   │              0.001 len  <built-in>
   └─ 0.000 JWTAuthMiddleware.dispatch  pybend/core/api/backend.py:92
      └─ 0.000 decode_token  pybend/core/authorize/auth.py:57
         └─ 0.000 PyJWT.decode  jwt/api_jwt.py:306
               [5 frames hidden]  jwt, json



========================================================================
GET /products/1/comments  ->  200  (2.1ms)
========================================================================

  _     ._   __/__   _ _  _  _ _/_   Recorded: 12:50:43  Samples:  2
 /_//_/// /_\ / //_// / //_'/ //     Duration: 0.002     CPU time: 0.002
/   _/                      v5.1.2

Profile at /code/pystack/pybend/src/pybend/example/../../pybend/core/tests/profiling/middleware.py:57

0.002 Handle._run  asyncio/events.py:86
├─ 0.001 RequestResponseCycle.run_asgi  uvicorn/protocols/http/h11_impl.py:401
│     [3 frames hidden]  uvicorn, fastapi, starlette
│        0.001 ServerErrorMiddleware.__call__  starlette/middleware/errors.py:150
│        └─ 0.001 ProfilingMiddleware.__call__  pybend/core/tests/profiling/middleware.py:35
│           └─ 0.001 JWTAuthMiddleware.__call__  starlette/middleware/base.py:98
│              └─ 0.001 _StreamingResponse.__call__  starlette/middleware/base.py:205
│                 └─ 0.001 send_wrapper  pybend/core/tests/profiling/middleware.py:48
│                    └─ 0.001 _send  starlette/middleware/errors.py:157
│                          [5 frames hidden]  uvicorn, logging
│                             0.001 StreamHandler.handle  logging/__init__.py:1011
└─ 0.001 coro  starlette/middleware/base.py:136
      [11 frames hidden]  starlette, fastapi
         0.001 Request.headers  starlette/requests.py:122



========================================================================
GET /products/2/comments  ->  200  (2.0ms)
========================================================================

  _     ._   __/__   _ _  _  _ _/_   Recorded: 12:50:43  Samples:  2
 /_//_/// /_\ / //_// / //_'/ //     Duration: 0.002     CPU time: 0.002
/   _/                      v5.1.2

Profile at /code/pystack/pybend/src/pybend/example/../../pybend/core/tests/profiling/middleware.py:57

0.002 Handle._run  asyncio/events.py:86
├─ 0.001 RequestResponseCycle.run_asgi  uvicorn/protocols/http/h11_impl.py:401
│     [3 frames hidden]  uvicorn, fastapi, starlette
│        0.001 ServerErrorMiddleware.__call__  starlette/middleware/errors.py:150
│        └─ 0.001 ProfilingMiddleware.__call__  pybend/core/tests/profiling/middleware.py:35
│           └─ 0.001 Profiler.stop  pyinstrument/profiler.py:171
│              └─ 0.001 StackSampler.unsubscribe  pyinstrument/stack_sampler.py:100
└─ 0.001 coro  starlette/middleware/base.py:136
      [10 frames hidden]  starlette, fastapi
         0.001 run_endpoint_function  fastapi/routing.py:204
         └─ 0.001 list_all_instances  pybend/core/api/routes_fastapi.py:93
            └─ 0.001 ProductComment.list  pybend/core/models/storable_mixin.py:91
               └─ 0.001 SQLiteStorage.list  pybend/core/storage/sqlite_storage.py:85



========================================================================
GET /products/1/favorites  ->  200  (1.7ms)
========================================================================

  _     ._   __/__   _ _  _  _ _/_   Recorded: 12:50:43  Samples:  2
 /_//_/// /_\ / //_// / //_'/ //     Duration: 0.002     CPU time: 0.002
/   _/                      v5.1.2

Profile at /code/pystack/pybend/src/pybend/example/../../pybend/core/tests/profiling/middleware.py:57

0.001 Handle._run  asyncio/events.py:86
└─ 0.001 coro  starlette/middleware/base.py:136
      [12 frames hidden]  starlette, fastapi
         0.001 MemoryObjectSendStream.__exit__  anyio/streams/memory.py:310
         0.000 set.add  <built-in>



========================================================================
GET /products/2/favorites  ->  200  (1.6ms)
========================================================================

  _     ._   __/__   _ _  _  _ _/_   Recorded: 12:50:43  Samples:  1
 /_//_/// /_\ / //_// / //_'/ //     Duration: 0.002     CPU time: 0.002
/   _/                      v5.1.2

Profile at /code/pystack/pybend/src/pybend/example/../../pybend/core/tests/profiling/middleware.py:57

0.001 Handle._run  asyncio/events.py:86
└─ 0.001 coro  starlette/middleware/base.py:136
      [15 frames hidden]  starlette, fastapi, json
         0.001 JSONEncoder.iterencode  json/encoder.py:205



========================================================================
POST /users/login  ->  200  (184.2ms)
========================================================================

  _     ._   __/__   _ _  _  _ _/_   Recorded: 12:50:43  Samples:  3
 /_//_/// /_\ / //_// / //_'/ //     Duration: 0.184     CPU time: 0.184
/   _/                      v5.1.2

Profile at /code/pystack/pybend/src/pybend/example/../../pybend/core/tests/profiling/middleware.py:57

0.184 Handle._run  asyncio/events.py:86
└─ 0.184 coro  starlette/middleware/base.py:136
      [10 frames hidden]  starlette, fastapi
         0.183 run_endpoint_function  fastapi/routing.py:204
         └─ 0.183 post_no_id  pybend/core/api/routes_fastapi.py:336
            └─ 0.183 User.login  pybend/core/models/base_user.py:74
               └─ 0.183 verify_password  pybend/core/authorize/auth.py:42
                  └─ 0.183 checkpw  <built-in>



========================================================================
POST /products  ->  201  (22.3ms)
========================================================================

  _     ._   __/__   _ _  _  _ _/_   Recorded: 12:50:43  Samples:  7
 /_//_/// /_\ / //_// / //_'/ //     Duration: 0.022     CPU time: 0.006
/   _/                      v5.1.2

Profile at /code/pystack/pybend/src/pybend/example/../../pybend/core/tests/profiling/middleware.py:57

0.022 Handle._run  asyncio/events.py:86
├─ 0.021 coro  starlette/middleware/base.py:136
│     [24 frames hidden]  starlette, fastapi, <string>, pydanti...
│        0.017 run_endpoint_function  fastapi/routing.py:204
│        └─ 0.017 create_instance  pybend/core/api/routes_fastapi.py:60
│           ├─ 0.017 Product.create  pybend/core/models/storable_mixin.py:63
│           │  └─ 0.017 SQLiteStorage.create  pybend/core/storage/sqlite_storage.py:53
│           │     └─ 0.017 Connection.commit  <built-in>
│           └─ 0.001 flatten_refs  pybend/core/utils/typer.py:15
│              └─ 0.001 Product.model_dump  pybend/core/models/proto_model.py:117
│                 └─ 0.001 Product.model_dump  pydantic/main.py:309
│                    └─ 0.001 SchemaSerializer.to_python  <built-in>
└─ 0.001 [self]  asyncio/events.py



========================================================================
POST /products  ->  201  (10.9ms)
========================================================================

  _     ._   __/__   _ _  _  _ _/_   Recorded: 12:50:43  Samples:  4
 /_//_/// /_\ / //_// / //_'/ //     Duration: 0.011     CPU time: 0.003
/   _/                      v5.1.2

Profile at /code/pystack/pybend/src/pybend/example/../../pybend/core/tests/profiling/middleware.py:57

0.011 _UnixSelectorEventLoop._run_once  asyncio/base_events.py:1910
├─ 0.010 Handle._run  asyncio/events.py:86
│     [16 frames hidden]  starlette, fastapi, anyio, asyncio, <...
│        0.009 run_endpoint_function  fastapi/routing.py:204
│        └─ 0.009 create_instance  pybend/core/api/routes_fastapi.py:60
│           └─ 0.009 Product.create  pybend/core/models/storable_mixin.py:63
│              └─ 0.009 SQLiteStorage.create  pybend/core/storage/sqlite_storage.py:53
│                 ├─ 0.009 Connection.commit  <built-in>
│                 └─ 0.000 Connection.close  <built-in>
└─ 0.001 EpollSelector.select  selectors.py:451
   └─ 0.001 epoll.poll  <built-in>



========================================================================
POST /products  ->  201  (11.0ms)
========================================================================

  _     ._   __/__   _ _  _  _ _/_   Recorded: 12:50:43  Samples:  4
 /_//_/// /_\ / //_// / //_'/ //     Duration: 0.011     CPU time: 0.003
/   _/                      v5.1.2

Profile at /code/pystack/pybend/src/pybend/example/../../pybend/core/tests/profiling/middleware.py:57

0.011 Handle._run  asyncio/events.py:86
├─ 0.009 coro  starlette/middleware/base.py:136
│     [10 frames hidden]  starlette, fastapi
│        0.009 run_endpoint_function  fastapi/routing.py:204
│        └─ 0.009 create_instance  pybend/core/api/routes_fastapi.py:60
│           └─ 0.009 Product.create  pybend/core/models/storable_mixin.py:63
│              └─ 0.009 SQLiteStorage.create  pybend/core/storage/sqlite_storage.py:53
│                 ├─ 0.009 Connection.commit  <built-in>
│                 └─ 0.000 Logger.info  logging/__init__.py:1529
│                       [4 frames hidden]  logging, <built-in>
└─ 0.002 task_done  anyio/_backends/_asyncio.py:805
      [2 frames hidden]  weakref



========================================================================
POST /products/1/comment  ->  200  (11.3ms)
========================================================================

  _     ._   __/__   _ _  _  _ _/_   Recorded: 12:50:44  Samples:  4
 /_//_/// /_\ / //_// / //_'/ //     Duration: 0.011     CPU time: 0.003
/   _/                      v5.1.2

Profile at /code/pystack/pybend/src/pybend/example/../../pybend/core/tests/profiling/middleware.py:57

0.011 Handle._run  asyncio/events.py:86
├─ 0.009 coro  starlette/middleware/base.py:136
│     [10 frames hidden]  starlette, fastapi
│        0.009 run_endpoint_function  fastapi/routing.py:204
│        └─ 0.009 post_with_id  pybend/core/api/routes_fastapi.py:300
│           └─ 0.009 Product.comment  models/product.py:62
│              └─ 0.009 Comment.save  pybend/core/models/storable_mixin.py:36
│                 └─ 0.009 Comment.create  pybend/core/models/storable_mixin.py:63
│                    └─ 0.009 ProductComment.create  pybend/core/models/storable_mixin.py:63
│                       └─ 0.009 SQLiteStorage.create  pybend/core/storage/sqlite_storage.py:53
│                          ├─ 0.008 Connection.commit  <built-in>
│                          └─ 0.001 Cursor.execute  <built-in>
├─ 0.001 [self]  asyncio/events.py
└─ 0.001 TaskGroup.__aexit__  anyio/_backends/_asyncio.py:735
   └─ 0.001 [await]  anyio/_backends/_asyncio.py



========================================================================
POST /products/2/comment  ->  200  (11.3ms)
========================================================================

  _     ._   __/__   _ _  _  _ _/_   Recorded: 12:50:44  Samples:  4
 /_//_/// /_\ / //_// / //_'/ //     Duration: 0.011     CPU time: 0.003
/   _/                      v5.1.2

Profile at /code/pystack/pybend/src/pybend/example/../../pybend/core/tests/profiling/middleware.py:57

0.011 Handle._run  asyncio/events.py:86
├─ 0.010 coro  starlette/middleware/base.py:136
│     [15 frames hidden]  starlette, fastapi, anyio
│        0.009 run_endpoint_function  fastapi/routing.py:204
│        └─ 0.009 post_with_id  pybend/core/api/routes_fastapi.py:300
│           └─ 0.009 Product.comment  models/product.py:62
│              └─ 0.009 Comment.save  pybend/core/models/storable_mixin.py:36
│                 └─ 0.009 Comment.create  pybend/core/models/storable_mixin.py:63
│                    └─ 0.009 ProductComment.create  pybend/core/models/storable_mixin.py:63
│                       └─ 0.009 SQLiteStorage.create  pybend/core/storage/sqlite_storage.py:53
│                          ├─ 0.008 Connection.commit  <built-in>
│                          └─ 0.001 [self]  pybend/core/storage/sqlite_storage.py
└─ 0.001 [self]  asyncio/events.py



========================================================================
POST /products/1/favorite  ->  200  (11.2ms)
========================================================================

  _     ._   __/__   _ _  _  _ _/_   Recorded: 12:50:44  Samples:  4
 /_//_/// /_\ / //_// / //_'/ //     Duration: 0.011     CPU time: 0.003
/   _/                      v5.1.2

Profile at /code/pystack/pybend/src/pybend/example/../../pybend/core/tests/profiling/middleware.py:57

0.011 Handle._run  asyncio/events.py:86
├─ 0.010 coro  starlette/middleware/base.py:136
│     [12 frames hidden]  starlette, fastapi
│        0.010 run_endpoint_function  fastapi/routing.py:204
│        └─ 0.010 post_with_id  pybend/core/api/routes_fastapi.py:300
│           └─ 0.010 Product.favorite  models/product.py:72
│              ├─ 0.009 ProductLike.delete  pybend/core/models/storable_mixin.py:125
│              │  └─ 0.009 SQLiteStorage.delete  pybend/core/storage/sqlite_storage.py:528
│              │     └─ 0.009 Connection.commit  <built-in>
│              └─ 0.001 ProductLike.list  pybend/core/models/storable_mixin.py:91
│                 └─ 0.001 SQLiteStorage.list  pybend/core/storage/sqlite_storage.py:85
└─ 0.000 RequestResponseCycle.run_asgi  uvicorn/protocols/http/h11_impl.py:401
      [3 frames hidden]  uvicorn, fastapi, starlette
         0.000 ServerErrorMiddleware.__call__  starlette/middleware/errors.py:150
         └─ 0.000 ProfilingMiddleware.__call__  pybend/core/tests/profiling/middleware.py:35
            └─ 0.000 JWTAuthMiddleware.__call__  starlette/middleware/base.py:98
               └─ 0.000 _StreamingResponse.__call__  starlette/middleware/base.py:205
                  └─ 0.000 send_wrapper  pybend/core/tests/profiling/middleware.py:48
                     └─ 0.000 _send  starlette/middleware/errors.py:157
                           [3 frames hidden]  uvicorn, h11



========================================================================
POST /products/2/favorite  ->  200  (11.6ms)
========================================================================

  _     ._   __/__   _ _  _  _ _/_   Recorded: 12:50:44  Samples:  4
 /_//_/// /_\ / //_// / //_'/ //     Duration: 0.012     CPU time: 0.004
/   _/                      v5.1.2

Profile at /code/pystack/pybend/src/pybend/example/../../pybend/core/tests/profiling/middleware.py:57

0.011 Handle._run  asyncio/events.py:86
├─ 0.010 coro  starlette/middleware/base.py:136
│     [10 frames hidden]  starlette, fastapi
│        0.010 run_endpoint_function  fastapi/routing.py:204
│        └─ 0.010 post_with_id  pybend/core/api/routes_fastapi.py:300
│           ├─ 0.009 Product.favorite  models/product.py:72
│           │  └─ 0.009 Like.save  pybend/core/models/storable_mixin.py:36
│           │     └─ 0.009 Like.create  pybend/core/models/storable_mixin.py:63
│           │        └─ 0.009 ProductLike.create  pybend/core/models/storable_mixin.py:63
│           │           └─ 0.009 SQLiteStorage.create  pybend/core/storage/sqlite_storage.py:53
│           │              └─ 0.009 Connection.commit  <built-in>
│           └─ 0.001 Product.get  pybend/core/models/storable_mixin.py:102
│              └─ 0.001 SQLiteStorage.get  pybend/core/storage/sqlite_storage.py:193
│                 └─ 0.001 Cursor.execute  <built-in>
└─ 0.001 RequestResponseCycle.run_asgi  uvicorn/protocols/http/h11_impl.py:401
      [3 frames hidden]  uvicorn, fastapi, starlette
         0.001 ServerErrorMiddleware.__call__  starlette/middleware/errors.py:150
         └─ 0.001 ProfilingMiddleware.__call__  pybend/core/tests/profiling/middleware.py:35
            └─ 0.001 JWTAuthMiddleware.__call__  starlette/middleware/base.py:98
               └─ 0.001 _StreamingResponse.__call__  starlette/middleware/base.py:205
                  └─ 0.001 send_wrapper  pybend/core/tests/profiling/middleware.py:48



========================================================================
POST /products/3/favorite  ->  200  (11.7ms)
========================================================================

  _     ._   __/__   _ _  _  _ _/_   Recorded: 12:50:44  Samples:  4
 /_//_/// /_\ / //_// / //_'/ //     Duration: 0.012     CPU time: 0.004
/   _/                      v5.1.2

Profile at /code/pystack/pybend/src/pybend/example/../../pybend/core/tests/profiling/middleware.py:57

0.011 Handle._run  asyncio/events.py:86
├─ 0.010 coro  starlette/middleware/base.py:136
│     [10 frames hidden]  starlette, fastapi
│        0.010 run_endpoint_function  fastapi/routing.py:204
│        └─ 0.010 post_with_id  pybend/core/api/routes_fastapi.py:300
│           └─ 0.010 Product.favorite  models/product.py:72
│              └─ 0.010 Like.save  pybend/core/models/storable_mixin.py:36
│                 └─ 0.010 Like.create  pybend/core/models/storable_mixin.py:63
│                    ├─ 0.009 ProductLike.create  pybend/core/models/storable_mixin.py:63
│                    │  └─ 0.009 SQLiteStorage.create  pybend/core/storage/sqlite_storage.py:53
│                    │     └─ 0.009 Connection.commit  <built-in>
│                    └─ 0.001 [self]  pybend/core/models/storable_mixin.py
├─ 0.001 task_done  anyio/_backends/_asyncio.py:805
└─ 0.000 RequestResponseCycle.run_asgi  uvicorn/protocols/http/h11_impl.py:401
      [3 frames hidden]  uvicorn, fastapi, starlette
         0.000 ServerErrorMiddleware.__call__  starlette/middleware/errors.py:150
         └─ 0.000 ProfilingMiddleware.__call__  pybend/core/tests/profiling/middleware.py:35
            └─ 0.000 JWTAuthMiddleware.__call__  starlette/middleware/base.py:98
               └─ 0.000 JWTAuthMiddleware.dispatch  pybend/core/api/backend.py:92
                  └─ 0.000 call_next  starlette/middleware/base.py:109



========================================================================
GET /Product  ->  200  (28.3ms)
========================================================================

  _     ._   __/__   _ _  _  _ _/_   Recorded: 12:50:48  Samples:  28
 /_//_/// /_\ / //_// / //_'/ //     Duration: 0.028     CPU time: 0.028
/   _/                      v5.1.2

Profile at /code/pystack/pybend/src/pybend/example/../../pybend/core/tests/profiling/middleware.py:57

0.027 Handle._run  asyncio/events.py:86
├─ 0.023 coro  starlette/middleware/base.py:136
│     [19 frames hidden]  starlette, fastapi
│        0.020 run_endpoint_function  fastapi/routing.py:204
│        └─ 0.020 get_model_schema  pybend/core/api/routes_fastapi.py:169
│           └─ 0.020 Product.schema  pybend/core/models/proto_model.py:197
│              ├─ 0.008 Product.model_json_schema  pydantic/main.py:413
│              │     [17 frames hidden]  pydantic
│              │        0.007 new_handler_func  pydantic/json_schema.py:520
│              │        └─ 0.007 Product.__get_pydantic_json_schema__  pybend/core/models/proto_model.py:341
│              │           └─ 0.007 Product.__get_pydantic_json_schema__  pydantic/main.py:628
│              │                 [51 frames hidden]  pydantic, <built-in>
│              │                    0.002 new_handler_func  pydantic/json_schema.py:520
│              │                    └─ 0.002 Comment.__get_pydantic_json_schema__  pybend/core/models/proto_model.py:341
│              │                       └─ 0.002 Comment.__get_pydantic_json_schema__  pydantic/main.py:628
│              │                             [25 frames hidden]  pydantic
│              ├─ 0.007 Product.referenced_json_schema  pybend/core/models/proto_model.py:319
│              │  └─ 0.007 Product.model_json_schema  pydantic/main.py:413
│              │        [27 frames hidden]  pydantic, <built-in>
│              │           0.003 new_handler_func  pydantic/json_schema.py:520
│              │           └─ 0.002 Comment.__get_pydantic_json_schema__  pybend/core/models/proto_model.py:341
│              │              └─ 0.002 Comment.__get_pydantic_json_schema__  pydantic/main.py:628
│              │                    [40 frames hidden]  pydantic, contextlib
│              │           0.002 new_handler_func  pydantic/json_schema.py:520
│              │           └─ 0.002 Product.__get_pydantic_json_schema__  pybend/core/models/proto_model.py:341
│              │              └─ 0.002 Product.__get_pydantic_json_schema__  pydantic/main.py:628
│              │                    [35 frames hidden]  pydantic
│              │                       0.001 new_handler_func  pydantic/json_schema.py:520
│              │                       └─ 0.001 Comment.__get_pydantic_json_schema__  pybend/core/models/proto_model.py:341
│              │                          └─ 0.001 Comment.__get_pydantic_json_schema__  pydantic/main.py:628
│              │                                [32 frames hidden]  pydantic
│              ├─ 0.002 Comment.__pybend_methods_json_signature__  pybend/core/models/proto_model.py:139
│              │  ├─ 0.001 get_type_hints  typing.py:2186
│              │  │  └─ 0.001 dict.items  <built-in>
│              │  └─ 0.001 getattr  <built-in>
│              ├─ 0.001 BufferedReader.__exit__  <built-in>
│              ├─ 0.001 deepcopy  copy.py:118
│              │     [6 frames hidden]  copy
│              └─ 0.001 collect_all_referenced_models  pybend/core/utils/introspection.py:62
│                 └─ 0.001 collect_all_referenced_models  pybend/core/utils/introspection.py:62
│                    └─ 0.001 Comment.__pybend_methods_json_signature__  pybend/core/models/proto_model.py:139
│                       └─ 0.001 signature  inspect.py:3308
│                             [3 frames hidden]  inspect
└─ 0.004 RequestResponseCycle.run_asgi  uvicorn/protocols/http/h11_impl.py:401
      [3 frames hidden]  uvicorn, fastapi, starlette
         0.004 ServerErrorMiddleware.__call__  starlette/middleware/errors.py:150
         └─ 0.004 ProfilingMiddleware.__call__  pybend/core/tests/profiling/middleware.py:35
            └─ 0.004 JWTAuthMiddleware.__call__  starlette/middleware/base.py:98
                  [9 frames hidden]  anyio, importlib, <frozen abc>, datac...
                     0.001 _StreamingResponse.__call__  starlette/middleware/base.py:205
                     └─ 0.001 send_wrapper  pybend/core/tests/profiling/middleware.py:48
                        └─ 0.001 _send  starlette/middleware/errors.py:157
                              [11 frames hidden]  uvicorn, logging, copy



========================================================================
POST /users/login  ->  200  (201.1ms)
========================================================================

  _     ._   __/__   _ _  _  _ _/_   Recorded: 12:50:48  Samples:  9
 /_//_/// /_\ / //_// / //_'/ //     Duration: 0.201     CPU time: 0.200
/   _/                      v5.1.2

Profile at /code/pystack/pybend/src/pybend/example/../../pybend/core/tests/profiling/middleware.py:57

0.200 Handle._run  asyncio/events.py:86
├─ 0.196 coro  starlette/middleware/base.py:136
│     [10 frames hidden]  starlette, fastapi
│        0.195 run_endpoint_function  fastapi/routing.py:204
│        └─ 0.195 post_no_id  pybend/core/api/routes_fastapi.py:336
│           └─ 0.195 User.login  pybend/core/models/base_user.py:74
│              └─ 0.193 verify_password  pybend/core/authorize/auth.py:42
│                 └─ 0.193 checkpw  <built-in>
└─ 0.004 RequestResponseCycle.run_asgi  uvicorn/protocols/http/h11_impl.py:401
      [3 frames hidden]  uvicorn, fastapi, starlette
         0.004 ServerErrorMiddleware.__call__  starlette/middleware/errors.py:150
         └─ 0.004 ProfilingMiddleware.__call__  pybend/core/tests/profiling/middleware.py:35
            └─ 0.004 JWTAuthMiddleware.__call__  starlette/middleware/base.py:98



========================================================================
GET /Product  ->  200  (4.9ms)
========================================================================

  _     ._   __/__   _ _  _  _ _/_   Recorded: 12:50:48  Samples:  5
 /_//_/// /_\ / //_// / //_'/ //     Duration: 0.005     CPU time: 0.005
/   _/                      v5.1.2

Profile at /code/pystack/pybend/src/pybend/example/../../pybend/core/tests/profiling/middleware.py:57

0.005 Handle._run  asyncio/events.py:86
├─ 0.004 coro  starlette/middleware/base.py:136
│     [15 frames hidden]  starlette, fastapi
│        0.002 jsonable_encoder  fastapi/encoders.py:102
│        └─ 0.001 [self]  fastapi/encoders.py
│           0.001 jsonable_encoder  fastapi/encoders.py:102
│        0.002 run_endpoint_function  fastapi/routing.py:204
│        └─ 0.002 get_model_schema  pybend/core/api/routes_fastapi.py:169
│           └─ 0.002 Product.schema  pybend/core/models/proto_model.py:197
│              └─ 0.002 deepcopy  copy.py:118
│                    [9 frames hidden]  copy
│                       0.002 deepcopy  copy.py:118
│                       └─ 0.001 [self]  copy.py
└─ 0.001 RequestResponseCycle.run_asgi  uvicorn/protocols/http/h11_impl.py:401
      [3 frames hidden]  uvicorn, fastapi, starlette
         0.001 ServerErrorMiddleware.__call__  starlette/middleware/errors.py:150
         └─ 0.001 ProfilingMiddleware.__call__  pybend/core/tests/profiling/middleware.py:35
            └─ 0.001 JWTAuthMiddleware.__call__  starlette/middleware/base.py:98
               └─ 0.001 TaskGroup.__aexit__  anyio/_backends/_asyncio.py:735
                  └─ 0.001 [await]  anyio/_backends/_asyncio.py



========================================================================
GET /Product  ->  200  (4.6ms)
========================================================================

  _     ._   __/__   _ _  _  _ _/_   Recorded: 12:50:48  Samples:  5
 /_//_/// /_\ / //_// / //_'/ //     Duration: 0.005     CPU time: 0.005
/   _/                      v5.1.2

Profile at /code/pystack/pybend/src/pybend/example/../../pybend/core/tests/profiling/middleware.py:57

0.004 Handle._run  asyncio/events.py:86
├─ 0.003 coro  starlette/middleware/base.py:136
│     [17 frames hidden]  starlette, fastapi
│        0.001 is_dataclass  dataclasses.py:1294
│        0.001 is_dataclass  dataclasses.py:1294
│        0.001 run_endpoint_function  fastapi/routing.py:204
│        └─ 0.001 get_model_schema  pybend/core/api/routes_fastapi.py:169
│           └─ 0.001 Product.schema  pybend/core/models/proto_model.py:197
│              └─ 0.001 deepcopy  copy.py:118
│                    [9 frames hidden]  copy
│                       0.001 deepcopy  copy.py:118
│                       └─ 0.001 [self]  copy.py
└─ 0.001 _SelectorSocketTransport._read_ready  asyncio/selector_events.py:969
      [7 frames hidden]  asyncio, selectors
         0.001 dict.pop  <built-in>



========================================================================
GET /Product  ->  200  (4.6ms)
========================================================================

  _     ._   __/__   _ _  _  _ _/_   Recorded: 12:50:48  Samples:  5
 /_//_/// /_\ / //_// / //_'/ //     Duration: 0.005     CPU time: 0.005
/   _/                      v5.1.2

Profile at /code/pystack/pybend/src/pybend/example/../../pybend/core/tests/profiling/middleware.py:57

0.004 Handle._run  asyncio/events.py:86
├─ 0.003 coro  starlette/middleware/base.py:136
│     [16 frames hidden]  starlette, fastapi
│        0.003 jsonable_encoder  fastapi/encoders.py:102
│        │  0.001 list.append  <built-in>
│        │  0.001 isinstance  <built-in>
│        └─ 0.001 [self]  fastapi/encoders.py
│        0.000 run_endpoint_function  fastapi/routing.py:204
│        └─ 0.000 get_model_schema  pybend/core/api/routes_fastapi.py:169
│           └─ 0.000 Product.schema  pybend/core/models/proto_model.py:197
│              └─ 0.000 deepcopy  copy.py:118
│                    [7 frames hidden]  copy
└─ 0.001 RequestResponseCycle.run_asgi  uvicorn/protocols/http/h11_impl.py:401
      [3 frames hidden]  uvicorn, fastapi, starlette
         0.001 ServerErrorMiddleware.__call__  starlette/middleware/errors.py:150
         └─ 0.001 ProfilingMiddleware.__call__  pybend/core/tests/profiling/middleware.py:35



========================================================================
GET /User  ->  200  (6.0ms)
========================================================================

  _     ._   __/__   _ _  _  _ _/_   Recorded: 12:50:48  Samples:  6
 /_//_/// /_\ / //_// / //_'/ //     Duration: 0.006     CPU time: 0.006
/   _/                      v5.1.2

Profile at /code/pystack/pybend/src/pybend/example/../../pybend/core/tests/profiling/middleware.py:57

0.006 Handle._run  asyncio/events.py:86
├─ 0.005 coro  starlette/middleware/base.py:136
│     [13 frames hidden]  starlette, fastapi
│        0.004 run_endpoint_function  fastapi/routing.py:204
│        └─ 0.004 get_model_schema  pybend/core/api/routes_fastapi.py:169
│           └─ 0.004 User.schema  pybend/core/models/proto_model.py:197
│              ├─ 0.001 User.__pybend_methods_json_signature__  pybend/core/models/proto_model.py:139
│              │  └─ 0.001 ModelMetaclass.__dir__  pydantic/_internal/_model_construction.py:278
│              │     └─ 0.001 User.__dir__  <built-in>
│              ├─ 0.001 User.referenced_json_schema  pybend/core/models/proto_model.py:319
│              │  └─ 0.001 User.model_json_schema  pydantic/main.py:413
│              │        [4 frames hidden]  pydantic
│              │           0.001 new_handler_func  pydantic/json_schema.py:520
│              │           └─ 0.001 User.__get_pydantic_json_schema__  pybend/core/models/proto_model.py:341
│              │              └─ 0.001 User.__get_pydantic_json_schema__  pydantic/main.py:628
│              │                    [12 frames hidden]  pydantic
│              ├─ 0.001 User.model_json_schema  pydantic/main.py:413
│              │     [4 frames hidden]  pydantic
│              │        0.001 new_handler_func  pydantic/json_schema.py:520
│              │        └─ 0.001 User.__get_pydantic_json_schema__  pybend/core/models/proto_model.py:341
│              │           └─ 0.001 User.__get_pydantic_json_schema__  pydantic/main.py:628
│              │                 [27 frames hidden]  pydantic
│              └─ 0.001 collect_all_referenced_models  pybend/core/utils/introspection.py:62
│                 └─ 0.001 User.__pybend_methods_json_signature__  pybend/core/models/proto_model.py:139
│                    └─ 0.001 get_type_hints  typing.py:2186
│                          [2 frames hidden]  typing, <built-in>
└─ 0.001 RequestResponseCycle.run_asgi  uvicorn/protocols/http/h11_impl.py:401
      [3 frames hidden]  uvicorn, fastapi, starlette
         0.001 ServerErrorMiddleware.__call__  starlette/middleware/errors.py:150
         └─ 0.001 ProfilingMiddleware.__call__  pybend/core/tests/profiling/middleware.py:35
            └─ 0.001 JWTAuthMiddleware.__call__  starlette/middleware/base.py:98
               └─ 0.001 _StreamingResponse.__call__  starlette/middleware/base.py:205
                  └─ 0.001 send_wrapper  pybend/core/tests/profiling/middleware.py:48
                     └─ 0.001 _send  starlette/middleware/errors.py:157
                           [2 frames hidden]  uvicorn, h11



========================================================================
GET /User  ->  200  (2.6ms)
========================================================================

  _     ._   __/__   _ _  _  _ _/_   Recorded: 12:50:48  Samples:  3
 /_//_/// /_\ / //_// / //_'/ //     Duration: 0.003     CPU time: 0.003
/   _/                      v5.1.2

Profile at /code/pystack/pybend/src/pybend/example/../../pybend/core/tests/profiling/middleware.py:57

0.002 Handle._run  asyncio/events.py:86
├─ 0.001 coro  starlette/middleware/base.py:136
│     [21 frames hidden]  starlette, fastapi
│        0.001 is_dataclass  dataclasses.py:1294
└─ 0.001 _SelectorSocketTransport._read_ready  asyncio/selector_events.py:969
      [7 frames hidden]  asyncio, selectors
         0.001 str.format  <built-in>



========================================================================
GET /User  ->  200  (2.4ms)
========================================================================

  _     ._   __/__   _ _  _  _ _/_   Recorded: 12:50:48  Samples:  2
 /_//_/// /_\ / //_// / //_'/ //     Duration: 0.002     CPU time: 0.002
/   _/                      v5.1.2

Profile at /code/pystack/pybend/src/pybend/example/../../pybend/core/tests/profiling/middleware.py:57

0.002 NoneType._run  asyncio/events.py:86
├─ 0.001 [self]  asyncio/events.py
└─ 0.001 coro  starlette/middleware/base.py:136
      [11 frames hidden]  starlette, fastapi
         0.001 jsonable_encoder  fastapi/encoders.py:102



========================================================================
GET /products  ->  200  (3.3ms)
========================================================================

  _     ._   __/__   _ _  _  _ _/_   Recorded: 12:50:48  Samples:  3
 /_//_/// /_\ / //_// / //_'/ //     Duration: 0.003     CPU time: 0.003
/   _/                      v5.1.2

Profile at /code/pystack/pybend/src/pybend/example/../../pybend/core/tests/profiling/middleware.py:57

0.002 Handle._run  asyncio/events.py:86
├─ 0.001 coro  starlette/middleware/base.py:136
│     [12 frames hidden]  starlette, fastapi
│        0.001 run_endpoint_function  fastapi/routing.py:204
│        └─ 0.001 list_all_instances  pybend/core/api/routes_fastapi.py:93
│           └─ 0.001 Product.list  pybend/core/models/storable_mixin.py:91
│              └─ 0.001 SQLiteStorage.list  pybend/core/storage/sqlite_storage.py:85
│                 └─ 0.001 Cursor.execute  <built-in>
└─ 0.001 RequestResponseCycle.run_asgi  uvicorn/protocols/http/h11_impl.py:401
      [3 frames hidden]  uvicorn, fastapi, starlette
         0.001 ServerErrorMiddleware.__call__  starlette/middleware/errors.py:150
         └─ 0.001 ProfilingMiddleware.__call__  pybend/core/tests/profiling/middleware.py:35
            └─ 0.001 JWTAuthMiddleware.__call__  starlette/middleware/base.py:98
               └─ 0.001 JWTAuthMiddleware.dispatch  pybend/core/api/backend.py:92
                  └─ 0.001 call_next  starlette/middleware/base.py:109
                        [2 frames hidden]  anyio
                           0.001 Event.wait  asyncio/locks.py:199
                           └─ 0.001 [await]  asyncio/locks.py



========================================================================
GET /products  ->  200  (3.1ms)
========================================================================

  _     ._   __/__   _ _  _  _ _/_   Recorded: 12:50:48  Samples:  3
 /_//_/// /_\ / //_// / //_'/ //     Duration: 0.003     CPU time: 0.003
/   _/                      v5.1.2

Profile at /code/pystack/pybend/src/pybend/example/../../pybend/core/tests/profiling/middleware.py:57

0.002 Handle._run  asyncio/events.py:86
├─ 0.001 coro  starlette/middleware/base.py:136
│     [15 frames hidden]  starlette, fastapi
│        0.001 run_endpoint_function  fastapi/routing.py:204
│        └─ 0.001 list_all_instances  pybend/core/api/routes_fastapi.py:93
│           └─ 0.001 Product.list  pybend/core/models/storable_mixin.py:91
│              └─ 0.001 SQLiteStorage.list  pybend/core/storage/sqlite_storage.py:85
│                 └─ 0.001 Connection.close  <built-in>
└─ 0.001 RequestResponseCycle.run_asgi  uvicorn/protocols/http/h11_impl.py:401
      [3 frames hidden]  uvicorn, fastapi, starlette
         0.001 ServerErrorMiddleware.__call__  starlette/middleware/errors.py:150
         └─ 0.001 ProfilingMiddleware.__call__  pybend/core/tests/profiling/middleware.py:35
            └─ 0.001 JWTAuthMiddleware.__call__  starlette/middleware/base.py:98
               └─ 0.001 _StreamingResponse.__call__  starlette/middleware/base.py:205
                  └─ 0.001 send_wrapper  pybend/core/tests/profiling/middleware.py:48
                     └─ 0.001 _send  starlette/middleware/errors.py:157
                           [9 frames hidden]  uvicorn, logging
                              0.001 AccessFormatter.formatMessage  uvicorn/logging.py:97



========================================================================
GET /products  ->  200  (11.1ms)
========================================================================

  _     ._   __/__   _ _  _  _ _/_   Recorded: 12:50:48  Samples:  11
 /_//_/// /_\ / //_// / //_'/ //     Duration: 0.011     CPU time: 0.011
/   _/                      v5.1.2

Profile at /code/pystack/pybend/src/pybend/example/../../pybend/core/tests/profiling/middleware.py:57

0.011 _UnixSelectorEventLoop._run_once  asyncio/base_events.py:1910
├─ 0.010 Handle._run  asyncio/events.py:86
│     [22 frames hidden]  starlette, fastapi, dataclasses, <bui...
│        0.006 run_endpoint_function  fastapi/routing.py:204
│        └─ 0.006 list_all_instances  pybend/core/api/routes_fastapi.py:93
│           └─ 0.006 Product.list  pybend/core/models/storable_mixin.py:91
│              └─ 0.006 SQLiteStorage.list  pybend/core/storage/sqlite_storage.py:85
│                 ├─ 0.005 SQLiteStorage._populate_fields  pybend/core/storage/sqlite_storage.py:275
│                 │  ├─ 0.003 get_ref_fields  pybend/core/utils/introspection.py:181
│                 │  │  ├─ 0.002 [self]  pybend/core/utils/introspection.py
│                 │  │  └─ 0.001 _is_self_ref  pybend/core/utils/introspection.py:206
│                 │  │     └─ 0.001 _GenericAlias.__getattr__  typing.py:1178
│                 │  │           [2 frames hidden]  typing, <built-in>
│                 │  └─ 0.002 get_list_fields  pybend/core/utils/introspection.py:138
│                 └─ 0.001 Product.__init__  pybend/core/models/proto_model.py:96
│                    └─ 0.001 ModelMetaclass.__instancecheck__  pydantic/_internal/_model_construction.py:248
│                       └─ 0.001 hasattr  <built-in>
└─ 0.001 [self]  asyncio/base_events.py



========================================================================
GET /products  ->  200  (12.7ms)
========================================================================

  _     ._   __/__   _ _  _  _ _/_   Recorded: 12:50:48  Samples:  13
 /_//_/// /_\ / //_// / //_'/ //     Duration: 0.013     CPU time: 0.013
/   _/                      v5.1.2

Profile at /code/pystack/pybend/src/pybend/example/../../pybend/core/tests/profiling/middleware.py:57

0.013 Handle._run  asyncio/events.py:86
├─ 0.012 coro  starlette/middleware/base.py:136
│     [24 frames hidden]  starlette, fastapi, <built-in>, json
│        0.007 run_endpoint_function  fastapi/routing.py:204
│        └─ 0.007 list_all_instances  pybend/core/api/routes_fastapi.py:93
│           └─ 0.007 Product.list  pybend/core/models/storable_mixin.py:91
│              └─ 0.007 SQLiteStorage.list  pybend/core/storage/sqlite_storage.py:85
│                 ├─ 0.006 SQLiteStorage._populate_fields  pybend/core/storage/sqlite_storage.py:275
│                 │  ├─ 0.002 get_list_fields  pybend/core/utils/introspection.py:138
│                 │  │  ├─ 0.001 [self]  pybend/core/utils/introspection.py
│                 │  │  └─ 0.001 get_origin  typing.py:2310
│                 │  ├─ 0.001 Cursor.execute  <built-in>
│                 │  ├─ 0.001 [self]  pybend/core/storage/sqlite_storage.py
│                 │  ├─ 0.001 Cursor.fetchall  <built-in>
│                 │  └─ 0.001 get_ref_fields  pybend/core/utils/introspection.py:181
│                 └─ 0.001 [self]  pybend/core/storage/sqlite_storage.py
│        0.003 jsonable_encoder  fastapi/encoders.py:102
└─ 0.001 RequestResponseCycle.run_asgi  uvicorn/protocols/http/h11_impl.py:401
      [3 frames hidden]  uvicorn, fastapi, starlette
         0.001 ServerErrorMiddleware.__call__  starlette/middleware/errors.py:150
         └─ 0.001 ProfilingMiddleware.__call__  pybend/core/tests/profiling/middleware.py:35
            └─ 0.001 JWTAuthMiddleware.__call__  starlette/middleware/base.py:98
                  [3 frames hidden]  anyio, <built-in>



========================================================================
GET /products  ->  200  (23.5ms)
========================================================================

  _     ._   __/__   _ _  _  _ _/_   Recorded: 12:50:48  Samples:  24
 /_//_/// /_\ / //_// / //_'/ //     Duration: 0.023     CPU time: 0.023
/   _/                      v5.1.2

Profile at /code/pystack/pybend/src/pybend/example/../../pybend/core/tests/profiling/middleware.py:57

0.023 Handle._run  asyncio/events.py:86
└─ 0.023 coro  starlette/middleware/base.py:136
      [43 frames hidden]  starlette, fastapi, pydantic, <built-...
         0.012 run_endpoint_function  fastapi/routing.py:204
         └─ 0.012 list_all_instances  pybend/core/api/routes_fastapi.py:93
            └─ 0.012 Product.list  pybend/core/models/storable_mixin.py:91
               └─ 0.012 SQLiteStorage.list  pybend/core/storage/sqlite_storage.py:85
                  ├─ 0.011 SQLiteStorage._populate_fields  pybend/core/storage/sqlite_storage.py:275
                  │  ├─ 0.005 SQLiteStorage._populate_fields  pybend/core/storage/sqlite_storage.py:275
                  │  │  ├─ 0.002 [self]  pybend/core/storage/sqlite_storage.py
                  │  │  ├─ 0.001 Cursor.fetchall  <built-in>
                  │  │  ├─ 0.001 get_ref_fields  pybend/core/utils/introspection.py:181
                  │  │  │  └─ 0.001 _is_self_ref  pybend/core/utils/introspection.py:206
                  │  │  │     └─ 0.001 _GenericAlias.__getattr__  typing.py:1178
                  │  │  └─ 0.001 len  <built-in>
                  │  ├─ 0.002 get_list_fields  pybend/core/utils/introspection.py:138
                  │  │  ├─ 0.001 _unwrap_listref  pybend/core/utils/introspection.py:121
                  │  │  │  └─ 0.001 hasattr  <built-in>
                  │  │  └─ 0.001 [self]  pybend/core/utils/introspection.py
                  │  ├─ 0.001 Cursor.execute  <built-in>
                  │  ├─ 0.001 get_ref_fields  pybend/core/utils/introspection.py:181
                  │  │  └─ 0.001 _is_self_ref  pybend/core/utils/introspection.py:206
                  │  │     └─ 0.001 hasattr  <built-in>
                  │  ├─ 0.001 ProductComment.model_dump  pybend/core/models/proto_model.py:117
                  │  └─ 0.001 ProductComment.__init__  pybend/core/models/proto_model.py:96
                  └─ 0.001 [self]  pybend/core/storage/sqlite_storage.py



========================================================================
GET /products  ->  200  (27.6ms)
========================================================================

  _     ._   __/__   _ _  _  _ _/_   Recorded: 12:50:48  Samples:  27
 /_//_/// /_\ / //_// / //_'/ //     Duration: 0.028     CPU time: 0.028
/   _/                      v5.1.2

Profile at /code/pystack/pybend/src/pybend/example/../../pybend/core/tests/profiling/middleware.py:57

0.027 Handle._run  asyncio/events.py:86
├─ 0.026 coro  starlette/middleware/base.py:136
│     [35 frames hidden]  starlette, fastapi, <built-in>, datac...
│        0.014 run_endpoint_function  fastapi/routing.py:204
│        └─ 0.014 list_all_instances  pybend/core/api/routes_fastapi.py:93
│           └─ 0.014 Product.list  pybend/core/models/storable_mixin.py:91
│              └─ 0.014 SQLiteStorage.list  pybend/core/storage/sqlite_storage.py:85
│                 ├─ 0.013 SQLiteStorage._populate_fields  pybend/core/storage/sqlite_storage.py:275
│                 │  ├─ 0.006 SQLiteStorage._populate_fields  pybend/core/storage/sqlite_storage.py:275
│                 │  │  ├─ 0.003 [self]  pybend/core/storage/sqlite_storage.py
│                 │  │  ├─ 0.002 User.__init__  pybend/core/models/proto_model.py:96
│                 │  │  │  └─ 0.002 SchemaValidator.validate_python  <built-in>
│                 │  │  └─ 0.001 get_ref_fields  pybend/core/utils/introspection.py:181
│                 │  │     └─ 0.001 get_origin  typing.py:2310
│                 │  ├─ 0.002 Cursor.execute  <built-in>
│                 │  ├─ 0.002 get_ref_fields  pybend/core/utils/introspection.py:181
│                 │  │  ├─ 0.001 dict.items  <built-in>
│                 │  │  └─ 0.001 [self]  pybend/core/utils/introspection.py
│                 │  ├─ 0.001 ProductComment.model_dump  pybend/core/models/proto_model.py:117
│                 │  │  └─ 0.001 ProductComment.model_dump  pydantic/main.py:309
│                 │  ├─ 0.001 get_list_fields  pybend/core/utils/introspection.py:138
│                 │  └─ 0.001 [self]  pybend/core/storage/sqlite_storage.py
│                 └─ 0.001 Cursor.execute  <built-in>
└─ 0.001 RequestResponseCycle.run_asgi  uvicorn/protocols/http/h11_impl.py:401
      [3 frames hidden]  uvicorn, fastapi, starlette
         0.001 ServerErrorMiddleware.__call__  starlette/middleware/errors.py:150
         └─ 0.001 ProfilingMiddleware.__call__  pybend/core/tests/profiling/middleware.py:35
            └─ 0.001 JWTAuthMiddleware.__call__  starlette/middleware/base.py:98
               └─ 0.001 _StreamingResponse.__call__  starlette/middleware/base.py:205
                  └─ 0.001 send_wrapper  pybend/core/tests/profiling/middleware.py:48
                     └─ 0.001 _send  starlette/middleware/errors.py:157
                           [14 frames hidden]  uvicorn, logging



========================================================================
GET /products  ->  200  (3.4ms)
========================================================================

  _     ._   __/__   _ _  _  _ _/_   Recorded: 12:50:48  Samples:  3
 /_//_/// /_\ / //_// / //_'/ //     Duration: 0.003     CPU time: 0.003
/   _/                      v5.1.2

Profile at /code/pystack/pybend/src/pybend/example/../../pybend/core/tests/profiling/middleware.py:57

0.002 Handle._run  asyncio/events.py:86
└─ 0.002 coro  starlette/middleware/base.py:136
      [18 frames hidden]  starlette, fastapi, <built-in>
         0.001 run_endpoint_function  fastapi/routing.py:204
         └─ 0.001 list_all_instances  pybend/core/api/routes_fastapi.py:93
            └─ 0.001 Product.list  pybend/core/models/storable_mixin.py:91
               └─ 0.001 SQLiteStorage.list  pybend/core/storage/sqlite_storage.py:85
                  └─ 0.001 _validate_identifier  pybend/core/storage/sqlite_storage.py:20
                     └─ 0.001 match  re/__init__.py:164
                        └─ 0.001 _compile  re/__init__.py:280
                           └─ 0.001 isinstance  <built-in>
         0.001 jsonable_encoder  fastapi/encoders.py:102



========================================================================
GET /users  ->  200  (1.9ms)
========================================================================

  _     ._   __/__   _ _  _  _ _/_   Recorded: 12:50:48  Samples:  2
 /_//_/// /_\ / //_// / //_'/ //     Duration: 0.002     CPU time: 0.002
/   _/                      v5.1.2

Profile at /code/pystack/pybend/src/pybend/example/../../pybend/core/tests/profiling/middleware.py:57

0.001 ProfilingMiddleware.__call__  pybend/core/tests/profiling/middleware.py:35
└─ 0.001 JWTAuthMiddleware.__call__  starlette/middleware/base.py:98
   ├─ 0.001 _StreamingResponse.__call__  starlette/middleware/base.py:205
   │  └─ 0.001 send_wrapper  pybend/core/tests/profiling/middleware.py:48
   │     └─ 0.001 _send  starlette/middleware/errors.py:157
   │           [2 frames hidden]  uvicorn
   │              0.001 quote  urllib/parse.py:871
   └─ 0.000 JWTAuthMiddleware.dispatch  pybend/core/api/backend.py:92
      └─ 0.000 call_next  starlette/middleware/base.py:109
            [3 frames hidden]  anyio



========================================================================
GET /products/1  ->  200  (1.9ms)
========================================================================

  _     ._   __/__   _ _  _  _ _/_   Recorded: 12:50:48  Samples:  2
 /_//_/// /_\ / //_// / //_'/ //     Duration: 0.002     CPU time: 0.002
/   _/                      v5.1.2

Profile at /code/pystack/pybend/src/pybend/example/../../pybend/core/tests/profiling/middleware.py:57

0.001 ProfilingMiddleware.__call__  pybend/core/tests/profiling/middleware.py:35
└─ 0.001 JWTAuthMiddleware.__call__  starlette/middleware/base.py:98
   ├─ 0.001 _StreamingResponse.__call__  starlette/middleware/base.py:205
   │  └─ 0.001 send_wrapper  pybend/core/tests/profiling/middleware.py:48
   │     └─ 0.001 _send  starlette/middleware/errors.py:157
   │           [4 frames hidden]  uvicorn, h11
   │              0.001 Pattern.fullmatch  <built-in>
   └─ 0.000 JWTAuthMiddleware.dispatch  pybend/core/api/backend.py:92
      └─ 0.000 _CachedRequest.state  starlette/requests.py:172



========================================================================
GET /products/2  ->  200  (1.7ms)
========================================================================

  _     ._   __/__   _ _  _  _ _/_   Recorded: 12:50:48  Samples:  2
 /_//_/// /_\ / //_// / //_'/ //     Duration: 0.002     CPU time: 0.002
/   _/                      v5.1.2

Profile at /code/pystack/pybend/src/pybend/example/../../pybend/core/tests/profiling/middleware.py:57

0.001 Handle._run  asyncio/events.py:86
├─ 0.001 task_done  anyio/_backends/_asyncio.py:805
└─ 0.001 coro  starlette/middleware/base.py:136
      [10 frames hidden]  starlette, fastapi
         0.001 run_endpoint_function  fastapi/routing.py:204
         └─ 0.001 read_instance  pybend/core/api/routes_fastapi.py:184
            └─ 0.001 Product.get  pybend/core/models/storable_mixin.py:102
               └─ 0.001 SQLiteStorage.get  pybend/core/storage/sqlite_storage.py:193
                  └─ 0.001 Cursor.execute  <built-in>



========================================================================
GET /products/3  ->  200  (1.6ms)
========================================================================

  _     ._   __/__   _ _  _  _ _/_   Recorded: 12:50:48  Samples:  1
 /_//_/// /_\ / //_// / //_'/ //     Duration: 0.002     CPU time: 0.002
/   _/                      v5.1.2

Profile at /code/pystack/pybend/src/pybend/example/../../pybend/core/tests/profiling/middleware.py:57

0.001 Handle._run  asyncio/events.py:86
└─ 0.001 coro  starlette/middleware/base.py:136
      [11 frames hidden]  starlette, fastapi
         0.001 jsonable_encoder  fastapi/encoders.py:102



========================================================================
GET /products/1  ->  200  (2.9ms)
========================================================================

  _     ._   __/__   _ _  _  _ _/_   Recorded: 12:50:48  Samples:  3
 /_//_/// /_\ / //_// / //_'/ //     Duration: 0.003     CPU time: 0.003
/   _/                      v5.1.2

Profile at /code/pystack/pybend/src/pybend/example/../../pybend/core/tests/profiling/middleware.py:57

0.002 Handle._run  asyncio/events.py:86
├─ 0.001 [self]  asyncio/events.py
├─ 0.001 coro  starlette/middleware/base.py:136
│     [10 frames hidden]  starlette, fastapi
│        0.001 run_endpoint_function  fastapi/routing.py:204
│        └─ 0.001 read_instance  pybend/core/api/routes_fastapi.py:184
│           └─ 0.001 Product.get  pybend/core/models/storable_mixin.py:102
│              └─ 0.001 SQLiteStorage.get  pybend/core/storage/sqlite_storage.py:193
│                 └─ 0.001 SQLiteStorage._populate_fields  pybend/core/storage/sqlite_storage.py:275
│                    └─ 0.001 ProductComment.__init__  pybend/core/models/proto_model.py:96
│                       └─ 0.001 SchemaValidator.validate_python  <built-in>
└─ 0.000 RequestResponseCycle.run_asgi  uvicorn/protocols/http/h11_impl.py:401
      [3 frames hidden]  uvicorn, fastapi, starlette
         0.000 ServerErrorMiddleware.__call__  starlette/middleware/errors.py:150
         └─ 0.000 ProfilingMiddleware.__call__  pybend/core/tests/profiling/middleware.py:35
            └─ 0.000 JWTAuthMiddleware.__call__  starlette/middleware/base.py:98
               └─ 0.000 JWTAuthMiddleware.dispatch  pybend/core/api/backend.py:92
                  └─ 0.000 Headers.get  <frozen _collections_abc>:804
                     └─ 0.000 Headers.__getitem__  starlette/datastructures.py:529



========================================================================
GET /products/2  ->  200  (2.9ms)
========================================================================

  _     ._   __/__   _ _  _  _ _/_   Recorded: 12:50:48  Samples:  3
 /_//_/// /_\ / //_// / //_'/ //     Duration: 0.003     CPU time: 0.003
/   _/                      v5.1.2

Profile at /code/pystack/pybend/src/pybend/example/../../pybend/core/tests/profiling/middleware.py:57

0.002 Handle._run  asyncio/events.py:86
├─ 0.001 RequestResponseCycle.run_asgi  uvicorn/protocols/http/h11_impl.py:401
│     [3 frames hidden]  uvicorn, fastapi, starlette
│        0.001 ServerErrorMiddleware.__call__  starlette/middleware/errors.py:150
│        └─ 0.001 ProfilingMiddleware.__call__  pybend/core/tests/profiling/middleware.py:35
│           └─ 0.001 JWTAuthMiddleware.__call__  starlette/middleware/base.py:98
│              ├─ 0.001 _StreamingResponse.__call__  starlette/middleware/base.py:205
│              │  └─ 0.001 send_wrapper  pybend/core/tests/profiling/middleware.py:48
│              │     └─ 0.001 _send  starlette/middleware/errors.py:157
│              │           [3 frames hidden]  uvicorn, logging
│              │              0.001 Logger.findCaller  logging/__init__.py:1611
│              └─ 0.000 JWTAuthMiddleware.dispatch  pybend/core/api/backend.py:92
│                 └─ 0.000 decode_token  pybend/core/authorize/auth.py:57
│                    └─ 0.000 PyJWT.decode  jwt/api_jwt.py:306
│                          [3 frames hidden]  jwt
└─ 0.001 coro  starlette/middleware/base.py:136
      [10 frames hidden]  starlette, fastapi
         0.001 run_endpoint_function  fastapi/routing.py:204
         └─ 0.001 read_instance  pybend/core/api/routes_fastapi.py:184
            └─ 0.001 Product.get  pybend/core/models/storable_mixin.py:102
               └─ 0.001 SQLiteStorage.get  pybend/core/storage/sqlite_storage.py:193
                  └─ 0.001 SQLiteStorage._populate_fields  pybend/core/storage/sqlite_storage.py:275
                     └─ 0.001 get_ref_fields  pybend/core/utils/introspection.py:181
                        └─ 0.001 _is_self_ref  pybend/core/utils/introspection.py:206
                           └─ 0.001 _GenericAlias.__getattr__  typing.py:1178
                              └─ 0.001 _is_dunder  typing.py:1134
                                 └─ 0.001 str.startswith  <built-in>



========================================================================
GET /products/3  ->  200  (2.8ms)
========================================================================

  _     ._   __/__   _ _  _  _ _/_   Recorded: 12:50:48  Samples:  3
 /_//_/// /_\ / //_// / //_'/ //     Duration: 0.003     CPU time: 0.003
/   _/                      v5.1.2

Profile at /code/pystack/pybend/src/pybend/example/../../pybend/core/tests/profiling/middleware.py:57

0.002 Handle._run  asyncio/events.py:86
├─ 0.001 RequestResponseCycle.run_asgi  uvicorn/protocols/http/h11_impl.py:401
│     [3 frames hidden]  uvicorn, fastapi, starlette
│        0.001 ServerErrorMiddleware.__call__  starlette/middleware/errors.py:150
│        └─ 0.001 ProfilingMiddleware.__call__  pybend/core/tests/profiling/middleware.py:35
│           └─ 0.001 JWTAuthMiddleware.__call__  starlette/middleware/base.py:98
│              ├─ 0.001 _StreamingResponse.__call__  starlette/middleware/base.py:205
│              │  └─ 0.001 send_wrapper  pybend/core/tests/profiling/middleware.py:48
│              │     └─ 0.001 _send  starlette/middleware/errors.py:157
│              │           [7 frames hidden]  uvicorn, logging
│              │              0.001 RLock.acquire  <built-in>
│              └─ 0.000 JWTAuthMiddleware.dispatch  pybend/core/api/backend.py:92
│                 └─ 0.000 decode_token  pybend/core/authorize/auth.py:57
│                    └─ 0.000 PyJWT.decode  jwt/api_jwt.py:306
│                          [5 frames hidden]  jwt, json
└─ 0.001 coro  starlette/middleware/base.py:136
      [10 frames hidden]  starlette, fastapi
         0.001 run_endpoint_function  fastapi/routing.py:204
         └─ 0.001 read_instance  pybend/core/api/routes_fastapi.py:184
            └─ 0.001 Product.get  pybend/core/models/storable_mixin.py:102
               └─ 0.001 SQLiteStorage.get  pybend/core/storage/sqlite_storage.py:193
                  └─ 0.001 SQLiteStorage._populate_fields  pybend/core/storage/sqlite_storage.py:275
                     └─ 0.001 get_ref_fields  pybend/core/utils/introspection.py:181
                        └─ 0.001 _AnnotatedAlias.__eq__  typing.py:2016



========================================================================
GET /products/1  ->  200  (4.0ms)
========================================================================

  _     ._   __/__   _ _  _  _ _/_   Recorded: 12:50:48  Samples:  4
 /_//_/// /_\ / //_// / //_'/ //     Duration: 0.004     CPU time: 0.004
/   _/                      v5.1.2

Profile at /code/pystack/pybend/src/pybend/example/../../pybend/core/tests/profiling/middleware.py:57

0.003 Handle._run  asyncio/events.py:86
├─ 0.002 coro  starlette/middleware/base.py:136
│     [15 frames hidden]  starlette, fastapi
│        0.001 jsonable_encoder  fastapi/encoders.py:102
│        0.001 run_endpoint_function  fastapi/routing.py:204
│        └─ 0.001 read_instance  pybend/core/api/routes_fastapi.py:184
│           └─ 0.001 Product.get  pybend/core/models/storable_mixin.py:102
│              └─ 0.001 SQLiteStorage.get  pybend/core/storage/sqlite_storage.py:193
│                 └─ 0.001 SQLiteStorage._populate_fields  pybend/core/storage/sqlite_storage.py:275
│                    └─ 0.001 ProductComment.__init__  pybend/core/models/proto_model.py:96
├─ 0.001 RequestResponseCycle.run_asgi  uvicorn/protocols/http/h11_impl.py:401
│     [3 frames hidden]  uvicorn, fastapi, starlette
│        0.001 ServerErrorMiddleware.__call__  starlette/middleware/errors.py:150
│        └─ 0.001 ProfilingMiddleware.__call__  pybend/core/tests/profiling/middleware.py:35
│           └─ 0.001 JWTAuthMiddleware.__call__  starlette/middleware/base.py:98
│              └─ 0.001 JWTAuthMiddleware.dispatch  pybend/core/api/backend.py:92
│                 └─ 0.001 call_next  starlette/middleware/base.py:109
│                       [4 frames hidden]  anyio
│                          0.001 current_async_library  sniffio/_impl.py:25
└─ 0.000 [self]  asyncio/events.py



========================================================================
GET /products/2  ->  200  (3.9ms)
========================================================================

  _     ._   __/__   _ _  _  _ _/_   Recorded: 12:50:48  Samples:  4
 /_//_/// /_\ / //_// / //_'/ //     Duration: 0.004     CPU time: 0.004
/   _/                      v5.1.2

Profile at /code/pystack/pybend/src/pybend/example/../../pybend/core/tests/profiling/middleware.py:57

0.003 Handle._run  asyncio/events.py:86
├─ 0.002 coro  starlette/middleware/base.py:136
│     [16 frames hidden]  starlette, fastapi
│        0.001 run_endpoint_function  fastapi/routing.py:204
│        └─ 0.001 read_instance  pybend/core/api/routes_fastapi.py:184
│           └─ 0.001 Product.get  pybend/core/models/storable_mixin.py:102
│              └─ 0.001 SQLiteStorage.get  pybend/core/storage/sqlite_storage.py:193
│                 └─ 0.001 SQLiteStorage._populate_fields  pybend/core/storage/sqlite_storage.py:275
│                    └─ 0.001 Cursor.execute  <built-in>
│        0.001 isinstance  <built-in>
└─ 0.001 RequestResponseCycle.run_asgi  uvicorn/protocols/http/h11_impl.py:401
      [3 frames hidden]  uvicorn, fastapi, starlette
         0.001 ServerErrorMiddleware.__call__  starlette/middleware/errors.py:150
         ├─ 0.001 [self]  starlette/middleware/errors.py
         └─ 0.000 ProfilingMiddleware.__call__  pybend/core/tests/profiling/middleware.py:35
            └─ 0.000 JWTAuthMiddleware.__call__  starlette/middleware/base.py:98
               └─ 0.000 JWTAuthMiddleware.dispatch  pybend/core/api/backend.py:92
                  └─ 0.000 decode_token  pybend/core/authorize/auth.py:57
                     └─ 0.000 PyJWT.decode  jwt/api_jwt.py:306
                           [4 frames hidden]  jwt, <built-in>



========================================================================
GET /products/3  ->  200  (3.9ms)
========================================================================

  _     ._   __/__   _ _  _  _ _/_   Recorded: 12:50:48  Samples:  4
 /_//_/// /_\ / //_// / //_'/ //     Duration: 0.004     CPU time: 0.004
/   _/                      v5.1.2

Profile at /code/pystack/pybend/src/pybend/example/../../pybend/core/tests/profiling/middleware.py:57

0.003 Handle._run  asyncio/events.py:86
├─ 0.003 coro  starlette/middleware/base.py:136
│     [10 frames hidden]  starlette, fastapi
│        0.002 run_endpoint_function  fastapi/routing.py:204
│        └─ 0.002 read_instance  pybend/core/api/routes_fastapi.py:184
│           ├─ 0.001 Product.get  pybend/core/models/storable_mixin.py:102
│           │  └─ 0.001 SQLiteStorage.get  pybend/core/storage/sqlite_storage.py:193
│           │     └─ 0.001 SQLiteStorage._populate_fields  pybend/core/storage/sqlite_storage.py:275
│           │        └─ 0.001 get_ref_fields  pybend/core/utils/introspection.py:181
│           │           └─ 0.001 _is_self_ref  pybend/core/utils/introspection.py:206
│           │              └─ 0.001 hasattr  <built-in>
│           └─ 0.001 [self]  pybend/core/api/routes_fastapi.py
│        0.001 AsyncExitStack.__aexit__  contextlib.py:707
└─ 0.000 RequestResponseCycle.run_asgi  uvicorn/protocols/http/h11_impl.py:401
      [3 frames hidden]  uvicorn, fastapi, starlette
         0.000 ServerErrorMiddleware.__call__  starlette/middleware/errors.py:150
         └─ 0.000 ProfilingMiddleware.__call__  pybend/core/tests/profiling/middleware.py:35
            └─ 0.000 JWTAuthMiddleware.__call__  starlette/middleware/base.py:98
                  [2 frames hidden]  anyio, typing



========================================================================
GET /users/1  ->  200  (1.6ms)
========================================================================

  _     ._   __/__   _ _  _  _ _/_   Recorded: 12:50:48  Samples:  2
 /_//_/// /_\ / //_// / //_'/ //     Duration: 0.002     CPU time: 0.002
/   _/                      v5.1.2

Profile at /code/pystack/pybend/src/pybend/example/../../pybend/core/tests/profiling/middleware.py:57

0.001 Handle._run  asyncio/events.py:86
├─ 0.001 _SelectorSocketTransport._call_connection_lost  asyncio/selector_events.py:1191
│     [3 frames hidden]  asyncio, socket
│        0.001 socket.close  <built-in>
└─ 0.000 coro  starlette/middleware/base.py:136
      [10 frames hidden]  starlette, fastapi
         0.000 run_endpoint_function  fastapi/routing.py:204
         └─ 0.000 read_instance  pybend/core/api/routes_fastapi.py:184
            └─ 0.000 User.get  pybend/core/models/storable_mixin.py:102
               └─ 0.000 SQLiteStorage.get  pybend/core/storage/sqlite_storage.py:193



========================================================================
GET /products/1/comments  ->  200  (3.7ms)
========================================================================

  _     ._   __/__   _ _  _  _ _/_   Recorded: 12:50:48  Samples:  4
 /_//_/// /_\ / //_// / //_'/ //     Duration: 0.004     CPU time: 0.004
/   _/                      v5.1.2

Profile at /code/pystack/pybend/src/pybend/example/../../pybend/core/tests/profiling/middleware.py:57

0.003 Handle._run  asyncio/events.py:86
├─ 0.002 coro  starlette/middleware/base.py:136
│     [15 frames hidden]  starlette, fastapi
│        0.002 run_endpoint_function  fastapi/routing.py:204
│        └─ 0.002 list_all_instances  pybend/core/api/routes_fastapi.py:93
│           └─ 0.002 ProductComment.list  pybend/core/models/storable_mixin.py:91
│              └─ 0.002 SQLiteStorage.list  pybend/core/storage/sqlite_storage.py:85
│                 ├─ 0.001 Cursor.execute  <built-in>
│                 └─ 0.001 _validate_identifier  pybend/core/storage/sqlite_storage.py:20
│                    └─ 0.001 match  re/__init__.py:164
└─ 0.001 RequestResponseCycle.run_asgi  uvicorn/protocols/http/h11_impl.py:401
      [3 frames hidden]  uvicorn, fastapi, starlette
         0.001 ServerErrorMiddleware.__call__  starlette/middleware/errors.py:150
         └─ 0.001 ProfilingMiddleware.__call__  pybend/core/tests/profiling/middleware.py:35



========================================================================
GET /products/2/comments  ->  200  (4.3ms)
========================================================================

  _     ._   __/__   _ _  _  _ _/_   Recorded: 12:50:48  Samples:  4
 /_//_/// /_\ / //_// / //_'/ //     Duration: 0.004     CPU time: 0.004
/   _/                      v5.1.2

Profile at /code/pystack/pybend/src/pybend/example/../../pybend/core/tests/profiling/middleware.py:57

0.004 Handle._run  asyncio/events.py:86
└─ 0.004 coro  starlette/middleware/base.py:136
      [16 frames hidden]  starlette, fastapi, anyio
         0.003 run_endpoint_function  fastapi/routing.py:204
         └─ 0.003 list_all_instances  pybend/core/api/routes_fastapi.py:93
            └─ 0.003 ProductComment.list  pybend/core/models/storable_mixin.py:91
               └─ 0.003 SQLiteStorage.list  pybend/core/storage/sqlite_storage.py:85
                  ├─ 0.001 _validate_identifier  pybend/core/storage/sqlite_storage.py:20
                  │  └─ 0.001 match  re/__init__.py:164
                  │     └─ 0.001 _compile  re/__init__.py:280
                  ├─ 0.001 Cursor.execute  <built-in>
                  └─ 0.001 [self]  pybend/core/storage/sqlite_storage.py
         0.001 Event.wait  asyncio/locks.py:199
         └─ 0.001 [await]  asyncio/locks.py



========================================================================
GET /products/1/favorites  ->  200  (1.8ms)
========================================================================

  _     ._   __/__   _ _  _  _ _/_   Recorded: 12:50:48  Samples:  1
 /_//_/// /_\ / //_// / //_'/ //     Duration: 0.002     CPU time: 0.002
/   _/                      v5.1.2

Profile at /code/pystack/pybend/src/pybend/example/../../pybend/core/tests/profiling/middleware.py:57

0.001 Handle._run  asyncio/events.py:86
└─ 0.001 coro  starlette/middleware/base.py:136
      [13 frames hidden]  starlette, fastapi
         0.001 is_dataclass  dataclasses.py:1294



========================================================================
GET /products/2/favorites  ->  200  (1.9ms)
========================================================================

  _     ._   __/__   _ _  _  _ _/_   Recorded: 12:50:48  Samples:  1
 /_//_/// /_\ / //_// / //_'/ //     Duration: 0.002     CPU time: 0.002
/   _/                      v5.1.2

Profile at /code/pystack/pybend/src/pybend/example/../../pybend/core/tests/profiling/middleware.py:57

0.001 Handle._run  asyncio/events.py:86
└─ 0.001 coro  starlette/middleware/base.py:136
      [14 frames hidden]  starlette, fastapi
         0.001 is_dataclass  dataclasses.py:1294



========================================================================
POST /users/login  ->  200  (186.0ms)
========================================================================

  _     ._   __/__   _ _  _  _ _/_   Recorded: 12:50:48  Samples:  3
 /_//_/// /_\ / //_// / //_'/ //     Duration: 0.186     CPU time: 0.186
/   _/                      v5.1.2

Profile at /code/pystack/pybend/src/pybend/example/../../pybend/core/tests/profiling/middleware.py:57

0.185 Handle._run  asyncio/events.py:86
└─ 0.185 coro  starlette/middleware/base.py:136
      [10 frames hidden]  starlette, fastapi
         0.185 run_endpoint_function  fastapi/routing.py:204
         └─ 0.185 post_no_id  pybend/core/api/routes_fastapi.py:336
            └─ 0.185 User.login  pybend/core/models/base_user.py:74
               └─ 0.184 verify_password  pybend/core/authorize/auth.py:42
                  └─ 0.184 checkpw  <built-in>



========================================================================
POST /products  ->  201  (22.5ms)
========================================================================

  _     ._   __/__   _ _  _  _ _/_   Recorded: 12:50:48  Samples:  7
 /_//_/// /_\ / //_// / //_'/ //     Duration: 0.023     CPU time: 0.006
/   _/                      v5.1.2

Profile at /code/pystack/pybend/src/pybend/example/../../pybend/core/tests/profiling/middleware.py:57

0.022 Handle._run  asyncio/events.py:86
├─ 0.021 coro  starlette/middleware/base.py:136
│     [33 frames hidden]  starlette, fastapi, <string>, pydanti...
│        0.018 run_endpoint_function  fastapi/routing.py:204
│        └─ 0.018 create_instance  pybend/core/api/routes_fastapi.py:60
│           └─ 0.018 Product.create  pybend/core/models/storable_mixin.py:63
│              └─ 0.018 SQLiteStorage.create  pybend/core/storage/sqlite_storage.py:53
│                 ├─ 0.016 Connection.commit  <built-in>
│                 └─ 0.001 Cursor.execute  <built-in>
├─ 0.001 [self]  asyncio/events.py
└─ 0.000 RequestResponseCycle.run_asgi  uvicorn/protocols/http/h11_impl.py:401
      [3 frames hidden]  uvicorn, fastapi, starlette
         0.000 ServerErrorMiddleware.__call__  starlette/middleware/errors.py:150
         └─ 0.000 ProfilingMiddleware.__call__  pybend/core/tests/profiling/middleware.py:35
            └─ 0.000 JWTAuthMiddleware.__call__  starlette/middleware/base.py:98
               └─ 0.000 JWTAuthMiddleware.dispatch  pybend/core/api/backend.py:92
                  └─ 0.000 call_next  starlette/middleware/base.py:109
                        [2 frames hidden]  anyio



========================================================================
POST /products  ->  201  (11.0ms)
========================================================================

  _     ._   __/__   _ _  _  _ _/_   Recorded: 12:50:48  Samples:  3
 /_//_/// /_\ / //_// / //_'/ //     Duration: 0.011     CPU time: 0.003
/   _/                      v5.1.2

Profile at /code/pystack/pybend/src/pybend/example/../../pybend/core/tests/profiling/middleware.py:57

0.011 Handle._run  asyncio/events.py:86
├─ 0.009 coro  starlette/middleware/base.py:136
│     [10 frames hidden]  starlette, fastapi
│        0.009 run_endpoint_function  fastapi/routing.py:204
│        └─ 0.009 create_instance  pybend/core/api/routes_fastapi.py:60
│           └─ 0.009 Product.create  pybend/core/models/storable_mixin.py:63
│              └─ 0.009 SQLiteStorage.create  pybend/core/storage/sqlite_storage.py:53
│                 └─ 0.009 Connection.commit  <built-in>
└─ 0.002 RequestResponseCycle.run_asgi  uvicorn/protocols/http/h11_impl.py:401
      [3 frames hidden]  uvicorn, fastapi, starlette
         0.002 ServerErrorMiddleware.__call__  starlette/middleware/errors.py:150
         └─ 0.002 ProfilingMiddleware.__call__  pybend/core/tests/profiling/middleware.py:35
            └─ 0.002 JWTAuthMiddleware.__call__  starlette/middleware/base.py:98
                  [2 frames hidden]  anyio, asyncio
                     0.001 JWTAuthMiddleware.dispatch  pybend/core/api/backend.py:92
                     └─ 0.001 call_next  starlette/middleware/base.py:109
                           [4 frames hidden]  anyio, asyncio



========================================================================
POST /products  ->  201  (11.5ms)
========================================================================

  _     ._   __/__   _ _  _  _ _/_   Recorded: 12:50:48  Samples:  5
 /_//_/// /_\ / //_// / //_'/ //     Duration: 0.011     CPU time: 0.004
/   _/                      v5.1.2

Profile at /code/pystack/pybend/src/pybend/example/../../pybend/core/tests/profiling/middleware.py:57

0.011 Handle._run  asyncio/events.py:86
├─ 0.010 coro  starlette/middleware/base.py:136
│     [14 frames hidden]  starlette, fastapi
│        0.009 run_endpoint_function  fastapi/routing.py:204
│        └─ 0.009 create_instance  pybend/core/api/routes_fastapi.py:60
│           └─ 0.009 Product.create  pybend/core/models/storable_mixin.py:63
│              └─ 0.009 SQLiteStorage.create  pybend/core/storage/sqlite_storage.py:53
│                 └─ 0.009 Connection.commit  <built-in>
│        0.000 TypeAdapter.validate_python  pydantic/type_adapter.py:236
│        └─ 0.000 Product.__init__  pybend/core/models/proto_model.py:96
│           └─ 0.000 SchemaValidator.validate_python  <built-in>
└─ 0.001 RequestResponseCycle.run_asgi  uvicorn/protocols/http/h11_impl.py:401
      [4 frames hidden]  uvicorn, fastapi, starlette
         0.000 ServerErrorMiddleware.__call__  starlette/middleware/errors.py:150
         └─ 0.000 ProfilingMiddleware.__call__  pybend/core/tests/profiling/middleware.py:35
            └─ 0.000 JWTAuthMiddleware.__call__  starlette/middleware/base.py:98
               └─ 0.000 JWTAuthMiddleware.dispatch  pybend/core/api/backend.py:92
                  └─ 0.000 decode_token  pybend/core/authorize/auth.py:57
                     └─ 0.000 PyJWT.decode  jwt/api_jwt.py:306
                           [6 frames hidden]  jwt, base64, <built-in>



========================================================================
POST /products/1/comment  ->  200  (12.0ms)
========================================================================

  _     ._   __/__   _ _  _  _ _/_   Recorded: 12:50:48  Samples:  4
 /_//_/// /_\ / //_// / //_'/ //     Duration: 0.012     CPU time: 0.004
/   _/                      v5.1.2

Profile at /code/pystack/pybend/src/pybend/example/../../pybend/core/tests/profiling/middleware.py:57

0.012 Handle._run  asyncio/events.py:86
├─ 0.011 coro  starlette/middleware/base.py:136
│     [15 frames hidden]  starlette, fastapi, asyncio
│        0.010 run_endpoint_function  fastapi/routing.py:204
│        └─ 0.010 post_with_id  pybend/core/api/routes_fastapi.py:300
│           ├─ 0.009 Product.comment  models/product.py:62
│           │  └─ 0.009 Comment.save  pybend/core/models/storable_mixin.py:36
│           │     └─ 0.009 Comment.create  pybend/core/models/storable_mixin.py:63
│           │        └─ 0.009 ProductComment.create  pybend/core/models/storable_mixin.py:63
│           │           └─ 0.009 SQLiteStorage.create  pybend/core/storage/sqlite_storage.py:53
│           │              └─ 0.009 Connection.commit  <built-in>
│           └─ 0.001 Product.get  pybend/core/models/storable_mixin.py:102
│              └─ 0.001 SQLiteStorage.get  pybend/core/storage/sqlite_storage.py:193
│                 └─ 0.001 Cursor.fetchall  <built-in>
└─ 0.001 RequestResponseCycle.run_asgi  uvicorn/protocols/http/h11_impl.py:401
      [3 frames hidden]  uvicorn, fastapi, starlette
         0.001 ServerErrorMiddleware.__call__  starlette/middleware/errors.py:150
         └─ 0.001 ProfilingMiddleware.__call__  pybend/core/tests/profiling/middleware.py:35
            └─ 0.001 JWTAuthMiddleware.__call__  starlette/middleware/base.py:98
               └─ 0.001 _StreamingResponse.__call__  starlette/middleware/base.py:205
                  └─ 0.001 send_wrapper  pybend/core/tests/profiling/middleware.py:48
                     └─ 0.001 _send  starlette/middleware/errors.py:157
                        └─ 0.001 RequestResponseCycle.send  uvicorn/protocols/http/h11_impl.py:447



========================================================================
POST /products/2/comment  ->  200  (11.8ms)
========================================================================

  _     ._   __/__   _ _  _  _ _/_   Recorded: 12:50:48  Samples:  4
 /_//_/// /_\ / //_// / //_'/ //     Duration: 0.012     CPU time: 0.004
/   _/                      v5.1.2

Profile at /code/pystack/pybend/src/pybend/example/../../pybend/core/tests/profiling/middleware.py:57

0.011 _UnixSelectorEventLoop._run_once  asyncio/base_events.py:1910
├─ 0.010 Handle._run  asyncio/events.py:86
│     [13 frames hidden]  starlette, fastapi, anyio
│        0.010 run_endpoint_function  fastapi/routing.py:204
│        └─ 0.010 post_with_id  pybend/core/api/routes_fastapi.py:300
│           ├─ 0.009 Product.comment  models/product.py:62
│           │  └─ 0.009 Comment.save  pybend/core/models/storable_mixin.py:36
│           │     └─ 0.009 Comment.create  pybend/core/models/storable_mixin.py:63
│           │        └─ 0.009 ProductComment.create  pybend/core/models/storable_mixin.py:63
│           │           └─ 0.009 SQLiteStorage.create  pybend/core/storage/sqlite_storage.py:53
│           │              └─ 0.009 Connection.commit  <built-in>
│           └─ 0.001 _resolve_user  pybend/core/api/routes_fastapi.py:256
│              └─ 0.001 User.get  pybend/core/models/storable_mixin.py:102
│                 └─ 0.001 SQLiteStorage.get  pybend/core/storage/sqlite_storage.py:193
│                    └─ 0.001 get_ref_fields  pybend/core/utils/introspection.py:181
│                       └─ 0.001 _is_self_ref  pybend/core/utils/introspection.py:206
│                          └─ 0.001 get_args  typing.py:2340
│                             └─ 0.001 isinstance  <built-in>
└─ 0.000 [self]  asyncio/base_events.py



========================================================================
POST /products/1/favorite  ->  200  (11.8ms)
========================================================================

  _     ._   __/__   _ _  _  _ _/_   Recorded: 12:50:48  Samples:  5
 /_//_/// /_\ / //_// / //_'/ //     Duration: 0.012     CPU time: 0.004
/   _/                      v5.1.2

Profile at /code/pystack/pybend/src/pybend/example/../../pybend/core/tests/profiling/middleware.py:57

0.011 Handle._run  asyncio/events.py:86
├─ 0.010 coro  starlette/middleware/base.py:136
│     [12 frames hidden]  starlette, fastapi
│        0.009 run_endpoint_function  fastapi/routing.py:204
│        └─ 0.009 post_with_id  pybend/core/api/routes_fastapi.py:300
│           └─ 0.009 Product.favorite  models/product.py:72
│              └─ 0.009 ProductLike.delete  pybend/core/models/storable_mixin.py:125
│                 └─ 0.009 SQLiteStorage.delete  pybend/core/storage/sqlite_storage.py:528
│                    ├─ 0.008 Connection.commit  <built-in>
│                    └─ 0.001 Cursor.execute  <built-in>
└─ 0.001 RequestResponseCycle.run_asgi  uvicorn/protocols/http/h11_impl.py:401
      [3 frames hidden]  uvicorn, fastapi, starlette
         0.001 ServerErrorMiddleware.__call__  starlette/middleware/errors.py:150
         └─ 0.001 ProfilingMiddleware.__call__  pybend/core/tests/profiling/middleware.py:35
            └─ 0.001 JWTAuthMiddleware.__call__  starlette/middleware/base.py:98
               └─ 0.001 _StreamingResponse.__call__  starlette/middleware/base.py:205
                  └─ 0.001 send_wrapper  pybend/core/tests/profiling/middleware.py:48
                     └─ 0.001 _send  starlette/middleware/errors.py:157



========================================================================
POST /products/2/favorite  ->  200  (11.6ms)
========================================================================

  _     ._   __/__   _ _  _  _ _/_   Recorded: 12:50:48  Samples:  5
 /_//_/// /_\ / //_// / //_'/ //     Duration: 0.012     CPU time: 0.004
/   _/                      v5.1.2

Profile at /code/pystack/pybend/src/pybend/example/../../pybend/core/tests/profiling/middleware.py:57

0.011 Handle._run  asyncio/events.py:86
└─ 0.011 coro  starlette/middleware/base.py:136
      [18 frames hidden]  starlette, fastapi, typing, <built-in>
         0.009 run_endpoint_function  fastapi/routing.py:204
         └─ 0.009 post_with_id  pybend/core/api/routes_fastapi.py:300
            └─ 0.009 Product.favorite  models/product.py:72
               └─ 0.009 Like.save  pybend/core/models/storable_mixin.py:36
                  └─ 0.009 Like.create  pybend/core/models/storable_mixin.py:63
                     └─ 0.009 ProductLike.create  pybend/core/models/storable_mixin.py:63
                        └─ 0.009 SQLiteStorage.create  pybend/core/storage/sqlite_storage.py:53
                           ├─ 0.008 Connection.commit  <built-in>
                           └─ 0.001 Logger.info  logging/__init__.py:1529
                                 [3 frames hidden]  logging



========================================================================
POST /products/3/favorite  ->  200  (11.7ms)
========================================================================

  _     ._   __/__   _ _  _  _ _/_   Recorded: 12:50:48  Samples:  5
 /_//_/// /_\ / //_// / //_'/ //     Duration: 0.012     CPU time: 0.004
/   _/                      v5.1.2

Profile at /code/pystack/pybend/src/pybend/example/../../pybend/core/tests/profiling/middleware.py:57

0.011 Handle._run  asyncio/events.py:86
├─ 0.010 coro  starlette/middleware/base.py:136
│     [15 frames hidden]  starlette, fastapi, copy, <built-in>
│        0.009 run_endpoint_function  fastapi/routing.py:204
│        └─ 0.009 post_with_id  pybend/core/api/routes_fastapi.py:300
│           └─ 0.009 Product.favorite  models/product.py:72
│              └─ 0.009 Like.save  pybend/core/models/storable_mixin.py:36
│                 └─ 0.009 Like.create  pybend/core/models/storable_mixin.py:63
│                    └─ 0.009 ProductLike.create  pybend/core/models/storable_mixin.py:63
│                       └─ 0.009 SQLiteStorage.create  pybend/core/storage/sqlite_storage.py:53
│                          ├─ 0.008 Connection.commit  <built-in>
│                          └─ 0.001 connect  <built-in>
└─ 0.001 RequestResponseCycle.run_asgi  uvicorn/protocols/http/h11_impl.py:401
      [3 frames hidden]  uvicorn, fastapi, starlette
         0.001 ServerErrorMiddleware.__call__  starlette/middleware/errors.py:150
         └─ 0.001 ProfilingMiddleware.__call__  pybend/core/tests/profiling/middleware.py:35
            └─ 0.001 JWTAuthMiddleware.__call__  starlette/middleware/base.py:98
                  [2 frames hidden]  contextlib, starlette
                     0.001 _StreamingResponse.__call__  starlette/middleware/base.py:205
                     └─ 0.001 send_wrapper  pybend/core/tests/profiling/middleware.py:48
                        └─ 0.001 _send  starlette/middleware/errors.py:157
                              [2 frames hidden]  uvicorn, h11



========================================================================
GET /Product  ->  200  (23.9ms)
========================================================================

  _     ._   __/__   _ _  _  _ _/_   Recorded: 12:50:55  Samples:  24
 /_//_/// /_\ / //_// / //_'/ //     Duration: 0.024     CPU time: 0.024
/   _/                      v5.1.2

Profile at /code/pystack/pybend/src/pybend/example/../../pybend/core/tests/profiling/middleware.py:57

0.024 Handle._run  asyncio/events.py:86
├─ 0.020 coro  starlette/middleware/base.py:136
│     [30 frames hidden]  starlette, fastapi, dataclasses, json
│        0.016 run_endpoint_function  fastapi/routing.py:204
│        └─ 0.016 get_model_schema  pybend/core/api/routes_fastapi.py:169
│           └─ 0.016 Product.schema  pybend/core/models/proto_model.py:197
│              ├─ 0.007 Product.referenced_json_schema  pybend/core/models/proto_model.py:319
│              │  └─ 0.007 Product.model_json_schema  pydantic/main.py:413
│              │        [15 frames hidden]  pydantic, <built-in>
│              │           0.003 new_handler_func  pydantic/json_schema.py:520
│              │           └─ 0.003 Comment.__get_pydantic_json_schema__  pybend/core/models/proto_model.py:341
│              │              └─ 0.003 Comment.__get_pydantic_json_schema__  pydantic/main.py:628
│              │                    [35 frames hidden]  pydantic, <frozen _collections_abc>, ...
│              │           0.002 new_handler_func  pydantic/json_schema.py:520
│              │           └─ 0.002 Product.__get_pydantic_json_schema__  pybend/core/models/proto_model.py:341
│              │              └─ 0.002 Product.__get_pydantic_json_schema__  pydantic/main.py:628
│              │                    [45 frames hidden]  pydantic, contextlib, <built-in>
│              │                       0.001 new_handler_func  pydantic/json_schema.py:520
│              │                       └─ 0.001 Comment.__get_pydantic_json_schema__  pybend/core/models/proto_model.py:341
│              │                          └─ 0.001 Comment.__get_pydantic_json_schema__  pydantic/main.py:628
│              │                                [13 frames hidden]  pydantic
│              ├─ 0.006 Product.model_json_schema  pydantic/main.py:413
│              │     [21 frames hidden]  pydantic, copy
│              │        0.004 new_handler_func  pydantic/json_schema.py:520
│              │        └─ 0.004 Like.__get_pydantic_json_schema__  pybend/core/models/proto_model.py:341
│              │           └─ 0.004 Like.__get_pydantic_json_schema__  pydantic/main.py:628
│              │                 [40 frames hidden]  pydantic
│              │                    0.001 new_handler_func  pydantic/json_schema.py:520
│              │                    └─ 0.001 Comment.__get_pydantic_json_schema__  pybend/core/models/proto_model.py:341
│              │                       └─ 0.001 Comment.__get_pydantic_json_schema__  pydantic/main.py:628
│              │                             [28 frames hidden]  pydantic
│              ├─ 0.001 Product.__pybend_methods_json_signature__  pybend/core/models/proto_model.py:139
│              │  └─ 0.001 get_type_hints  typing.py:2186
│              │        [3 frames hidden]  typing
│              ├─ 0.001 collect_all_referenced_models  pybend/core/utils/introspection.py:62
│              │  └─ 0.001 collect_all_referenced_models  pybend/core/utils/introspection.py:62
│              │     └─ 0.001 collect_all_referenced_models  pybend/core/utils/introspection.py:62
│              │        └─ 0.001 User.__pybend_methods_json_signature__  pybend/core/models/proto_model.py:139
│              │           └─ 0.001 pydantic_schema_for_type  pybend/core/utils/introspection.py:14
│              │              └─ 0.001 BaseModel.__subclasscheck__  <frozen abc>:121
│              │                    [3 frames hidden]  <frozen abc>, <built-in>
│              └─ 0.001 deepcopy  copy.py:118
│                    [9 frames hidden]  copy
├─ 0.003 RequestResponseCycle.run_asgi  uvicorn/protocols/http/h11_impl.py:401
│     [3 frames hidden]  uvicorn, fastapi, starlette
│        0.003 ServerErrorMiddleware.__call__  starlette/middleware/errors.py:150
│        └─ 0.003 ProfilingMiddleware.__call__  pybend/core/tests/profiling/middleware.py:35
│           └─ 0.003 JWTAuthMiddleware.__call__  starlette/middleware/base.py:98
│                 [15 frames hidden]  anyio, importlib, <built-in>, datacla...
└─ 0.001 _SelectorSocketTransport._read_ready  asyncio/selector_events.py:969
      [6 frames hidden]  asyncio



========================================================================
POST /users/login  ->  200  (183.4ms)
========================================================================

  _     ._   __/__   _ _  _  _ _/_   Recorded: 12:50:55  Samples:  4
 /_//_/// /_\ / //_// / //_'/ //     Duration: 0.183     CPU time: 0.183
/   _/                      v5.1.2

Profile at /code/pystack/pybend/src/pybend/example/../../pybend/core/tests/profiling/middleware.py:57

0.183 Handle._run  asyncio/events.py:86
└─ 0.183 coro  starlette/middleware/base.py:136
      [10 frames hidden]  starlette, fastapi
         0.182 run_endpoint_function  fastapi/routing.py:204
         └─ 0.182 post_no_id  pybend/core/api/routes_fastapi.py:336
            └─ 0.182 User.login  pybend/core/models/base_user.py:74
               └─ 0.181 verify_password  pybend/core/authorize/auth.py:42
                  └─ 0.181 checkpw  <built-in>



========================================================================
GET /Product  ->  200  (4.5ms)
========================================================================

  _     ._   __/__   _ _  _  _ _/_   Recorded: 12:50:55  Samples:  5
 /_//_/// /_\ / //_// / //_'/ //     Duration: 0.005     CPU time: 0.005
/   _/                      v5.1.2

Profile at /code/pystack/pybend/src/pybend/example/../../pybend/core/tests/profiling/middleware.py:57

0.004 Handle._run  asyncio/events.py:86
├─ 0.003 coro  starlette/middleware/base.py:136
│     [17 frames hidden]  starlette, fastapi
│        0.002 jsonable_encoder  fastapi/encoders.py:102
│        │  0.001 isinstance  <built-in>
│        └─ 0.001 [self]  fastapi/encoders.py
│        0.001 run_endpoint_function  fastapi/routing.py:204
│        └─ 0.001 get_model_schema  pybend/core/api/routes_fastapi.py:169
│           └─ 0.001 Product.schema  pybend/core/models/proto_model.py:197
│              └─ 0.001 deepcopy  copy.py:118
│                    [10 frames hidden]  copy
│                       0.001 _deepcopy_dict  copy.py:217
└─ 0.001 RequestResponseCycle.run_asgi  uvicorn/protocols/http/h11_impl.py:401
      [3 frames hidden]  uvicorn, fastapi, starlette
         0.001 ServerErrorMiddleware.__call__  starlette/middleware/errors.py:150
         └─ 0.001 ProfilingMiddleware.__call__  pybend/core/tests/profiling/middleware.py:35
            └─ 0.001 JWTAuthMiddleware.__call__  starlette/middleware/base.py:98
               ├─ 0.001 _StreamingResponse.__call__  starlette/middleware/base.py:205
               │  └─ 0.001 send_wrapper  pybend/core/tests/profiling/middleware.py:48
               │     └─ 0.001 _send  starlette/middleware/errors.py:157
               │        └─ 0.001 RequestResponseCycle.send  uvicorn/protocols/http/h11_impl.py:447
               │           └─ 0.001 _SelectorSocketTransport.write  asyncio/selector_events.py:1055
               └─ 0.000 JWTAuthMiddleware.dispatch  pybend/core/api/backend.py:92
                  └─ 0.000 call_next  starlette/middleware/base.py:109
                        [4 frames hidden]  anyio, asyncio



========================================================================
GET /Product  ->  200  (4.5ms)
========================================================================

  _     ._   __/__   _ _  _  _ _/_   Recorded: 12:50:55  Samples:  4
 /_//_/// /_\ / //_// / //_'/ //     Duration: 0.004     CPU time: 0.004
/   _/                      v5.1.2

Profile at /code/pystack/pybend/src/pybend/example/../../pybend/core/tests/profiling/middleware.py:57

0.004 Handle._run  asyncio/events.py:86
├─ 0.003 coro  starlette/middleware/base.py:136
│     [16 frames hidden]  starlette, fastapi
│        0.001 jsonable_encoder  fastapi/encoders.py:102
│        0.001 is_dataclass  dataclasses.py:1294
│        0.001 run_endpoint_function  fastapi/routing.py:204
│        └─ 0.001 get_model_schema  pybend/core/api/routes_fastapi.py:169
│           └─ 0.001 Product.schema  pybend/core/models/proto_model.py:197
│              └─ 0.001 deepcopy  copy.py:118
│                    [8 frames hidden]  copy
│                       0.001 _deepcopy_dict  copy.py:217
└─ 0.001 RequestResponseCycle.run_asgi  uvicorn/protocols/http/h11_impl.py:401
      [3 frames hidden]  uvicorn, fastapi, starlette
         0.001 ServerErrorMiddleware.__call__  starlette/middleware/errors.py:150
         └─ 0.001 ProfilingMiddleware.__call__  pybend/core/tests/profiling/middleware.py:35
            └─ 0.001 JWTAuthMiddleware.__call__  starlette/middleware/base.py:98



========================================================================
GET /Product  ->  200  (4.3ms)
========================================================================

  _     ._   __/__   _ _  _  _ _/_   Recorded: 12:50:55  Samples:  4
 /_//_/// /_\ / //_// / //_'/ //     Duration: 0.004     CPU time: 0.004
/   _/                      v5.1.2

Profile at /code/pystack/pybend/src/pybend/example/../../pybend/core/tests/profiling/middleware.py:57

0.003 Handle._run  asyncio/events.py:86
└─ 0.003 coro  starlette/middleware/base.py:136
      [17 frames hidden]  starlette, fastapi
         0.002 jsonable_encoder  fastapi/encoders.py:102
         └─ 0.001 [self]  fastapi/encoders.py
            0.001 isinstance  <built-in>
         0.001 JSONResponse.headers  starlette/responses.py:83
         0.000 run_endpoint_function  fastapi/routing.py:204
         └─ 0.000 get_model_schema  pybend/core/api/routes_fastapi.py:169
            └─ 0.000 Product.schema  pybend/core/models/proto_model.py:197
               └─ 0.000 deepcopy  copy.py:118
                     [7 frames hidden]  copy, <built-in>



========================================================================
GET /User  ->  200  (5.7ms)
========================================================================

  _     ._   __/__   _ _  _  _ _/_   Recorded: 12:50:55  Samples:  6
 /_//_/// /_\ / //_// / //_'/ //     Duration: 0.006     CPU time: 0.006
/   _/                      v5.1.2

Profile at /code/pystack/pybend/src/pybend/example/../../pybend/core/tests/profiling/middleware.py:57

0.005 Handle._run  asyncio/events.py:86
├─ 0.004 coro  starlette/middleware/base.py:136
│     [18 frames hidden]  starlette, fastapi, <built-in>
│        0.003 run_endpoint_function  fastapi/routing.py:204
│        └─ 0.003 get_model_schema  pybend/core/api/routes_fastapi.py:169
│           └─ 0.003 User.schema  pybend/core/models/proto_model.py:197
│              ├─ 0.001 User.__pybend_methods_json_signature__  pybend/core/models/proto_model.py:139
│              │  └─ 0.001 record_model_type  pybend/core/utils/introspection.py:47
│              │     └─ 0.001 BaseModel.__subclasscheck__  <frozen abc>:121
│              │        └─ 0.001 _abc_subclasscheck  <built-in>
│              ├─ 0.001 User.referenced_json_schema  pybend/core/models/proto_model.py:319
│              │  └─ 0.001 User.model_json_schema  pydantic/main.py:413
│              │        [8 frames hidden]  pydantic
│              ├─ 0.001 User.model_json_schema  pydantic/main.py:413
│              │     [4 frames hidden]  pydantic
│              │        0.001 new_handler_func  pydantic/json_schema.py:520
│              │        └─ 0.001 User.__get_pydantic_json_schema__  pybend/core/models/proto_model.py:341
│              │           └─ 0.001 User.__get_pydantic_json_schema__  pydantic/main.py:628
│              │                 [28 frames hidden]  pydantic, <built-in>
│              └─ 0.000 collect_all_referenced_models  pybend/core/utils/introspection.py:62
│                 └─ 0.000 User.__pybend_methods_json_signature__  pybend/core/models/proto_model.py:139
│                    └─ 0.000 getattr  <built-in>
└─ 0.001 RequestResponseCycle.run_asgi  uvicorn/protocols/http/h11_impl.py:401
      [3 frames hidden]  uvicorn, fastapi, starlette
         0.001 ServerErrorMiddleware.__call__  starlette/middleware/errors.py:150
         └─ 0.001 ProfilingMiddleware.__call__  pybend/core/tests/profiling/middleware.py:35
            └─ 0.001 JWTAuthMiddleware.__call__  starlette/middleware/base.py:98
               └─ 0.001 _StreamingResponse.__call__  starlette/middleware/base.py:205
                  └─ 0.001 send_wrapper  pybend/core/tests/profiling/middleware.py:48
                     └─ 0.001 _send  starlette/middleware/errors.py:157
                           [6 frames hidden]  uvicorn, h11



========================================================================
GET /User  ->  200  (2.2ms)
========================================================================

  _     ._   __/__   _ _  _  _ _/_   Recorded: 12:50:55  Samples:  2
 /_//_/// /_\ / //_// / //_'/ //     Duration: 0.002     CPU time: 0.002
/   _/                      v5.1.2

Profile at /code/pystack/pybend/src/pybend/example/../../pybend/core/tests/profiling/middleware.py:57

0.002 Handle._run  asyncio/events.py:86
└─ 0.002 coro  starlette/middleware/base.py:136
      [14 frames hidden]  starlette, fastapi
         0.002 CORSMiddleware.__call__  starlette/middleware/cors.py:75
         └─ 0.001 [self]  starlette/middleware/cors.py
            0.001 dict.items  <built-in>



========================================================================
GET /User  ->  200  (2.1ms)
========================================================================

  _     ._   __/__   _ _  _  _ _/_   Recorded: 12:50:55  Samples:  2
 /_//_/// /_\ / //_// / //_'/ //     Duration: 0.002     CPU time: 0.002
/   _/                      v5.1.2

Profile at /code/pystack/pybend/src/pybend/example/../../pybend/core/tests/profiling/middleware.py:57

0.001 Handle._run  asyncio/events.py:86
└─ 0.001 coro  starlette/middleware/base.py:136
      [12 frames hidden]  starlette, fastapi
         0.001 sender  starlette/_exception_handler.py:34
         0.000 run_endpoint_function  fastapi/routing.py:204
         └─ 0.000 get_model_schema  pybend/core/api/routes_fastapi.py:169
            └─ 0.000 User.schema  pybend/core/models/proto_model.py:197
               └─ 0.000 deepcopy  copy.py:118
                     [9 frames hidden]  copy
                        0.000 deepcopy  copy.py:118



========================================================================
GET /products  ->  200  (3.2ms)
========================================================================

  _     ._   __/__   _ _  _  _ _/_   Recorded: 12:50:55  Samples:  3
 /_//_/// /_\ / //_// / //_'/ //     Duration: 0.003     CPU time: 0.003
/   _/                      v5.1.2

Profile at /code/pystack/pybend/src/pybend/example/../../pybend/core/tests/profiling/middleware.py:57

0.003 Handle._run  asyncio/events.py:86
├─ 0.002 coro  starlette/middleware/base.py:136
│     [15 frames hidden]  starlette, fastapi
│        0.001 is_dataclass  dataclasses.py:1294
│        0.001 run_endpoint_function  fastapi/routing.py:204
│        └─ 0.001 list_all_instances  pybend/core/api/routes_fastapi.py:93
│           └─ 0.001 Product.list  pybend/core/models/storable_mixin.py:91
│              └─ 0.001 SQLiteStorage.list  pybend/core/storage/sqlite_storage.py:85
│                 └─ 0.001 Cursor.execute  <built-in>
└─ 0.001 RequestResponseCycle.run_asgi  uvicorn/protocols/http/h11_impl.py:401
      [3 frames hidden]  uvicorn, fastapi, starlette
         0.001 ServerErrorMiddleware.__call__  starlette/middleware/errors.py:150
         └─ 0.001 ProfilingMiddleware.__call__  pybend/core/tests/profiling/middleware.py:35
            └─ 0.001 JWTAuthMiddleware.__call__  starlette/middleware/base.py:98
               └─ 0.001 _StreamingResponse.__call__  starlette/middleware/base.py:205
                  └─ 0.001 send_wrapper  pybend/core/tests/profiling/middleware.py:48
                     └─ 0.001 _send  starlette/middleware/errors.py:157
                           [4 frames hidden]  uvicorn, h11
                              0.001 Connection._extract_next_receive_event  h11/_connection.py:410



========================================================================
GET /products  ->  200  (4.9ms)
========================================================================

  _     ._   __/__   _ _  _  _ _/_   Recorded: 12:50:55  Samples:  5
 /_//_/// /_\ / //_// / //_'/ //     Duration: 0.005     CPU time: 0.005
/   _/                      v5.1.2

Profile at /code/pystack/pybend/src/pybend/example/../../pybend/core/tests/profiling/middleware.py:57

0.005 Handle._run  asyncio/events.py:86
├─ 0.004 coro  starlette/middleware/base.py:136
│     [15 frames hidden]  starlette, fastapi
│        0.001 isinstance  <built-in>
│        0.001 jsonable_encoder  fastapi/encoders.py:102
│        0.002 run_endpoint_function  fastapi/routing.py:204
│        └─ 0.002 list_all_instances  pybend/core/api/routes_fastapi.py:93
│           └─ 0.002 Product.list  pybend/core/models/storable_mixin.py:91
│              └─ 0.002 SQLiteStorage.list  pybend/core/storage/sqlite_storage.py:85
│                 ├─ 0.001 [self]  pybend/core/storage/sqlite_storage.py
│                 └─ 0.001 Cursor.fetchall  <built-in>
└─ 0.001 RequestResponseCycle.run_asgi  uvicorn/protocols/http/h11_impl.py:401
      [3 frames hidden]  uvicorn, fastapi, starlette
         0.001 ServerErrorMiddleware.__call__  starlette/middleware/errors.py:150
         └─ 0.001 ProfilingMiddleware.__call__  pybend/core/tests/profiling/middleware.py:35
            └─ 0.001 Profiler.stop  pyinstrument/profiler.py:171
               └─ 0.001 StackSampler.unsubscribe  pyinstrument/stack_sampler.py:100



========================================================================
GET /products  ->  200  (11.9ms)
========================================================================

  _     ._   __/__   _ _  _  _ _/_   Recorded: 12:50:55  Samples:  12
 /_//_/// /_\ / //_// / //_'/ //     Duration: 0.012     CPU time: 0.012
/   _/                      v5.1.2

Profile at /code/pystack/pybend/src/pybend/example/../../pybend/core/tests/profiling/middleware.py:57

0.011 Handle._run  asyncio/events.py:86
├─ 0.010 coro  starlette/middleware/base.py:136
│     [23 frames hidden]  starlette, fastapi, <built-in>, datac...
│        0.006 run_endpoint_function  fastapi/routing.py:204
│        └─ 0.006 list_all_instances  pybend/core/api/routes_fastapi.py:93
│           └─ 0.006 Product.list  pybend/core/models/storable_mixin.py:91
│              └─ 0.006 SQLiteStorage.list  pybend/core/storage/sqlite_storage.py:85
│                 ├─ 0.005 SQLiteStorage._populate_fields  pybend/core/storage/sqlite_storage.py:275
│                 │  ├─ 0.002 get_list_fields  pybend/core/utils/introspection.py:138
│                 │  │  ├─ 0.001 [self]  pybend/core/utils/introspection.py
│                 │  │  └─ 0.001 get_origin  typing.py:2310
│                 │  ├─ 0.002 get_ref_fields  pybend/core/utils/introspection.py:181
│                 │  │  ├─ 0.001 _is_self_ref  pybend/core/utils/introspection.py:206
│                 │  │  │  └─ 0.001 get_args  typing.py:2340
│                 │  │  └─ 0.001 get_origin  typing.py:2310
│                 │  └─ 0.001 ProductComment.__init__  pybend/core/models/proto_model.py:96
│                 │     └─ 0.001 SchemaValidator.validate_python  <built-in>
│                 └─ 0.001 Cursor.execute  <built-in>
└─ 0.001 RequestResponseCycle.run_asgi  uvicorn/protocols/http/h11_impl.py:401



========================================================================
GET /products  ->  200  (26.5ms)
========================================================================

  _     ._   __/__   _ _  _  _ _/_   Recorded: 12:50:55  Samples:  26
 /_//_/// /_\ / //_// / //_'/ //     Duration: 0.027     CPU time: 0.027
/   _/                      v5.1.2

Profile at /code/pystack/pybend/src/pybend/example/../../pybend/core/tests/profiling/middleware.py:57

0.026 Handle._run  asyncio/events.py:86
├─ 0.025 coro  starlette/middleware/base.py:136
│     [24 frames hidden]  starlette, fastapi, <built-in>, datac...
│        0.015 run_endpoint_function  fastapi/routing.py:204
│        └─ 0.015 list_all_instances  pybend/core/api/routes_fastapi.py:93
│           └─ 0.015 Product.list  pybend/core/models/storable_mixin.py:91
│              └─ 0.015 SQLiteStorage.list  pybend/core/storage/sqlite_storage.py:85
│                 ├─ 0.013 SQLiteStorage._populate_fields  pybend/core/storage/sqlite_storage.py:275
│                 │  ├─ 0.003 Cursor.execute  <built-in>
│                 │  ├─ 0.003 get_list_fields  pybend/core/utils/introspection.py:138
│                 │  │  ├─ 0.001 get_origin  typing.py:2310
│                 │  │  │  └─ 0.001 isinstance  <built-in>
│                 │  │  ├─ 0.001 [self]  pybend/core/utils/introspection.py
│                 │  │  └─ 0.001 _unwrap_listref  pybend/core/utils/introspection.py:121
│                 │  │     └─ 0.001 _GenericAlias.__getattr__  typing.py:1178
│                 │  │           [2 frames hidden]  typing, <built-in>
│                 │  ├─ 0.003 get_ref_fields  pybend/core/utils/introspection.py:181
│                 │  │  ├─ 0.002 get_origin  typing.py:2310
│                 │  │  │     [2 frames hidden]  typing, <built-in>
│                 │  │  └─ 0.001 _is_self_ref  pybend/core/utils/introspection.py:206
│                 │  │     └─ 0.001 get_args  typing.py:2340
│                 │  ├─ 0.001 Cursor.fetchall  <built-in>
│                 │  ├─ 0.001 ProductComment.model_dump  pybend/core/models/proto_model.py:117
│                 │  ├─ 0.001 ProductComment.__init__  pybend/core/models/proto_model.py:96
│                 │  └─ 0.001 Product.__getattr__  pydantic/main.py:781
│                 ├─ 0.001 Product.__init__  pybend/core/models/proto_model.py:96
│                 │  └─ 0.001 ModelMetaclass.__instancecheck__  pydantic/_internal/_model_construction.py:248
│                 └─ 0.001 [self]  pybend/core/storage/sqlite_storage.py
└─ 0.001 RequestResponseCycle.run_asgi  uvicorn/protocols/http/h11_impl.py:401
      [3 frames hidden]  uvicorn, fastapi, starlette
         0.001 ServerErrorMiddleware.__call__  starlette/middleware/errors.py:150
         └─ 0.001 ProfilingMiddleware.__call__  pybend/core/tests/profiling/middleware.py:35
            └─ 0.001 JWTAuthMiddleware.__call__  starlette/middleware/base.py:98
               └─ 0.001 _StreamingResponse.__call__  starlette/middleware/base.py:205
                  └─ 0.001 send_wrapper  pybend/core/tests/profiling/middleware.py:48
                     └─ 0.001 _send  starlette/middleware/errors.py:157
                           [2 frames hidden]  uvicorn, h11



========================================================================
GET /products  ->  200  (23.8ms)
========================================================================

  _     ._   __/__   _ _  _  _ _/_   Recorded: 12:50:55  Samples:  23
 /_//_/// /_\ / //_// / //_'/ //     Duration: 0.024     CPU time: 0.024
/   _/                      v5.1.2

Profile at /code/pystack/pybend/src/pybend/example/../../pybend/core/tests/profiling/middleware.py:57

0.023 Handle._run  asyncio/events.py:86
└─ 0.023 coro  starlette/middleware/base.py:136
      [28 frames hidden]  starlette, fastapi, <built-in>, datac...
         0.013 run_endpoint_function  fastapi/routing.py:204
         └─ 0.013 list_all_instances  pybend/core/api/routes_fastapi.py:93
            ├─ 0.012 Product.list  pybend/core/models/storable_mixin.py:91
            │  └─ 0.012 SQLiteStorage.list  pybend/core/storage/sqlite_storage.py:85
            │     ├─ 0.011 SQLiteStorage._populate_fields  pybend/core/storage/sqlite_storage.py:275
            │     │  ├─ 0.005 SQLiteStorage._populate_fields  pybend/core/storage/sqlite_storage.py:275
            │     │  │  ├─ 0.002 Cursor.execute  <built-in>
            │     │  │  ├─ 0.002 CommentLike.__init__  pybend/core/models/proto_model.py:96
            │     │  │  │  ├─ 0.001 dict.get  <built-in>
            │     │  │  │  └─ 0.001 SchemaValidator.validate_python  <built-in>
            │     │  │  └─ 0.001 get_ref_fields  pybend/core/utils/introspection.py:181
            │     │  │     └─ 0.001 get_args  typing.py:2340
            │     │  │        └─ 0.001 isinstance  <built-in>
            │     │  ├─ 0.002 ProductComment.__init__  pybend/core/models/proto_model.py:96
            │     │  │  └─ 0.002 SchemaValidator.validate_python  <built-in>
            │     │  ├─ 0.002 Cursor.execute  <built-in>
            │     │  ├─ 0.001 get_ref_fields  pybend/core/utils/introspection.py:181
            │     │  │  └─ 0.001 _is_self_ref  pybend/core/utils/introspection.py:206
            │     │  │     └─ 0.001 _GenericAlias.__getattr__  typing.py:1178
            │     │  └─ 0.001 [self]  pybend/core/storage/sqlite_storage.py
            │     └─ 0.001 Cursor.fetchall  <built-in>
            └─ 0.001 _serialize  pybend/core/api/routes_fastapi.py:34



========================================================================
GET /products  ->  200  (55.8ms)
========================================================================

  _     ._   __/__   _ _  _  _ _/_   Recorded: 12:50:55  Samples:  56
 /_//_/// /_\ / //_// / //_'/ //     Duration: 0.056     CPU time: 0.056
/   _/                      v5.1.2

Profile at /code/pystack/pybend/src/pybend/example/../../pybend/core/tests/profiling/middleware.py:57

0.055 Handle._run  asyncio/events.py:86
├─ 0.055 coro  starlette/middleware/base.py:136
│     [45 frames hidden]  starlette, fastapi, pydantic, datacla...
│        0.029 run_endpoint_function  fastapi/routing.py:204
│        └─ 0.029 list_all_instances  pybend/core/api/routes_fastapi.py:93
│           └─ 0.029 Product.list  pybend/core/models/storable_mixin.py:91
│              └─ 0.029 SQLiteStorage.list  pybend/core/storage/sqlite_storage.py:85
│                 ├─ 0.027 SQLiteStorage._populate_fields  pybend/core/storage/sqlite_storage.py:275
│                 │  ├─ 0.011 SQLiteStorage._populate_fields  pybend/core/storage/sqlite_storage.py:275
│                 │  │  ├─ 0.004 get_ref_fields  pybend/core/utils/introspection.py:181
│                 │  │  │  ├─ 0.002 _is_self_ref  pybend/core/utils/introspection.py:206
│                 │  │  │  │  ├─ 0.001 hasattr  <built-in>
│                 │  │  │  │  └─ 0.001 get_origin  typing.py:2310
│                 │  │  │  ├─ 0.001 [self]  pybend/core/utils/introspection.py
│                 │  │  │  └─ 0.001 get_origin  typing.py:2310
│                 │  │  ├─ 0.002 get_list_fields  pybend/core/utils/introspection.py:138
│                 │  │  │  ├─ 0.001 _unwrap_listref  pybend/core/utils/introspection.py:121
│                 │  │  │  │  └─ 0.001 _GenericAlias.__getattr__  typing.py:1178
│                 │  │  │  │        [2 frames hidden]  typing, <built-in>
│                 │  │  │  └─ 0.001 get_origin  typing.py:2310
│                 │  │  ├─ 0.001 Cursor.execute  <built-in>
│                 │  │  ├─ 0.001 str.join  <built-in>
│                 │  │  ├─ 0.001 getattr  <built-in>
│                 │  │  ├─ 0.001 str.rsplit  <built-in>
│                 │  │  └─ 0.001 CommentLike.__init__  pybend/core/models/proto_model.py:96
│                 │  ├─ 0.004 get_list_fields  pybend/core/utils/introspection.py:138
│                 │  │  ├─ 0.002 _unwrap_listref  pybend/core/utils/introspection.py:121
│                 │  │  │  ├─ 0.001 _GenericAlias.__getattr__  typing.py:1178
│                 │  │  │  └─ 0.001 hasattr  <built-in>
│                 │  │  ├─ 0.001 [self]  pybend/core/utils/introspection.py
│                 │  │  └─ 0.001 get_origin  typing.py:2310
│                 │  │     └─ 0.001 isinstance  <built-in>
│                 │  ├─ 0.004 get_ref_fields  pybend/core/utils/introspection.py:181
│                 │  │  ├─ 0.002 _is_self_ref  pybend/core/utils/introspection.py:206
│                 │  │  └─ 0.002 [self]  pybend/core/utils/introspection.py
│                 │  ├─ 0.004 ProductComment.__init__  pybend/core/models/proto_model.py:96
│                 │  │  ├─ 0.003 [self]  pybend/core/models/proto_model.py
│                 │  │  └─ 0.001 Mapping.__instancecheck__  <frozen abc>:117
│                 │  │     └─ 0.001 _abc_instancecheck  <built-in>
│                 │  ├─ 0.002 [self]  pybend/core/storage/sqlite_storage.py
│                 │  ├─ 0.001 Cursor.execute  <built-in>
│                 │  └─ 0.001 Product.__getattr__  pydantic/main.py:781
│                 ├─ 0.001 Cursor.execute  <built-in>
│                 └─ 0.001 Product.__init__  pybend/core/models/proto_model.py:96
└─ 0.001 RequestResponseCycle.run_asgi  uvicorn/protocols/http/h11_impl.py:401
      [3 frames hidden]  uvicorn, fastapi, starlette
         0.001 ServerErrorMiddleware.__call__  starlette/middleware/errors.py:150
         └─ 0.001 ProfilingMiddleware.__call__  pybend/core/tests/profiling/middleware.py:35
            └─ 0.001 JWTAuthMiddleware.__call__  starlette/middleware/base.py:98



========================================================================
GET /products  ->  200  (4.8ms)
========================================================================

  _     ._   __/__   _ _  _  _ _/_   Recorded: 12:50:55  Samples:  5
 /_//_/// /_\ / //_// / //_'/ //     Duration: 0.005     CPU time: 0.005
/   _/                      v5.1.2

Profile at /code/pystack/pybend/src/pybend/example/../../pybend/core/tests/profiling/middleware.py:57

0.004 Handle._run  asyncio/events.py:86
├─ 0.003 coro  starlette/middleware/base.py:136
│     [15 frames hidden]  starlette, fastapi
│        0.002 run_endpoint_function  fastapi/routing.py:204
│        └─ 0.002 list_all_instances  pybend/core/api/routes_fastapi.py:93
│           └─ 0.002 Product.list  pybend/core/models/storable_mixin.py:91
│              └─ 0.002 SQLiteStorage.list  pybend/core/storage/sqlite_storage.py:85
│                 ├─ 0.001 [self]  pybend/core/storage/sqlite_storage.py
│                 └─ 0.001 getattr  <built-in>
│        0.001 isinstance  <built-in>
└─ 0.001 RequestResponseCycle.run_asgi  uvicorn/protocols/http/h11_impl.py:401
      [3 frames hidden]  uvicorn, fastapi, starlette
         0.001 ServerErrorMiddleware.__call__  starlette/middleware/errors.py:150
         └─ 0.001 ProfilingMiddleware.__call__  pybend/core/tests/profiling/middleware.py:35
            └─ 0.001 JWTAuthMiddleware.__call__  starlette/middleware/base.py:98
               ├─ 0.001 _StreamingResponse.__call__  starlette/middleware/base.py:205
               │  └─ 0.001 send_wrapper  pybend/core/tests/profiling/middleware.py:48
               │     └─ 0.001 _send  starlette/middleware/errors.py:157
               │        └─ 0.001 RequestResponseCycle.send  uvicorn/protocols/http/h11_impl.py:447
               └─ 0.000 JWTAuthMiddleware.dispatch  pybend/core/api/backend.py:92
                  └─ 0.000 <genexpr>  pybend/core/api/backend.py:96
                     └─ 0.000 str.endswith  <built-in>



========================================================================
GET /users  ->  200  (1.9ms)
========================================================================

  _     ._   __/__   _ _  _  _ _/_   Recorded: 12:50:55  Samples:  2
 /_//_/// /_\ / //_// / //_'/ //     Duration: 0.002     CPU time: 0.002
/   _/                      v5.1.2

Profile at /code/pystack/pybend/src/pybend/example/../../pybend/core/tests/profiling/middleware.py:57

0.001 Handle._run  asyncio/events.py:86
└─ 0.001 coro  starlette/middleware/base.py:136
      [9 frames hidden]  starlette, fastapi
         0.001 APIRouter.__call__  starlette/routing.py:710
         └─ 0.001 [self]  starlette/routing.py
            0.000 run_endpoint_function  fastapi/routing.py:204
            └─ 0.000 list_all_instances  pybend/core/api/routes_fastapi.py:93
               └─ 0.000 _build_context  pybend/core/api/routes_fastapi.py:25
                  └─ 0.000 _get_user  pybend/core/api/routes_fastapi.py:20
                     └─ 0.000 Request.state  starlette/requests.py:172



========================================================================
GET /products/1  ->  200  (2.1ms)
========================================================================

  _     ._   __/__   _ _  _  _ _/_   Recorded: 12:50:55  Samples:  2
 /_//_/// /_\ / //_// / //_'/ //     Duration: 0.002     CPU time: 0.002
/   _/                      v5.1.2

Profile at /code/pystack/pybend/src/pybend/example/../../pybend/core/tests/profiling/middleware.py:57

0.001 Handle._run  asyncio/events.py:86
├─ 0.001 RequestResponseCycle.run_asgi  uvicorn/protocols/http/h11_impl.py:401
│     [3 frames hidden]  uvicorn, fastapi, starlette
│        0.001 ServerErrorMiddleware.__call__  starlette/middleware/errors.py:150
│        └─ 0.001 ProfilingMiddleware.__call__  pybend/core/tests/profiling/middleware.py:35
│           └─ 0.001 JWTAuthMiddleware.__call__  starlette/middleware/base.py:98
│              └─ 0.001 _StreamingResponse.__call__  starlette/middleware/base.py:205
│                 └─ 0.001 send_wrapper  pybend/core/tests/profiling/middleware.py:48
│                    └─ 0.001 _send  starlette/middleware/errors.py:157
│                          [5 frames hidden]  uvicorn, h11
│                             0.001 Response.__post_init__  h11/_events.py:247
└─ 0.001 coro  starlette/middleware/base.py:136
      [2 frames hidden]  starlette
         0.001 wrapped_app  starlette/_exception_handler.py:31



========================================================================
GET /products/2  ->  200  (1.6ms)
========================================================================

  _     ._   __/__   _ _  _  _ _/_   Recorded: 12:50:55  Samples:  2
 /_//_/// /_\ / //_// / //_'/ //     Duration: 0.002     CPU time: 0.002
/   _/                      v5.1.2

Profile at /code/pystack/pybend/src/pybend/example/../../pybend/core/tests/profiling/middleware.py:57

0.001 Handle._run  asyncio/events.py:86
├─ 0.001 RequestResponseCycle.run_asgi  uvicorn/protocols/http/h11_impl.py:401
│     [3 frames hidden]  uvicorn, fastapi, starlette
│        0.001 ServerErrorMiddleware.__call__  starlette/middleware/errors.py:150
│        └─ 0.001 ProfilingMiddleware.__call__  pybend/core/tests/profiling/middleware.py:35
│           └─ 0.001 JWTAuthMiddleware.__call__  starlette/middleware/base.py:98
│                 [4 frames hidden]  starlette, anyio
│                    0.001 checkpoint  anyio/lowlevel.py:26
└─ 0.000 coro  starlette/middleware/base.py:136
      [8 frames hidden]  starlette, fastapi, <built-in>



========================================================================
GET /products/3  ->  200  (1.7ms)
========================================================================

  _     ._   __/__   _ _  _  _ _/_   Recorded: 12:50:55  Samples:  2
 /_//_/// /_\ / //_// / //_'/ //     Duration: 0.002     CPU time: 0.002
/   _/                      v5.1.2

Profile at /code/pystack/pybend/src/pybend/example/../../pybend/core/tests/profiling/middleware.py:57

0.001 Handle._run  asyncio/events.py:86
├─ 0.001 RequestResponseCycle.run_asgi  uvicorn/protocols/http/h11_impl.py:401
│     [3 frames hidden]  uvicorn, fastapi, starlette
│        0.001 ServerErrorMiddleware.__call__  starlette/middleware/errors.py:150
│        └─ 0.001 ProfilingMiddleware.__call__  pybend/core/tests/profiling/middleware.py:35
│           └─ 0.001 JWTAuthMiddleware.__call__  starlette/middleware/base.py:98
│              └─ 0.001 _StreamingResponse.__call__  starlette/middleware/base.py:205
│                 └─ 0.001 send_wrapper  pybend/core/tests/profiling/middleware.py:48
│                    └─ 0.001 _send  starlette/middleware/errors.py:157
│                          [2 frames hidden]  uvicorn, asyncio
│                             0.001 socket.send  <built-in>
└─ 0.000 coro  starlette/middleware/base.py:136
      [10 frames hidden]  starlette, fastapi
         0.000 solve_dependencies  fastapi/dependencies/utils.py:572



========================================================================
GET /products/1  ->  200  (2.7ms)
========================================================================

  _     ._   __/__   _ _  _  _ _/_   Recorded: 12:50:55  Samples:  3
 /_//_/// /_\ / //_// / //_'/ //     Duration: 0.003     CPU time: 0.003
/   _/                      v5.1.2

Profile at /code/pystack/pybend/src/pybend/example/../../pybend/core/tests/profiling/middleware.py:57

0.002 Handle._run  asyncio/events.py:86
├─ 0.001 RequestResponseCycle.run_asgi  uvicorn/protocols/http/h11_impl.py:401
│     [3 frames hidden]  uvicorn, fastapi, starlette
│        0.001 ServerErrorMiddleware.__call__  starlette/middleware/errors.py:150
│        └─ 0.001 ProfilingMiddleware.__call__  pybend/core/tests/profiling/middleware.py:35
│           └─ 0.001 JWTAuthMiddleware.__call__  starlette/middleware/base.py:98
│              ├─ 0.001 _StreamingResponse.__call__  starlette/middleware/base.py:205
│              │  └─ 0.001 send_wrapper  pybend/core/tests/profiling/middleware.py:48
│              │     └─ 0.001 _send  starlette/middleware/errors.py:157
│              │           [8 frames hidden]  uvicorn, logging
│              │              0.001 TextIOWrapper.flush  <built-in>
│              └─ 0.000 JWTAuthMiddleware.dispatch  pybend/core/api/backend.py:92
│                 └─ 0.000 decode_token  pybend/core/authorize/auth.py:57
│                    └─ 0.000 PyJWT.decode  jwt/api_jwt.py:306
│                          [5 frames hidden]  jwt
└─ 0.001 coro  starlette/middleware/base.py:136
      [10 frames hidden]  starlette, fastapi
         0.001 run_endpoint_function  fastapi/routing.py:204
         └─ 0.001 read_instance  pybend/core/api/routes_fastapi.py:184
            └─ 0.001 Product.get  pybend/core/models/storable_mixin.py:102
               └─ 0.001 SQLiteStorage.get  pybend/core/storage/sqlite_storage.py:193
                  └─ 0.001 SQLiteStorage._populate_fields  pybend/core/storage/sqlite_storage.py:275



========================================================================
GET /products/2  ->  200  (2.8ms)
========================================================================

  _     ._   __/__   _ _  _  _ _/_   Recorded: 12:50:55  Samples:  3
 /_//_/// /_\ / //_// / //_'/ //     Duration: 0.003     CPU time: 0.003
/   _/                      v5.1.2

Profile at /code/pystack/pybend/src/pybend/example/../../pybend/core/tests/profiling/middleware.py:57

0.002 Handle._run  asyncio/events.py:86
└─ 0.002 coro  starlette/middleware/base.py:136
      [16 frames hidden]  starlette, fastapi, pydantic
         0.002 APIRouter.__call__  starlette/routing.py:710
         │  0.001 run_endpoint_function  fastapi/routing.py:204
         │  └─ 0.001 read_instance  pybend/core/api/routes_fastapi.py:184
         │     └─ 0.001 Product.get  pybend/core/models/storable_mixin.py:102
         │        └─ 0.001 SQLiteStorage.get  pybend/core/storage/sqlite_storage.py:193
         │           └─ 0.001 SQLiteStorage._populate_fields  pybend/core/storage/sqlite_storage.py:275
         └─ 0.001 [self]  starlette/routing.py



========================================================================
GET /products/3  ->  200  (2.7ms)
========================================================================

  _     ._   __/__   _ _  _  _ _/_   Recorded: 12:50:55  Samples:  3
 /_//_/// /_\ / //_// / //_'/ //     Duration: 0.003     CPU time: 0.003
/   _/                      v5.1.2

Profile at /code/pystack/pybend/src/pybend/example/../../pybend/core/tests/profiling/middleware.py:57

0.002 Handle._run  asyncio/events.py:86
├─ 0.001 RequestResponseCycle.run_asgi  uvicorn/protocols/http/h11_impl.py:401
│     [3 frames hidden]  uvicorn, fastapi, starlette
│        0.001 ServerErrorMiddleware.__call__  starlette/middleware/errors.py:150
│        └─ 0.001 ProfilingMiddleware.__call__  pybend/core/tests/profiling/middleware.py:35
│           └─ 0.001 JWTAuthMiddleware.__call__  starlette/middleware/base.py:98
│                 [2 frames hidden]  contextlib, <built-in>
│                    0.001 _StreamingResponse.__call__  starlette/middleware/base.py:205
│                    └─ 0.001 send_wrapper  pybend/core/tests/profiling/middleware.py:48
│                       └─ 0.001 _send  starlette/middleware/errors.py:157
│                             [2 frames hidden]  uvicorn, logging
│                                0.001 Logger._log  logging/__init__.py:1660
└─ 0.001 coro  starlette/middleware/base.py:136
      [10 frames hidden]  starlette, fastapi
         0.001 run_endpoint_function  fastapi/routing.py:204
         └─ 0.001 read_instance  pybend/core/api/routes_fastapi.py:184
            └─ 0.001 Product.get  pybend/core/models/storable_mixin.py:102
               └─ 0.001 SQLiteStorage.get  pybend/core/storage/sqlite_storage.py:193
                  └─ 0.001 SQLiteStorage._populate_fields  pybend/core/storage/sqlite_storage.py:275
                     └─ 0.001 Cursor.execute  <built-in>



========================================================================
GET /products/1  ->  200  (4.1ms)
========================================================================

  _     ._   __/__   _ _  _  _ _/_   Recorded: 12:50:55  Samples:  4
 /_//_/// /_\ / //_// / //_'/ //     Duration: 0.004     CPU time: 0.004
/   _/                      v5.1.2

Profile at /code/pystack/pybend/src/pybend/example/../../pybend/core/tests/profiling/middleware.py:57

0.004 Handle._run  asyncio/events.py:86
├─ 0.003 coro  starlette/middleware/base.py:136
│     [19 frames hidden]  starlette, fastapi
│        0.002 run_endpoint_function  fastapi/routing.py:204
│        └─ 0.002 read_instance  pybend/core/api/routes_fastapi.py:184
│           └─ 0.002 Product.get  pybend/core/models/storable_mixin.py:102
│              └─ 0.002 SQLiteStorage.get  pybend/core/storage/sqlite_storage.py:193
│                 └─ 0.002 SQLiteStorage._populate_fields  pybend/core/storage/sqlite_storage.py:275
│                    ├─ 0.001 SQLiteStorage._populate_fields  pybend/core/storage/sqlite_storage.py:275
│                    │  └─ 0.001 User.model_dump  pybend/core/models/proto_model.py:117
│                    │     └─ 0.001 User.model_dump  pydantic/main.py:309
│                    └─ 0.001 get_list_fields  pybend/core/utils/introspection.py:138
│                       └─ 0.001 get_origin  typing.py:2310
│                          └─ 0.001 isinstance  <built-in>
│        0.001 isinstance  <built-in>
└─ 0.001 RequestResponseCycle.run_asgi  uvicorn/protocols/http/h11_impl.py:401
      [3 frames hidden]  uvicorn, fastapi, starlette
         0.001 ServerErrorMiddleware.__call__  starlette/middleware/errors.py:150
         └─ 0.001 ProfilingMiddleware.__call__  pybend/core/tests/profiling/middleware.py:35
            └─ 0.001 JWTAuthMiddleware.__call__  starlette/middleware/base.py:98
               └─ 0.001 _StreamingResponse.__call__  starlette/middleware/base.py:205
                  └─ 0.001 body_stream  starlette/middleware/base.py:161



========================================================================
GET /products/2  ->  200  (4.0ms)
========================================================================

  _     ._   __/__   _ _  _  _ _/_   Recorded: 12:50:55  Samples:  4
 /_//_/// /_\ / //_// / //_'/ //     Duration: 0.004     CPU time: 0.004
/   _/                      v5.1.2

Profile at /code/pystack/pybend/src/pybend/example/../../pybend/core/tests/profiling/middleware.py:57

0.003 Handle._run  asyncio/events.py:86
├─ 0.002 coro  starlette/middleware/base.py:136
│     [19 frames hidden]  starlette, fastapi
│        0.001 run_endpoint_function  fastapi/routing.py:204
│        └─ 0.001 read_instance  pybend/core/api/routes_fastapi.py:184
│           └─ 0.001 Product.get  pybend/core/models/storable_mixin.py:102
│              └─ 0.001 SQLiteStorage.get  pybend/core/storage/sqlite_storage.py:193
│                 ├─ 0.001 SQLiteStorage._populate_fields  pybend/core/storage/sqlite_storage.py:275
│                 │  └─ 0.001 SQLiteStorage._populate_fields  pybend/core/storage/sqlite_storage.py:275
│                 └─ 0.000 [self]  pybend/core/storage/sqlite_storage.py
│        0.001 is_dataclass  dataclasses.py:1294
└─ 0.001 RequestResponseCycle.run_asgi  uvicorn/protocols/http/h11_impl.py:401
      [3 frames hidden]  uvicorn, fastapi, starlette
         0.001 ServerErrorMiddleware.__call__  starlette/middleware/errors.py:150
         └─ 0.001 ProfilingMiddleware.__call__  pybend/core/tests/profiling/middleware.py:35
            └─ 0.001 JWTAuthMiddleware.__call__  starlette/middleware/base.py:98
               └─ 0.001 _StreamingResponse.__call__  starlette/middleware/base.py:205
                  └─ 0.001 send_wrapper  pybend/core/tests/profiling/middleware.py:48
                     └─ 0.001 _send  starlette/middleware/errors.py:157
                        └─ 0.001 RequestResponseCycle.send  uvicorn/protocols/http/h11_impl.py:447
                           └─ 0.001 Logger.info  logging/__init__.py:1529



========================================================================
GET /products/3  ->  200  (4.0ms)
========================================================================

  _     ._   __/__   _ _  _  _ _/_   Recorded: 12:50:55  Samples:  4
 /_//_/// /_\ / //_// / //_'/ //     Duration: 0.004     CPU time: 0.004
/   _/                      v5.1.2

Profile at /code/pystack/pybend/src/pybend/example/../../pybend/core/tests/profiling/middleware.py:57

0.003 Handle._run  asyncio/events.py:86
├─ 0.002 coro  starlette/middleware/base.py:136
│     [22 frames hidden]  starlette, fastapi, pydantic
│        0.001 jsonable_encoder  fastapi/encoders.py:102
│        0.001 run_endpoint_function  fastapi/routing.py:204
│        └─ 0.001 read_instance  pybend/core/api/routes_fastapi.py:184
│           └─ 0.001 Product.get  pybend/core/models/storable_mixin.py:102
│              └─ 0.001 SQLiteStorage.get  pybend/core/storage/sqlite_storage.py:193
│                 └─ 0.001 SQLiteStorage._populate_fields  pybend/core/storage/sqlite_storage.py:275
│                    └─ 0.001 SQLiteStorage._populate_fields  pybend/core/storage/sqlite_storage.py:275
└─ 0.001 [self]  asyncio/events.py



========================================================================
GET /users/1  ->  200  (1.5ms)
========================================================================

  _     ._   __/__   _ _  _  _ _/_   Recorded: 12:50:55  Samples:  1
 /_//_/// /_\ / //_// / //_'/ //     Duration: 0.001     CPU time: 0.001
/   _/                      v5.1.2

Profile at /code/pystack/pybend/src/pybend/example/../../pybend/core/tests/profiling/middleware.py:57

0.000 Handle._run  asyncio/events.py:86
└─ 0.000 coro  starlette/middleware/base.py:136
      [10 frames hidden]  starlette, fastapi
         0.000 run_endpoint_function  fastapi/routing.py:204
         └─ 0.000 read_instance  pybend/core/api/routes_fastapi.py:184
            └─ 0.000 User.get  pybend/core/models/storable_mixin.py:102
               └─ 0.000 SQLiteStorage.get  pybend/core/storage/sqlite_storage.py:193
                  └─ 0.000 Cursor.execute  <built-in>



========================================================================
GET /products/1/comments  ->  200  (6.0ms)
========================================================================

  _     ._   __/__   _ _  _  _ _/_   Recorded: 12:50:55  Samples:  5
 /_//_/// /_\ / //_// / //_'/ //     Duration: 0.006     CPU time: 0.006
/   _/                      v5.1.2

Profile at /code/pystack/pybend/src/pybend/example/../../pybend/core/tests/profiling/middleware.py:57

0.005 Handle._run  asyncio/events.py:86
└─ 0.005 coro  starlette/middleware/base.py:136
      [13 frames hidden]  starlette, fastapi
         0.004 run_endpoint_function  fastapi/routing.py:204
         └─ 0.004 list_all_instances  pybend/core/api/routes_fastapi.py:93
            └─ 0.004 ProductComment.list  pybend/core/models/storable_mixin.py:91
               └─ 0.004 SQLiteStorage.list  pybend/core/storage/sqlite_storage.py:85
                  ├─ 0.003 ProductComment.__init__  pybend/core/models/proto_model.py:96
                  │  ├─ 0.001 ProductComment.__setattr__  pydantic/main.py:813
                  │  ├─ 0.001 SchemaValidator.validate_python  <built-in>
                  │  └─ 0.001 ModelMetaclass.__instancecheck__  pydantic/_internal/_model_construction.py:248
                  └─ 0.001 [self]  pybend/core/storage/sqlite_storage.py
         0.001 jsonable_encoder  fastapi/encoders.py:102



========================================================================
GET /products/2/comments  ->  200  (5.9ms)
========================================================================

  _     ._   __/__   _ _  _  _ _/_   Recorded: 12:50:55  Samples:  6
 /_//_/// /_\ / //_// / //_'/ //     Duration: 0.006     CPU time: 0.006
/   _/                      v5.1.2

Profile at /code/pystack/pybend/src/pybend/example/../../pybend/core/tests/profiling/middleware.py:57

0.005 Handle._run  asyncio/events.py:86
├─ 0.004 coro  starlette/middleware/base.py:136
│     [10 frames hidden]  starlette, fastapi
│        0.004 run_endpoint_function  fastapi/routing.py:204
│        └─ 0.004 list_all_instances  pybend/core/api/routes_fastapi.py:93
│           └─ 0.004 ProductComment.list  pybend/core/models/storable_mixin.py:91
│              └─ 0.004 SQLiteStorage.list  pybend/core/storage/sqlite_storage.py:85
│                 ├─ 0.002 Cursor.execute  <built-in>
│                 ├─ 0.001 Cursor.fetchall  <built-in>
│                 ├─ 0.001 _validate_identifier  pybend/core/storage/sqlite_storage.py:20
│                 │  └─ 0.001 match  re/__init__.py:164
│                 └─ 0.000 [self]  pybend/core/storage/sqlite_storage.py
└─ 0.001 RequestResponseCycle.run_asgi  uvicorn/protocols/http/h11_impl.py:401
      [3 frames hidden]  uvicorn, fastapi, starlette
         0.001 ServerErrorMiddleware.__call__  starlette/middleware/errors.py:150
         └─ 0.001 ProfilingMiddleware.__call__  pybend/core/tests/profiling/middleware.py:35
            └─ 0.001 JWTAuthMiddleware.__call__  starlette/middleware/base.py:98
               └─ 0.001 _StreamingResponse.__call__  starlette/middleware/base.py:205
                  └─ 0.001 send_wrapper  pybend/core/tests/profiling/middleware.py:48
                     └─ 0.001 _send  starlette/middleware/errors.py:157
                           [5 frames hidden]  uvicorn, h11



========================================================================
GET /products/1/favorites  ->  200  (2.3ms)
========================================================================

  _     ._   __/__   _ _  _  _ _/_   Recorded: 12:50:55  Samples:  2
 /_//_/// /_\ / //_// / //_'/ //     Duration: 0.002     CPU time: 0.002
/   _/                      v5.1.2

Profile at /code/pystack/pybend/src/pybend/example/../../pybend/core/tests/profiling/middleware.py:57

0.002 Handle._run  asyncio/events.py:86
├─ 0.001 RequestResponseCycle.run_asgi  uvicorn/protocols/http/h11_impl.py:401
│     [3 frames hidden]  uvicorn, fastapi, starlette
│        0.001 ServerErrorMiddleware.__call__  starlette/middleware/errors.py:150
│        └─ 0.001 ProfilingMiddleware.__call__  pybend/core/tests/profiling/middleware.py:35
│           └─ 0.001 JWTAuthMiddleware.__call__  starlette/middleware/base.py:98
│              └─ 0.001 _StreamingResponse.__call__  starlette/middleware/base.py:205
│                 └─ 0.001 send_wrapper  pybend/core/tests/profiling/middleware.py:48
│                    └─ 0.001 _send  starlette/middleware/errors.py:157
│                          [3 frames hidden]  uvicorn, h11
│                             0.001 Connection._process_event  h11/_connection.py:272
└─ 0.001 coro  starlette/middleware/base.py:136
      [10 frames hidden]  starlette, fastapi
         0.001 run_endpoint_function  fastapi/routing.py:204
         └─ 0.001 list_all_instances  pybend/core/api/routes_fastapi.py:93
            └─ 0.001 ProductLike.list  pybend/core/models/storable_mixin.py:91
               └─ 0.001 SQLiteStorage.list  pybend/core/storage/sqlite_storage.py:85
                  └─ 0.001 ProductLike.__init__  pybend/core/models/proto_model.py:96
                     └─ 0.001 SchemaValidator.validate_python  <built-in>



========================================================================
GET /products/2/favorites  ->  200  (2.4ms)
========================================================================

  _     ._   __/__   _ _  _  _ _/_   Recorded: 12:50:55  Samples:  2
 /_//_/// /_\ / //_// / //_'/ //     Duration: 0.002     CPU time: 0.002
/   _/                      v5.1.2

Profile at /code/pystack/pybend/src/pybend/example/../../pybend/core/tests/profiling/middleware.py:57

0.002 Handle._run  asyncio/events.py:86
├─ 0.001 RequestResponseCycle.run_asgi  uvicorn/protocols/http/h11_impl.py:401
│     [3 frames hidden]  uvicorn, fastapi, starlette
│        0.001 ServerErrorMiddleware.__call__  starlette/middleware/errors.py:150
│        └─ 0.001 ProfilingMiddleware.__call__  pybend/core/tests/profiling/middleware.py:35
│           └─ 0.001 JWTAuthMiddleware.__call__  starlette/middleware/base.py:98
│              └─ 0.001 JWTAuthMiddleware.dispatch  pybend/core/api/backend.py:92
│                 └─ 0.001 call_next  starlette/middleware/base.py:109
│                       [5 frames hidden]  anyio, typing, <string>
│                          0.001 AsyncIOTaskInfo.__init__  anyio/_backends/_asyncio.py:2125
└─ 0.001 coro  starlette/middleware/base.py:136
      [10 frames hidden]  starlette, fastapi
         0.001 run_endpoint_function  fastapi/routing.py:204
         └─ 0.001 list_all_instances  pybend/core/api/routes_fastapi.py:93
            └─ 0.001 ProductLike.list  pybend/core/models/storable_mixin.py:91
               └─ 0.001 SQLiteStorage.list  pybend/core/storage/sqlite_storage.py:85
                  └─ 0.001 get_ref_fields  pybend/core/utils/introspection.py:181
                     └─ 0.001 get_args  typing.py:2340



========================================================================
POST /users/login  ->  200  (189.3ms)
========================================================================

  _     ._   __/__   _ _  _  _ _/_   Recorded: 12:50:55  Samples:  3
 /_//_/// /_\ / //_// / //_'/ //     Duration: 0.189     CPU time: 0.189
/   _/                      v5.1.2

Profile at /code/pystack/pybend/src/pybend/example/../../pybend/core/tests/profiling/middleware.py:57

0.188 Handle._run  asyncio/events.py:86
└─ 0.187 coro  starlette/middleware/base.py:136
      [10 frames hidden]  starlette, fastapi
         0.187 run_endpoint_function  fastapi/routing.py:204
         └─ 0.187 post_no_id  pybend/core/api/routes_fastapi.py:336
            └─ 0.187 User.login  pybend/core/models/base_user.py:74
               └─ 0.187 verify_password  pybend/core/authorize/auth.py:42
                  └─ 0.187 checkpw  <built-in>



========================================================================
POST /products  ->  201  (22.7ms)
========================================================================

  _     ._   __/__   _ _  _  _ _/_   Recorded: 12:50:56  Samples:  8
 /_//_/// /_\ / //_// / //_'/ //     Duration: 0.023     CPU time: 0.007
/   _/                      v5.1.2

Profile at /code/pystack/pybend/src/pybend/example/../../pybend/core/tests/profiling/middleware.py:57

0.023 Handle._run  asyncio/events.py:86
├─ 0.022 coro  starlette/middleware/base.py:136
│     [64 frames hidden]  starlette, fastapi, <string>, pydanti...
│        0.017 run_endpoint_function  fastapi/routing.py:204
│        └─ 0.017 create_instance  pybend/core/api/routes_fastapi.py:60
│           └─ 0.017 Product.create  pybend/core/models/storable_mixin.py:63
│              └─ 0.017 SQLiteStorage.create  pybend/core/storage/sqlite_storage.py:53
│                 └─ 0.017 Connection.commit  <built-in>
└─ 0.001 RequestResponseCycle.run_asgi  uvicorn/protocols/http/h11_impl.py:401
      [3 frames hidden]  uvicorn, fastapi, starlette
         0.001 ServerErrorMiddleware.__call__  starlette/middleware/errors.py:150
         └─ 0.001 ProfilingMiddleware.__call__  pybend/core/tests/profiling/middleware.py:35
            └─ 0.001 Profiler.stop  pyinstrument/profiler.py:171
               └─ 0.001 get_stack_sampler  pyinstrument/stack_sampler.py:277



========================================================================
POST /products  ->  201  (10.8ms)
========================================================================

  _     ._   __/__   _ _  _  _ _/_   Recorded: 12:50:56  Samples:  4
 /_//_/// /_\ / //_// / //_'/ //     Duration: 0.011     CPU time: 0.003
/   _/                      v5.1.2

Profile at /code/pystack/pybend/src/pybend/example/../../pybend/core/tests/profiling/middleware.py:57

0.011 Handle._run  asyncio/events.py:86
├─ 0.009 coro  starlette/middleware/base.py:136
│     [11 frames hidden]  starlette, fastapi
│        0.009 run_endpoint_function  fastapi/routing.py:204
│        └─ 0.009 create_instance  pybend/core/api/routes_fastapi.py:60
│           └─ 0.009 Product.create  pybend/core/models/storable_mixin.py:63
│              └─ 0.009 SQLiteStorage.create  pybend/core/storage/sqlite_storage.py:53
│                 └─ 0.009 Connection.commit  <built-in>
├─ 0.001 RequestResponseCycle.run_asgi  uvicorn/protocols/http/h11_impl.py:401
│     [3 frames hidden]  uvicorn, fastapi, starlette
│        0.001 ServerErrorMiddleware.__call__  starlette/middleware/errors.py:150
│        └─ 0.001 ProfilingMiddleware.__call__  pybend/core/tests/profiling/middleware.py:35
│           └─ 0.001 Profiler.stop  pyinstrument/profiler.py:171
│              └─ 0.001 StackSampler.unsubscribe  pyinstrument/stack_sampler.py:100
└─ 0.001 TaskGroup.__aexit__  anyio/_backends/_asyncio.py:735
   └─ 0.001 [await]  anyio/_backends/_asyncio.py



========================================================================
POST /products  ->  201  (10.7ms)
========================================================================

  _     ._   __/__   _ _  _  _ _/_   Recorded: 12:50:56  Samples:  4
 /_//_/// /_\ / //_// / //_'/ //     Duration: 0.011     CPU time: 0.003
/   _/                      v5.1.2

Profile at /code/pystack/pybend/src/pybend/example/../../pybend/core/tests/profiling/middleware.py:57

0.010 Handle._run  asyncio/events.py:86
├─ 0.009 coro  starlette/middleware/base.py:136
│     [10 frames hidden]  starlette, fastapi
│        0.009 run_endpoint_function  fastapi/routing.py:204
│        └─ 0.009 create_instance  pybend/core/api/routes_fastapi.py:60
│           └─ 0.009 Product.create  pybend/core/models/storable_mixin.py:63
│              └─ 0.009 SQLiteStorage.create  pybend/core/storage/sqlite_storage.py:53
│                 ├─ 0.008 Connection.commit  <built-in>
│                 └─ 0.001 Cursor.execute  <built-in>
└─ 0.001 RequestResponseCycle.run_asgi  uvicorn/protocols/http/h11_impl.py:401
      [3 frames hidden]  uvicorn, fastapi, starlette
         0.001 ServerErrorMiddleware.__call__  starlette/middleware/errors.py:150
         └─ 0.001 ProfilingMiddleware.__call__  pybend/core/tests/profiling/middleware.py:35
            └─ 0.001 JWTAuthMiddleware.__call__  starlette/middleware/base.py:98
               ├─ 0.001 _StreamingResponse.__call__  starlette/middleware/base.py:205
               │  └─ 0.001 send_wrapper  pybend/core/tests/profiling/middleware.py:48
               │     └─ 0.001 _send  starlette/middleware/errors.py:157
               │           [3 frames hidden]  uvicorn, asyncio
               └─ 0.000 JWTAuthMiddleware.dispatch  pybend/core/api/backend.py:92
                  └─ 0.000 call_next  starlette/middleware/base.py:109



========================================================================
POST /products/1/comment  ->  200  (11.3ms)
========================================================================

  _     ._   __/__   _ _  _  _ _/_   Recorded: 12:50:56  Samples:  4
 /_//_/// /_\ / //_// / //_'/ //     Duration: 0.011     CPU time: 0.003
/   _/                      v5.1.2

Profile at /code/pystack/pybend/src/pybend/example/../../pybend/core/tests/profiling/middleware.py:57

0.010 Handle._run  asyncio/events.py:86
└─ 0.010 coro  starlette/middleware/base.py:136
      [17 frames hidden]  starlette, fastapi, anyio, <built-in>
         0.010 run_endpoint_function  fastapi/routing.py:204
         └─ 0.010 post_with_id  pybend/core/api/routes_fastapi.py:300
            ├─ 0.009 Product.comment  models/product.py:62
            │  └─ 0.009 Comment.save  pybend/core/models/storable_mixin.py:36
            │     └─ 0.009 Comment.create  pybend/core/models/storable_mixin.py:63
            │        └─ 0.009 ProductComment.create  pybend/core/models/storable_mixin.py:63
            │           └─ 0.009 SQLiteStorage.create  pybend/core/storage/sqlite_storage.py:53
            │              └─ 0.009 Connection.commit  <built-in>
            └─ 0.001 _resolve_user  pybend/core/api/routes_fastapi.py:256
               └─ 0.001 User.get  pybend/core/models/storable_mixin.py:102
                  └─ 0.001 SQLiteStorage.get  pybend/core/storage/sqlite_storage.py:193
                     └─ 0.001 get_ref_fields  pybend/core/utils/introspection.py:181
                        └─ 0.001 get_origin  typing.py:2310



========================================================================
POST /products/2/comment  ->  200  (11.2ms)
========================================================================

  _     ._   __/__   _ _  _  _ _/_   Recorded: 12:50:56  Samples:  5
 /_//_/// /_\ / //_// / //_'/ //     Duration: 0.011     CPU time: 0.003
/   _/                      v5.1.2

Profile at /code/pystack/pybend/src/pybend/example/../../pybend/core/tests/profiling/middleware.py:57

0.011 _UnixSelectorEventLoop._run_once  asyncio/base_events.py:1910
├─ 0.011 Handle._run  asyncio/events.py:86
│     [15 frames hidden]  starlette, fastapi, uvicorn
│        0.010 run_endpoint_function  fastapi/routing.py:204
│        └─ 0.010 post_with_id  pybend/core/api/routes_fastapi.py:300
│           ├─ 0.009 Product.comment  models/product.py:62
│           │  └─ 0.009 Comment.save  pybend/core/models/storable_mixin.py:36
│           │     └─ 0.009 Comment.create  pybend/core/models/storable_mixin.py:63
│           │        └─ 0.009 ProductComment.create  pybend/core/models/storable_mixin.py:63
│           │           └─ 0.009 SQLiteStorage.create  pybend/core/storage/sqlite_storage.py:53
│           │              └─ 0.009 Connection.commit  <built-in>
│           └─ 0.001 Product.get  pybend/core/models/storable_mixin.py:102
│              └─ 0.001 SQLiteStorage.get  pybend/core/storage/sqlite_storage.py:193
│                 └─ 0.001 Cursor.execute  <built-in>
│        0.001 ServerErrorMiddleware.__call__  starlette/middleware/errors.py:150
│        └─ 0.001 ProfilingMiddleware.__call__  pybend/core/tests/profiling/middleware.py:35
│           ├─ 0.001 Profiler.stop  pyinstrument/profiler.py:171
│           │  └─ 0.001 StackSampler.unsubscribe  pyinstrument/stack_sampler.py:100
│           └─ 0.000 JWTAuthMiddleware.__call__  starlette/middleware/base.py:98
│              └─ 0.000 JWTAuthMiddleware.dispatch  pybend/core/api/backend.py:92
│                 └─ 0.000 decode_token  pybend/core/authorize/auth.py:57
│                    └─ 0.000 PyJWT.decode  jwt/api_jwt.py:306
│                          [8 frames hidden]  jwt, base64, <built-in>
└─ 0.000 deque.popleft  <built-in>



========================================================================
POST /products/1/favorite  ->  200  (11.0ms)
========================================================================

  _     ._   __/__   _ _  _  _ _/_   Recorded: 12:50:56  Samples:  4
 /_//_/// /_\ / //_// / //_'/ //     Duration: 0.011     CPU time: 0.003
/   _/                      v5.1.2

Profile at /code/pystack/pybend/src/pybend/example/../../pybend/core/tests/profiling/middleware.py:57

0.010 Handle._run  asyncio/events.py:86
├─ 0.010 coro  starlette/middleware/base.py:136
│     [10 frames hidden]  starlette, fastapi
│        0.010 run_endpoint_function  fastapi/routing.py:204
│        └─ 0.010 post_with_id  pybend/core/api/routes_fastapi.py:300
│           ├─ 0.009 Product.favorite  models/product.py:72
│           │  └─ 0.009 ProductLike.delete  pybend/core/models/storable_mixin.py:125
│           │     └─ 0.009 SQLiteStorage.delete  pybend/core/storage/sqlite_storage.py:528
│           │        └─ 0.009 Connection.commit  <built-in>
│           └─ 0.001 _resolve_user  pybend/core/api/routes_fastapi.py:256
│              └─ 0.001 hasattr  <built-in>
└─ 0.001 RequestResponseCycle.run_asgi  uvicorn/protocols/http/h11_impl.py:401
      [3 frames hidden]  uvicorn, fastapi, starlette
         0.001 ServerErrorMiddleware.__call__  starlette/middleware/errors.py:150
         └─ 0.001 ProfilingMiddleware.__call__  pybend/core/tests/profiling/middleware.py:35
            └─ 0.001 JWTAuthMiddleware.__call__  starlette/middleware/base.py:98
               ├─ 0.000 _StreamingResponse.__call__  starlette/middleware/base.py:205
               │  └─ 0.000 send_wrapper  pybend/core/tests/profiling/middleware.py:48
               │     └─ 0.000 _send  starlette/middleware/errors.py:157
               │        └─ 0.000 RequestResponseCycle.send  uvicorn/protocols/http/h11_impl.py:447
               └─ 0.000 JWTAuthMiddleware.dispatch  pybend/core/api/backend.py:92
                  └─ 0.000 call_next  starlette/middleware/base.py:109
                        [5 frames hidden]  anyio, asyncio



========================================================================
POST /products/2/favorite  ->  200  (11.1ms)
========================================================================

  _     ._   __/__   _ _  _  _ _/_   Recorded: 12:50:56  Samples:  4
 /_//_/// /_\ / //_// / //_'/ //     Duration: 0.011     CPU time: 0.003
/   _/                      v5.1.2

Profile at /code/pystack/pybend/src/pybend/example/../../pybend/core/tests/profiling/middleware.py:57

0.010 Handle._run  asyncio/events.py:86
├─ 0.010 coro  starlette/middleware/base.py:136
│     [10 frames hidden]  starlette, fastapi
│        0.010 run_endpoint_function  fastapi/routing.py:204
│        └─ 0.010 post_with_id  pybend/core/api/routes_fastapi.py:300
│           ├─ 0.009 Product.favorite  models/product.py:72
│           │  └─ 0.009 Like.save  pybend/core/models/storable_mixin.py:36
│           │     └─ 0.009 Like.create  pybend/core/models/storable_mixin.py:63
│           │        └─ 0.009 ProductLike.create  pybend/core/models/storable_mixin.py:63
│           │           └─ 0.009 SQLiteStorage.create  pybend/core/storage/sqlite_storage.py:53
│           │              └─ 0.009 Connection.commit  <built-in>
│           └─ 0.001 _check_access  pybend/core/api/routes_fastapi.py:289
│              └─ 0.001 _build_context  pybend/core/api/routes_fastapi.py:25
│                 └─ 0.001 _get_user  pybend/core/api/routes_fastapi.py:20
│                    └─ 0.001 Request.state  starlette/requests.py:172
│                       └─ 0.001 hasattr  <built-in>
├─ 0.000 [self]  asyncio/events.py
└─ 0.000 RequestResponseCycle.run_asgi  uvicorn/protocols/http/h11_impl.py:401
      [4 frames hidden]  uvicorn, fastapi, starlette



========================================================================
POST /products/3/favorite  ->  200  (11.3ms)
========================================================================

  _     ._   __/__   _ _  _  _ _/_   Recorded: 12:50:56  Samples:  4
 /_//_/// /_\ / //_// / //_'/ //     Duration: 0.011     CPU time: 0.003
/   _/                      v5.1.2

Profile at /code/pystack/pybend/src/pybend/example/../../pybend/core/tests/profiling/middleware.py:57

0.010 Handle._run  asyncio/events.py:86
├─ 0.010 coro  starlette/middleware/base.py:136
│     [10 frames hidden]  starlette, fastapi
│        0.010 run_endpoint_function  fastapi/routing.py:204
│        └─ 0.010 post_with_id  pybend/core/api/routes_fastapi.py:300
│           ├─ 0.009 Product.favorite  models/product.py:72
│           │  └─ 0.009 Like.save  pybend/core/models/storable_mixin.py:36
│           │     └─ 0.009 Like.create  pybend/core/models/storable_mixin.py:63
│           │        └─ 0.009 ProductLike.create  pybend/core/models/storable_mixin.py:63
│           │           └─ 0.009 SQLiteStorage.create  pybend/core/storage/sqlite_storage.py:53
│           │              └─ 0.009 Connection.commit  <built-in>
│           └─ 0.001 _resolve_user  pybend/core/api/routes_fastapi.py:256
│              └─ 0.001 User.get  pybend/core/models/storable_mixin.py:102
│                 └─ 0.001 SQLiteStorage.get  pybend/core/storage/sqlite_storage.py:193
├─ 0.000 CancelScope._deliver_cancellation  anyio/_backends/_asyncio.py:556
│  └─ 0.000 current_task  <built-in>
└─ 0.000 [self]  asyncio/events.py



========================================================================
GET /Product  ->  200  (24.7ms)
========================================================================

  _     ._   __/__   _ _  _  _ _/_   Recorded: 12:51:16  Samples:  25
 /_//_/// /_\ / //_// / //_'/ //     Duration: 0.025     CPU time: 0.025
/   _/                      v5.1.2

Profile at /code/pystack/pybend/src/pybend/example/../../pybend/core/tests/profiling/middleware.py:57

0.024 Handle._run  asyncio/events.py:86
├─ 0.020 coro  starlette/middleware/base.py:136
│     [21 frames hidden]  starlette, fastapi, <built-in>
│        0.018 run_endpoint_function  fastapi/routing.py:204
│        └─ 0.018 get_model_schema  pybend/core/api/routes_fastapi.py:169
│           └─ 0.018 Product.schema  pybend/core/models/proto_model.py:197
│              ├─ 0.007 Product.referenced_json_schema  pybend/core/models/proto_model.py:319
│              │  └─ 0.007 Product.model_json_schema  pydantic/main.py:413
│              │        [28 frames hidden]  pydantic, <built-in>
│              │           0.003 new_handler_func  pydantic/json_schema.py:520
│              │           └─ 0.003 Product.__get_pydantic_json_schema__  pybend/core/models/proto_model.py:341
│              │              └─ 0.003 Product.__get_pydantic_json_schema__  pydantic/main.py:628
│              │                    [42 frames hidden]  pydantic, contextlib, <built-in>
│              │                       0.001 new_handler_func  pydantic/json_schema.py:520
│              │                       └─ 0.001 Comment.__get_pydantic_json_schema__  pybend/core/models/proto_model.py:341
│              │                          └─ 0.001 Comment.__get_pydantic_json_schema__  pydantic/main.py:628
│              │                                [28 frames hidden]  pydantic
│              │           0.002 new_handler_func  pydantic/json_schema.py:520
│              │           └─ 0.002 Comment.__get_pydantic_json_schema__  pybend/core/models/proto_model.py:341
│              │              └─ 0.002 Comment.__get_pydantic_json_schema__  pydantic/main.py:628
│              │                    [29 frames hidden]  pydantic, <built-in>
│              ├─ 0.006 Product.model_json_schema  pydantic/main.py:413
│              │     [11 frames hidden]  pydantic
│              │        0.005 new_handler_func  pydantic/json_schema.py:520
│              │        └─ 0.005 Like.__get_pydantic_json_schema__  pybend/core/models/proto_model.py:341
│              │           └─ 0.005 Like.__get_pydantic_json_schema__  pydantic/main.py:628
│              │                 [49 frames hidden]  pydantic, re, <built-in>
│              │                    0.001 new_handler_func  pydantic/json_schema.py:520
│              │                    └─ 0.001 Comment.__get_pydantic_json_schema__  pybend/core/models/proto_model.py:341
│              │                       └─ 0.001 Comment.__get_pydantic_json_schema__  pydantic/main.py:628
│              │                             [22 frames hidden]  pydantic
│              ├─ 0.002 Product.__pybend_methods_json_signature__  pybend/core/models/proto_model.py:139
│              │  ├─ 0.001 get_type_hints  typing.py:2186
│              │  │     [4 frames hidden]  typing, <built-in>
│              │  └─ 0.001 [self]  pybend/core/models/proto_model.py
│              ├─ 0.001 [self]  pybend/core/models/proto_model.py
│              ├─ 0.001 deepcopy  copy.py:118
│              │     [2 frames hidden]  copy
│              └─ 0.001 collect_all_referenced_models  pybend/core/utils/introspection.py:62
│                 └─ 0.001 Product.__pybend_methods_json_signature__  pybend/core/models/proto_model.py:139
│                    └─ 0.001 getattr  <built-in>
└─ 0.004 RequestResponseCycle.run_asgi  uvicorn/protocols/http/h11_impl.py:401
      [3 frames hidden]  uvicorn, fastapi, starlette
         0.004 ServerErrorMiddleware.__call__  starlette/middleware/errors.py:150
         └─ 0.004 ProfilingMiddleware.__call__  pybend/core/tests/profiling/middleware.py:35
            └─ 0.004 JWTAuthMiddleware.__call__  starlette/middleware/base.py:98
                  [9 frames hidden]  anyio, importlib, <built-in>, datacla...
                     0.001 _StreamingResponse.__call__  starlette/middleware/base.py:205
                     └─ 0.001 send_wrapper  pybend/core/tests/profiling/middleware.py:48
                        └─ 0.001 _send  starlette/middleware/errors.py:157
                              [2 frames hidden]  uvicorn



========================================================================
POST /users/login  ->  200  (188.2ms)
========================================================================

  _     ._   __/__   _ _  _  _ _/_   Recorded: 12:51:16  Samples:  4
 /_//_/// /_\ / //_// / //_'/ //     Duration: 0.188     CPU time: 0.188
/   _/                      v5.1.2

Profile at /code/pystack/pybend/src/pybend/example/../../pybend/core/tests/profiling/middleware.py:57

0.188 Handle._run  asyncio/events.py:86
└─ 0.187 coro  starlette/middleware/base.py:136
      [10 frames hidden]  starlette, fastapi
         0.186 run_endpoint_function  fastapi/routing.py:204
         └─ 0.186 post_no_id  pybend/core/api/routes_fastapi.py:336
            └─ 0.186 User.login  pybend/core/models/base_user.py:74
               └─ 0.186 verify_password  pybend/core/authorize/auth.py:42
                  └─ 0.186 checkpw  <built-in>



========================================================================
GET /Product  ->  200  (4.3ms)
========================================================================

  _     ._   __/__   _ _  _  _ _/_   Recorded: 12:51:17  Samples:  5
 /_//_/// /_\ / //_// / //_'/ //     Duration: 0.004     CPU time: 0.004
/   _/                      v5.1.2

Profile at /code/pystack/pybend/src/pybend/example/../../pybend/core/tests/profiling/middleware.py:57

0.004 Handle._run  asyncio/events.py:86
├─ 0.003 coro  starlette/middleware/base.py:136
│     [17 frames hidden]  starlette, fastapi
│        0.002 isinstance  <built-in>
│        0.001 run_endpoint_function  fastapi/routing.py:204
│        └─ 0.001 get_model_schema  pybend/core/api/routes_fastapi.py:169
│           └─ 0.001 Product.schema  pybend/core/models/proto_model.py:197
│              └─ 0.001 deepcopy  copy.py:118
│                    [11 frames hidden]  copy
│                       0.001 deepcopy  copy.py:118
├─ 0.001 [self]  asyncio/events.py
└─ 0.000 RequestResponseCycle.run_asgi  uvicorn/protocols/http/h11_impl.py:401
      [3 frames hidden]  uvicorn, fastapi, starlette
         0.000 ServerErrorMiddleware.__call__  starlette/middleware/errors.py:150
         └─ 0.000 ProfilingMiddleware.__call__  pybend/core/tests/profiling/middleware.py:35
            └─ 0.000 JWTAuthMiddleware.__call__  starlette/middleware/base.py:98
               └─ 0.000 create_memory_object_stream.__new__  anyio/_core/_streams.py:36



========================================================================
GET /Product  ->  200  (4.2ms)
========================================================================

  _     ._   __/__   _ _  _  _ _/_   Recorded: 12:51:17  Samples:  4
 /_//_/// /_\ / //_// / //_'/ //     Duration: 0.004     CPU time: 0.004
/   _/                      v5.1.2

Profile at /code/pystack/pybend/src/pybend/example/../../pybend/core/tests/profiling/middleware.py:57

0.004 Handle._run  asyncio/events.py:86
├─ 0.003 coro  starlette/middleware/base.py:136
│     [18 frames hidden]  starlette, fastapi
│        0.002 is_dataclass  dataclasses.py:1294
│        ├─ 0.001 hasattr  <built-in>
│        └─ 0.001 [self]  dataclasses.py
│        0.001 run_endpoint_function  fastapi/routing.py:204
│        └─ 0.001 get_model_schema  pybend/core/api/routes_fastapi.py:169
│           └─ 0.001 Product.schema  pybend/core/models/proto_model.py:197
│              └─ 0.001 deepcopy  copy.py:118
│                    [11 frames hidden]  copy
└─ 0.001 RequestResponseCycle.run_asgi  uvicorn/protocols/http/h11_impl.py:401
      [3 frames hidden]  uvicorn, fastapi, starlette
         0.001 ServerErrorMiddleware.__call__  starlette/middleware/errors.py:150
         └─ 0.001 ProfilingMiddleware.__call__  pybend/core/tests/profiling/middleware.py:35
            └─ 0.001 JWTAuthMiddleware.__call__  starlette/middleware/base.py:98
               └─ 0.001 _StreamingResponse.__call__  starlette/middleware/base.py:205
                  └─ 0.001 send_wrapper  pybend/core/tests/profiling/middleware.py:48
                     └─ 0.001 _send  starlette/middleware/errors.py:157
                           [2 frames hidden]  uvicorn, asyncio
                              0.001 socket.send  <built-in>



========================================================================
GET /Product  ->  200  (4.4ms)
========================================================================

  _     ._   __/__   _ _  _  _ _/_   Recorded: 12:51:17  Samples:  5
 /_//_/// /_\ / //_// / //_'/ //     Duration: 0.004     CPU time: 0.004
/   _/                      v5.1.2

Profile at /code/pystack/pybend/src/pybend/example/../../pybend/core/tests/profiling/middleware.py:57

0.004 Handle._run  asyncio/events.py:86
├─ 0.004 coro  starlette/middleware/base.py:136
│     [21 frames hidden]  starlette, fastapi, dataclasses, anyio
│        0.001 dict.keys  <built-in>
│        0.001 isinstance  <built-in>
│        0.001 run_endpoint_function  fastapi/routing.py:204
│        └─ 0.001 get_model_schema  pybend/core/api/routes_fastapi.py:169
│           └─ 0.001 Product.schema  pybend/core/models/proto_model.py:197
│              └─ 0.001 deepcopy  copy.py:118
│                    [2 frames hidden]  copy
│                       0.001 _deepcopy_dict  copy.py:217
│        0.001 Event.wait  anyio/_backends/_asyncio.py:1785
└─ 0.000 RequestResponseCycle.run_asgi  uvicorn/protocols/http/h11_impl.py:401
      [3 frames hidden]  uvicorn, fastapi, starlette
         0.000 ServerErrorMiddleware.__call__  starlette/middleware/errors.py:150
         └─ 0.000 ProfilingMiddleware.__call__  pybend/core/tests/profiling/middleware.py:35



========================================================================
GET /User  ->  200  (5.8ms)
========================================================================

  _     ._   __/__   _ _  _  _ _/_   Recorded: 12:51:17  Samples:  6
 /_//_/// /_\ / //_// / //_'/ //     Duration: 0.006     CPU time: 0.006
/   _/                      v5.1.2

Profile at /code/pystack/pybend/src/pybend/example/../../pybend/core/tests/profiling/middleware.py:57

0.005 Handle._run  asyncio/events.py:86
├─ 0.004 coro  starlette/middleware/base.py:136
│     [18 frames hidden]  starlette, fastapi, <built-in>
│        0.003 run_endpoint_function  fastapi/routing.py:204
│        └─ 0.003 get_model_schema  pybend/core/api/routes_fastapi.py:169
│           └─ 0.003 User.schema  pybend/core/models/proto_model.py:197
│              ├─ 0.001 User.model_json_schema  pydantic/main.py:413
│              │     [4 frames hidden]  pydantic
│              │        0.001 new_handler_func  pydantic/json_schema.py:520
│              │        └─ 0.001 User.__get_pydantic_json_schema__  pybend/core/models/proto_model.py:341
│              │           └─ 0.001 User.__get_pydantic_json_schema__  pydantic/main.py:628
│              │                 [26 frames hidden]  pydantic, typing
│              ├─ 0.001 User.__pybend_methods_json_signature__  pybend/core/models/proto_model.py:139
│              │  └─ 0.001 callable  <built-in>
│              ├─ 0.001 User.referenced_json_schema  pybend/core/models/proto_model.py:319
│              │  └─ 0.001 User.model_json_schema  pydantic/main.py:413
│              │        [4 frames hidden]  pydantic, <built-in>
│              └─ 0.000 collect_all_referenced_models  pybend/core/utils/introspection.py:62
│                 └─ 0.000 User.__pybend_methods_json_signature__  pybend/core/models/proto_model.py:139
│                    └─ 0.000 signature  inspect.py:3308
│                          [6 frames hidden]  inspect, enum
└─ 0.001 RequestResponseCycle.run_asgi  uvicorn/protocols/http/h11_impl.py:401
      [3 frames hidden]  uvicorn, fastapi, starlette
         0.001 ServerErrorMiddleware.__call__  starlette/middleware/errors.py:150
         └─ 0.001 ProfilingMiddleware.__call__  pybend/core/tests/profiling/middleware.py:35
            └─ 0.001 JWTAuthMiddleware.__call__  starlette/middleware/base.py:98
               └─ 0.001 _StreamingResponse.__call__  starlette/middleware/base.py:205
                  └─ 0.001 send_wrapper  pybend/core/tests/profiling/middleware.py:48
                     └─ 0.001 _send  starlette/middleware/errors.py:157
                           [6 frames hidden]  uvicorn, asyncio



========================================================================
GET /User  ->  200  (2.2ms)
========================================================================

  _     ._   __/__   _ _  _  _ _/_   Recorded: 12:51:17  Samples:  2
 /_//_/// /_\ / //_// / //_'/ //     Duration: 0.002     CPU time: 0.002
/   _/                      v5.1.2

Profile at /code/pystack/pybend/src/pybend/example/../../pybend/core/tests/profiling/middleware.py:57

0.002 Handle._run  asyncio/events.py:86
└─ 0.002 coro  starlette/middleware/base.py:136
      [14 frames hidden]  starlette, fastapi
         0.001 [self]  starlette/middleware/base.py
         0.001 isinstance  <built-in>



========================================================================
GET /User  ->  200  (2.2ms)
========================================================================

  _     ._   __/__   _ _  _  _ _/_   Recorded: 12:51:17  Samples:  2
 /_//_/// /_\ / //_// / //_'/ //     Duration: 0.002     CPU time: 0.002
/   _/                      v5.1.2

Profile at /code/pystack/pybend/src/pybend/example/../../pybend/core/tests/profiling/middleware.py:57

0.001 Handle._run  asyncio/events.py:86
└─ 0.001 coro  starlette/middleware/base.py:136
      [9 frames hidden]  starlette, fastapi
         0.001 app  starlette/routing.py:72
         └─ 0.001 [self]  starlette/routing.py
            0.000 run_endpoint_function  fastapi/routing.py:204
            └─ 0.000 get_model_schema  pybend/core/api/routes_fastapi.py:169
               └─ 0.000 User.schema  pybend/core/models/proto_model.py:197
                  └─ 0.000 deepcopy  copy.py:118
                        [9 frames hidden]  copy
                           0.000 deepcopy  copy.py:118



========================================================================
GET /products  ->  200  (3.6ms)
========================================================================

  _     ._   __/__   _ _  _  _ _/_   Recorded: 12:51:17  Samples:  3
 /_//_/// /_\ / //_// / //_'/ //     Duration: 0.004     CPU time: 0.004
/   _/                      v5.1.2

Profile at /code/pystack/pybend/src/pybend/example/../../pybend/core/tests/profiling/middleware.py:57

0.003 Handle._run  asyncio/events.py:86
├─ 0.002 coro  starlette/middleware/base.py:136
│     [10 frames hidden]  starlette, fastapi
│        0.002 run_endpoint_function  fastapi/routing.py:204
│        └─ 0.002 list_all_instances  pybend/core/api/routes_fastapi.py:93
│           └─ 0.002 Product.list  pybend/core/models/storable_mixin.py:91
│              └─ 0.002 SQLiteStorage.list  pybend/core/storage/sqlite_storage.py:85
│                 ├─ 0.001 _validate_identifier  pybend/core/storage/sqlite_storage.py:20
│                 │  └─ 0.001 match  re/__init__.py:164
│                 └─ 0.001 Cursor.execute  <built-in>
└─ 0.001 [self]  asyncio/events.py



========================================================================
GET /products  ->  200  (5.7ms)
========================================================================

  _     ._   __/__   _ _  _  _ _/_   Recorded: 12:51:17  Samples:  6
 /_//_/// /_\ / //_// / //_'/ //     Duration: 0.006     CPU time: 0.006
/   _/                      v5.1.2

Profile at /code/pystack/pybend/src/pybend/example/../../pybend/core/tests/profiling/middleware.py:57

0.005 Handle._run  asyncio/events.py:86
├─ 0.004 coro  starlette/middleware/base.py:136
│     [14 frames hidden]  starlette, fastapi
│        0.002 jsonable_encoder  fastapi/encoders.py:102
│        0.002 run_endpoint_function  fastapi/routing.py:204
│        └─ 0.002 list_all_instances  pybend/core/api/routes_fastapi.py:93
│           └─ 0.002 Product.list  pybend/core/models/storable_mixin.py:91
│              └─ 0.002 SQLiteStorage.list  pybend/core/storage/sqlite_storage.py:85
│                 ├─ 0.001 [self]  pybend/core/storage/sqlite_storage.py
│                 └─ 0.001 Product.__init__  pybend/core/models/proto_model.py:96
└─ 0.001 RequestResponseCycle.run_asgi  uvicorn/protocols/http/h11_impl.py:401
      [3 frames hidden]  uvicorn, fastapi, starlette
         0.001 ServerErrorMiddleware.__call__  starlette/middleware/errors.py:150
         └─ 0.001 ProfilingMiddleware.__call__  pybend/core/tests/profiling/middleware.py:35
            └─ 0.001 JWTAuthMiddleware.__call__  starlette/middleware/base.py:98
               ├─ 0.001 _StreamingResponse.__call__  starlette/middleware/base.py:205
               │  └─ 0.001 send_wrapper  pybend/core/tests/profiling/middleware.py:48
               │     └─ 0.001 _send  starlette/middleware/errors.py:157
               │           [3 frames hidden]  uvicorn, h11
               └─ 0.000 JWTAuthMiddleware.dispatch  pybend/core/api/backend.py:92
                  └─ 0.000 decode_token  pybend/core/authorize/auth.py:57
                     └─ 0.000 PyJWT.decode  jwt/api_jwt.py:306
                           [3 frames hidden]  jwt



========================================================================
GET /products  ->  200  (24.8ms)
========================================================================

  _     ._   __/__   _ _  _  _ _/_   Recorded: 12:51:17  Samples:  25
 /_//_/// /_\ / //_// / //_'/ //     Duration: 0.025     CPU time: 0.025
/   _/                      v5.1.2

Profile at /code/pystack/pybend/src/pybend/example/../../pybend/core/tests/profiling/middleware.py:57

0.024 Handle._run  asyncio/events.py:86
├─ 0.023 coro  starlette/middleware/base.py:136
│     [25 frames hidden]  starlette, fastapi, dataclasses, <bui...
│        0.016 run_endpoint_function  fastapi/routing.py:204
│        └─ 0.016 list_all_instances  pybend/core/api/routes_fastapi.py:93
│           └─ 0.016 Product.list  pybend/core/models/storable_mixin.py:91
│              └─ 0.016 SQLiteStorage.list  pybend/core/storage/sqlite_storage.py:85
│                 ├─ 0.015 SQLiteStorage._populate_fields  pybend/core/storage/sqlite_storage.py:275
│                 │  ├─ 0.003 Cursor.fetchall  <built-in>
│                 │  ├─ 0.003 [self]  pybend/core/storage/sqlite_storage.py
│                 │  ├─ 0.003 get_list_fields  pybend/core/utils/introspection.py:138
│                 │  │  ├─ 0.002 _unwrap_listref  pybend/core/utils/introspection.py:121
│                 │  │  │  └─ 0.002 _GenericAlias.__getattr__  typing.py:1178
│                 │  │  │        [2 frames hidden]  typing
│                 │  │  └─ 0.001 [self]  pybend/core/utils/introspection.py
│                 │  ├─ 0.003 ProductComment.__init__  pybend/core/models/proto_model.py:96
│                 │  │  ├─ 0.001 <lambda>  pybend/core/utils/typer.py:87
│                 │  │  ├─ 0.001 [self]  pybend/core/models/proto_model.py
│                 │  │  └─ 0.001 ModelMetaclass.__instancecheck__  pydantic/_internal/_model_construction.py:248
│                 │  │     └─ 0.001 hasattr  <built-in>
│                 │  ├─ 0.001 _validate_identifier  pybend/core/storage/sqlite_storage.py:20
│                 │  │  └─ 0.001 match  re/__init__.py:164
│                 │  │        [2 frames hidden]  re, <built-in>
│                 │  ├─ 0.001 get_ref_fields  pybend/core/utils/introspection.py:181
│                 │  │  └─ 0.001 _is_self_ref  pybend/core/utils/introspection.py:206
│                 │  └─ 0.001 Cursor.execute  <built-in>
│                 └─ 0.001 [self]  pybend/core/storage/sqlite_storage.py
└─ 0.001 RequestResponseCycle.run_asgi  uvicorn/protocols/http/h11_impl.py:401
      [3 frames hidden]  uvicorn, fastapi, starlette
         0.001 ServerErrorMiddleware.__call__  starlette/middleware/errors.py:150
         └─ 0.001 ProfilingMiddleware.__call__  pybend/core/tests/profiling/middleware.py:35
            └─ 0.001 JWTAuthMiddleware.__call__  starlette/middleware/base.py:98
               └─ 0.001 JWTAuthMiddleware.dispatch  pybend/core/api/backend.py:92
                  └─ 0.001 call_next  starlette/middleware/base.py:109
                        [3 frames hidden]  anyio



========================================================================
GET /products  ->  200  (59.1ms)
========================================================================

  _     ._   __/__   _ _  _  _ _/_   Recorded: 12:51:17  Samples:  59
 /_//_/// /_\ / //_// / //_'/ //     Duration: 0.059     CPU time: 0.059
/   _/                      v5.1.2

Profile at /code/pystack/pybend/src/pybend/example/../../pybend/core/tests/profiling/middleware.py:57

0.059 Handle._run  asyncio/events.py:86
├─ 0.058 coro  starlette/middleware/base.py:136
│     [27 frames hidden]  starlette, fastapi, <built-in>, datac...
│        0.037 run_endpoint_function  fastapi/routing.py:204
│        └─ 0.037 list_all_instances  pybend/core/api/routes_fastapi.py:93
│           └─ 0.037 Product.list  pybend/core/models/storable_mixin.py:91
│              └─ 0.037 SQLiteStorage.list  pybend/core/storage/sqlite_storage.py:85
│                 ├─ 0.034 SQLiteStorage._populate_fields  pybend/core/storage/sqlite_storage.py:275
│                 │  ├─ 0.010 Cursor.fetchall  <built-in>
│                 │  ├─ 0.009 get_ref_fields  pybend/core/utils/introspection.py:181
│                 │  │  ├─ 0.005 _is_self_ref  pybend/core/utils/introspection.py:206
│                 │  │  │  ├─ 0.003 _GenericAlias.__getattr__  typing.py:1178
│                 │  │  │  │  └─ 0.003 _is_dunder  typing.py:1134
│                 │  │  │  ├─ 0.001 [self]  pybend/core/utils/introspection.py
│                 │  │  │  └─ 0.001 get_args  typing.py:2340
│                 │  │  ├─ 0.002 get_origin  typing.py:2310
│                 │  │  ├─ 0.001 [self]  pybend/core/utils/introspection.py
│                 │  │  └─ 0.001 get_args  typing.py:2340
│                 │  │     └─ 0.001 _should_unflatten_callable_args  typing.py:213
│                 │  ├─ 0.005 Cursor.execute  <built-in>
│                 │  ├─ 0.003 get_list_fields  pybend/core/utils/introspection.py:138
│                 │  │  ├─ 0.002 [self]  pybend/core/utils/introspection.py
│                 │  │  └─ 0.001 get_origin  typing.py:2310
│                 │  ├─ 0.003 ProductComment.__init__  pybend/core/models/proto_model.py:96
│                 │  │  ├─ 0.002 [self]  pybend/core/models/proto_model.py
│                 │  │  └─ 0.001 ProductLike.__setattr__  pydantic/main.py:813
│                 │  ├─ 0.002 ProductLike.model_dump  pybend/core/models/proto_model.py:117
│                 │  │  ├─ 0.001 [self]  pybend/core/models/proto_model.py
│                 │  │  └─ 0.001 ProductComment.model_dump  pydantic/main.py:309
│                 │  │     └─ 0.001 SchemaSerializer.to_python  <built-in>
│                 │  ├─ 0.001 [self]  pybend/core/storage/sqlite_storage.py
│                 │  └─ 0.001 dict.get  <built-in>
│                 ├─ 0.002 Product.__init__  pybend/core/models/proto_model.py:96
│                 │  ├─ 0.001 Product.__setattr__  pydantic/main.py:813
│                 │  └─ 0.001 ModelMetaclass.__instancecheck__  pydantic/_internal/_model_construction.py:248
│                 │     └─ 0.001 hasattr  <built-in>
│                 └─ 0.001 [self]  pybend/core/storage/sqlite_storage.py
└─ 0.001 RequestResponseCycle.run_asgi  uvicorn/protocols/http/h11_impl.py:401
      [3 frames hidden]  uvicorn, fastapi, starlette
         0.001 ServerErrorMiddleware.__call__  starlette/middleware/errors.py:150
         └─ 0.001 ProfilingMiddleware.__call__  pybend/core/tests/profiling/middleware.py:35
            └─ 0.001 JWTAuthMiddleware.__call__  starlette/middleware/base.py:98
               └─ 0.001 _StreamingResponse.__call__  starlette/middleware/base.py:205
                  └─ 0.001 send_wrapper  pybend/core/tests/profiling/middleware.py:48
                     └─ 0.001 _send  starlette/middleware/errors.py:157
                           [2 frames hidden]  uvicorn



========================================================================
GET /products  ->  200  (53.8ms)
========================================================================

  _     ._   __/__   _ _  _  _ _/_   Recorded: 12:51:17  Samples:  53
 /_//_/// /_\ / //_// / //_'/ //     Duration: 0.054     CPU time: 0.054
/   _/                      v5.1.2

Profile at /code/pystack/pybend/src/pybend/example/../../pybend/core/tests/profiling/middleware.py:57

0.053 Handle._run  asyncio/events.py:86
├─ 0.052 coro  starlette/middleware/base.py:136
│     [37 frames hidden]  starlette, fastapi, <built-in>, datac...
│        0.030 run_endpoint_function  fastapi/routing.py:204
│        └─ 0.030 list_all_instances  pybend/core/api/routes_fastapi.py:93
│           └─ 0.030 Product.list  pybend/core/models/storable_mixin.py:91
│              └─ 0.030 SQLiteStorage.list  pybend/core/storage/sqlite_storage.py:85
│                 ├─ 0.028 SQLiteStorage._populate_fields  pybend/core/storage/sqlite_storage.py:275
│                 │  ├─ 0.011 SQLiteStorage._populate_fields  pybend/core/storage/sqlite_storage.py:275
│                 │  │  ├─ 0.004 get_ref_fields  pybend/core/utils/introspection.py:181
│                 │  │  │  ├─ 0.001 [self]  pybend/core/utils/introspection.py
│                 │  │  │  ├─ 0.001 _is_self_ref  pybend/core/utils/introspection.py:206
│                 │  │  │  ├─ 0.001 list.append  <built-in>
│                 │  │  │  └─ 0.001 get_origin  typing.py:2310
│                 │  │  ├─ 0.004 get_list_fields  pybend/core/utils/introspection.py:138
│                 │  │  │  ├─ 0.002 [self]  pybend/core/utils/introspection.py
│                 │  │  │  ├─ 0.001 get_origin  typing.py:2310
│                 │  │  │  │  └─ 0.001 isinstance  <built-in>
│                 │  │  │  └─ 0.001 _unwrap_listref  pybend/core/utils/introspection.py:121
│                 │  │  ├─ 0.002 Cursor.fetchall  <built-in>
│                 │  │  └─ 0.001 User.__init__  pybend/core/models/proto_model.py:96
│                 │  ├─ 0.006 get_ref_fields  pybend/core/utils/introspection.py:181
│                 │  │  ├─ 0.002 get_origin  typing.py:2310
│                 │  │  │     [2 frames hidden]  typing, <built-in>
│                 │  │  ├─ 0.002 _is_self_ref  pybend/core/utils/introspection.py:206
│                 │  │  │  ├─ 0.001 [self]  pybend/core/utils/introspection.py
│                 │  │  │  └─ 0.001 get_origin  typing.py:2310
│                 │  │  └─ 0.002 [self]  pybend/core/utils/introspection.py
│                 │  ├─ 0.004 Cursor.execute  <built-in>
│                 │  ├─ 0.003 ProductComment.__init__  pybend/core/models/proto_model.py:96
│                 │  │  ├─ 0.001 SchemaValidator.validate_python  <built-in>
│                 │  │  ├─ 0.001 [self]  pybend/core/models/proto_model.py
│                 │  │  └─ 0.001 ProductComment.__setattr__  pydantic/main.py:813
│                 │  ├─ 0.001 Cursor.fetchall  <built-in>
│                 │  ├─ 0.001 get_list_fields  pybend/core/utils/introspection.py:138
│                 │  ├─ 0.001 [self]  pybend/core/storage/sqlite_storage.py
│                 │  └─ 0.001 ProductComment.model_dump  pybend/core/models/proto_model.py:117
│                 │     └─ 0.001 ProductComment.model_dump  pydantic/main.py:309
│                 │        └─ 0.001 SchemaSerializer.to_python  <built-in>
│                 ├─ 0.001 Connection.close  <built-in>
│                 └─ 0.001 Cursor.execute  <built-in>
└─ 0.001 RequestResponseCycle.run_asgi  uvicorn/protocols/http/h11_impl.py:401
      [3 frames hidden]  uvicorn, fastapi, starlette
         0.001 ServerErrorMiddleware.__call__  starlette/middleware/errors.py:150
         └─ 0.001 ProfilingMiddleware.__call__  pybend/core/tests/profiling/middleware.py:35
            └─ 0.001 JWTAuthMiddleware.__call__  starlette/middleware/base.py:98
                  [9 frames hidden]  starlette, anyio, sniffio, <built-in>



========================================================================
GET /products  ->  200  (128.1ms)
========================================================================

  _     ._   __/__   _ _  _  _ _/_   Recorded: 12:51:17  Samples:  127
 /_//_/// /_\ / //_// / //_'/ //     Duration: 0.128     CPU time: 0.128
/   _/                      v5.1.2

Profile at /code/pystack/pybend/src/pybend/example/../../pybend/core/tests/profiling/middleware.py:57

0.128 _UnixSelectorEventLoop._run_once  asyncio/base_events.py:1910
└─ 0.127 Handle._run  asyncio/events.py:86
      [38 frames hidden]  starlette, fastapi, <built-in>, datac...
         0.073 run_endpoint_function  fastapi/routing.py:204
         └─ 0.073 list_all_instances  pybend/core/api/routes_fastapi.py:93
            └─ 0.072 Product.list  pybend/core/models/storable_mixin.py:91
               └─ 0.072 SQLiteStorage.list  pybend/core/storage/sqlite_storage.py:85
                  └─ 0.069 SQLiteStorage._populate_fields  pybend/core/storage/sqlite_storage.py:275
                     ├─ 0.035 SQLiteStorage._populate_fields  pybend/core/storage/sqlite_storage.py:275
                     │  ├─ 0.008 get_ref_fields  pybend/core/utils/introspection.py:181
                     │  │  └─ 0.004 _is_self_ref  pybend/core/utils/introspection.py:206
                     │  │     └─ 0.004 get_origin  typing.py:2310
                     │  │           [2 frames hidden]  <built-in>, typing
                     │  ├─ 0.005 get_list_fields  pybend/core/utils/introspection.py:138
                     │  ├─ 0.004 User.__init__  pybend/core/models/proto_model.py:96
                     │  ├─ 0.004 User.model_dump  pybend/core/models/proto_model.py:117
                     │  │  ├─ 0.002 [self]  pybend/core/models/proto_model.py
                     │  │  └─ 0.002 CommentLike.model_dump  pydantic/main.py:309
                     │  ├─ 0.004 Cursor.execute  <built-in>
                     │  ├─ 0.004 [self]  pybend/core/storage/sqlite_storage.py
                     │  └─ 0.003 ProductLike.__getattr__  pydantic/main.py:781
                     ├─ 0.010 get_ref_fields  pybend/core/utils/introspection.py:181
                     │  ├─ 0.004 _is_self_ref  pybend/core/utils/introspection.py:206
                     │  │  └─ 0.003 get_origin  typing.py:2310
                     │  └─ 0.003 [self]  pybend/core/utils/introspection.py
                     ├─ 0.007 get_list_fields  pybend/core/utils/introspection.py:138
                     │  ├─ 0.003 get_origin  typing.py:2310
                     │  │  └─ 0.002 isinstance  <built-in>
                     │  ├─ 0.002 [self]  pybend/core/utils/introspection.py
                     │  └─ 0.002 get_args  typing.py:2340
                     ├─ 0.006 Cursor.execute  <built-in>
                     ├─ 0.004 ProductLike.__init__  pybend/core/models/proto_model.py:96
                     └─ 0.003 Cursor.fetchall  <built-in>



========================================================================
GET /products  ->  200  (10.3ms)
========================================================================

  _     ._   __/__   _ _  _  _ _/_   Recorded: 12:51:17  Samples:  11
 /_//_/// /_\ / //_// / //_'/ //     Duration: 0.010     CPU time: 0.010
/   _/                      v5.1.2

Profile at /code/pystack/pybend/src/pybend/example/../../pybend/core/tests/profiling/middleware.py:57

0.010 Handle._run  asyncio/events.py:86
├─ 0.009 coro  starlette/middleware/base.py:136
│     [25 frames hidden]  starlette, fastapi, <built-in>, json
│        0.005 run_endpoint_function  fastapi/routing.py:204
│        └─ 0.005 list_all_instances  pybend/core/api/routes_fastapi.py:93
│           └─ 0.005 Product.list  pybend/core/models/storable_mixin.py:91
│              └─ 0.005 SQLiteStorage.list  pybend/core/storage/sqlite_storage.py:85
│                 ├─ 0.004 Cursor.execute  <built-in>
│                 └─ 0.001 Product.__init__  pybend/core/models/proto_model.py:96
└─ 0.001 _SelectorSocketTransport._read_ready  asyncio/selector_events.py:969
      [2 frames hidden]  asyncio, <built-in>



========================================================================
GET /users  ->  200  (2.3ms)
========================================================================

  _     ._   __/__   _ _  _  _ _/_   Recorded: 12:51:17  Samples:  3
 /_//_/// /_\ / //_// / //_'/ //     Duration: 0.002     CPU time: 0.002
/   _/                      v5.1.2

Profile at /code/pystack/pybend/src/pybend/example/../../pybend/core/tests/profiling/middleware.py:57

0.002 Handle._run  asyncio/events.py:86
├─ 0.001 [self]  asyncio/events.py
├─ 0.001 coro  starlette/middleware/base.py:136
│     [12 frames hidden]  starlette, fastapi
│        0.001 jsonable_encoder  fastapi/encoders.py:102
└─ 0.000 RequestResponseCycle.run_asgi  uvicorn/protocols/http/h11_impl.py:401
      [3 frames hidden]  uvicorn, fastapi, starlette
         0.000 ServerErrorMiddleware.__call__  starlette/middleware/errors.py:150
         └─ 0.000 ProfilingMiddleware.__call__  pybend/core/tests/profiling/middleware.py:35
            └─ 0.000 JWTAuthMiddleware.__call__  starlette/middleware/base.py:98
               └─ 0.000 JWTAuthMiddleware.dispatch  pybend/core/api/backend.py:92
                  └─ 0.000 <genexpr>  pybend/core/api/backend.py:96
                     └─ 0.000 str.endswith  <built-in>



========================================================================
GET /products/1  ->  200  (2.1ms)
========================================================================

  _     ._   __/__   _ _  _  _ _/_   Recorded: 12:51:17  Samples:  2
 /_//_/// /_\ / //_// / //_'/ //     Duration: 0.002     CPU time: 0.002
/   _/                      v5.1.2

Profile at /code/pystack/pybend/src/pybend/example/../../pybend/core/tests/profiling/middleware.py:57

0.001 Handle._run  asyncio/events.py:86
├─ 0.001 coro  starlette/middleware/base.py:136
│     [2 frames hidden]  starlette
│        0.001 wrapped_app  starlette/_exception_handler.py:31
└─ 0.000 RequestResponseCycle.run_asgi  uvicorn/protocols/http/h11_impl.py:401
      [3 frames hidden]  uvicorn, fastapi, starlette
         0.000 ServerErrorMiddleware.__call__  starlette/middleware/errors.py:150
         └─ 0.000 ProfilingMiddleware.__call__  pybend/core/tests/profiling/middleware.py:35
            └─ 0.000 JWTAuthMiddleware.__call__  starlette/middleware/base.py:98
               └─ 0.000 JWTAuthMiddleware.dispatch  pybend/core/api/backend.py:92
                  └─ 0.000 decode_token  pybend/core/authorize/auth.py:57
                     └─ 0.000 PyJWT.decode  jwt/api_jwt.py:306
                           [5 frames hidden]  jwt



========================================================================
GET /products/2  ->  200  (1.8ms)
========================================================================

  _     ._   __/__   _ _  _  _ _/_   Recorded: 12:51:17  Samples:  2
 /_//_/// /_\ / //_// / //_'/ //     Duration: 0.002     CPU time: 0.002
/   _/                      v5.1.2

Profile at /code/pystack/pybend/src/pybend/example/../../pybend/core/tests/profiling/middleware.py:57

0.002 Handle._run  asyncio/events.py:86
└─ 0.002 coro  starlette/middleware/base.py:136
      [10 frames hidden]  starlette, fastapi
         0.001 [self]  starlette/middleware/base.py
         0.001 run_endpoint_function  fastapi/routing.py:204
         └─ 0.001 read_instance  pybend/core/api/routes_fastapi.py:184
            └─ 0.001 Product.get  pybend/core/models/storable_mixin.py:102
               └─ 0.001 SQLiteStorage.get  pybend/core/storage/sqlite_storage.py:193



========================================================================
GET /products/3  ->  200  (1.7ms)
========================================================================

  _     ._   __/__   _ _  _  _ _/_   Recorded: 12:51:17  Samples:  1
 /_//_/// /_\ / //_// / //_'/ //     Duration: 0.002     CPU time: 0.002
/   _/                      v5.1.2

Profile at /code/pystack/pybend/src/pybend/example/../../pybend/core/tests/profiling/middleware.py:57

0.001 Handle._run  asyncio/events.py:86
└─ 0.001 coro  starlette/middleware/base.py:136
      [10 frames hidden]  starlette, fastapi
         0.001 run_endpoint_function  fastapi/routing.py:204
         └─ 0.001 read_instance  pybend/core/api/routes_fastapi.py:184
            └─ 0.001 Product.get  pybend/core/models/storable_mixin.py:102
               └─ 0.001 SQLiteStorage.get  pybend/core/storage/sqlite_storage.py:193
                  └─ 0.001 Connection.close  <built-in>



========================================================================
GET /products/1  ->  200  (4.1ms)
========================================================================

  _     ._   __/__   _ _  _  _ _/_   Recorded: 12:51:17  Samples:  4
 /_//_/// /_\ / //_// / //_'/ //     Duration: 0.004     CPU time: 0.004
/   _/                      v5.1.2

Profile at /code/pystack/pybend/src/pybend/example/../../pybend/core/tests/profiling/middleware.py:57

0.004 Handle._run  asyncio/events.py:86
├─ 0.003 coro  starlette/middleware/base.py:136
│     [15 frames hidden]  starlette, fastapi
│        0.002 run_endpoint_function  fastapi/routing.py:204
│        └─ 0.002 read_instance  pybend/core/api/routes_fastapi.py:184
│           └─ 0.002 Product.get  pybend/core/models/storable_mixin.py:102
│              └─ 0.002 SQLiteStorage.get  pybend/core/storage/sqlite_storage.py:193
│                 └─ 0.002 SQLiteStorage._populate_fields  pybend/core/storage/sqlite_storage.py:275
│                    ├─ 0.001 Cursor.execute  <built-in>
│                    └─ 0.001 dict.get  <built-in>
│        0.001 jsonable_encoder  fastapi/encoders.py:102
└─ 0.001 RequestResponseCycle.run_asgi  uvicorn/protocols/http/h11_impl.py:401
      [3 frames hidden]  uvicorn, fastapi, starlette
         0.001 ServerErrorMiddleware.__call__  starlette/middleware/errors.py:150
         └─ 0.001 ProfilingMiddleware.__call__  pybend/core/tests/profiling/middleware.py:35
            └─ 0.001 JWTAuthMiddleware.__call__  starlette/middleware/base.py:98
               └─ 0.001 _StreamingResponse.__call__  starlette/middleware/base.py:205
                  └─ 0.001 send_wrapper  pybend/core/tests/profiling/middleware.py:48
                     └─ 0.001 _send  starlette/middleware/errors.py:157
                           [2 frames hidden]  uvicorn
                              0.001 _UnixSelectorEventLoop.call_later  asyncio/base_events.py:743



========================================================================
GET /products/2  ->  200  (4.1ms)
========================================================================

  _     ._   __/__   _ _  _  _ _/_   Recorded: 12:51:17  Samples:  4
 /_//_/// /_\ / //_// / //_'/ //     Duration: 0.004     CPU time: 0.004
/   _/                      v5.1.2

Profile at /code/pystack/pybend/src/pybend/example/../../pybend/core/tests/profiling/middleware.py:57

0.004 Handle._run  asyncio/events.py:86
└─ 0.004 coro  starlette/middleware/base.py:136
      [15 frames hidden]  starlette, fastapi
         0.004 wrapped_app  starlette/_exception_handler.py:31
         │  0.002 run_endpoint_function  fastapi/routing.py:204
         │  └─ 0.002 read_instance  pybend/core/api/routes_fastapi.py:184
         │     └─ 0.002 Product.get  pybend/core/models/storable_mixin.py:102
         │        └─ 0.002 SQLiteStorage.get  pybend/core/storage/sqlite_storage.py:193
         │           └─ 0.002 SQLiteStorage._populate_fields  pybend/core/storage/sqlite_storage.py:275
         │              ├─ 0.001 ProductComment.__init__  pybend/core/models/proto_model.py:96
         │              └─ 0.001 get_ref_fields  pybend/core/utils/introspection.py:181
         │                 └─ 0.001 _is_self_ref  pybend/core/utils/introspection.py:206
         │  0.001 isinstance  <built-in>
         └─ 0.001 [self]  starlette/_exception_handler.py



========================================================================
GET /products/3  ->  200  (3.7ms)
========================================================================

  _     ._   __/__   _ _  _  _ _/_   Recorded: 12:51:17  Samples:  3
 /_//_/// /_\ / //_// / //_'/ //     Duration: 0.004     CPU time: 0.004
/   _/                      v5.1.2

Profile at /code/pystack/pybend/src/pybend/example/../../pybend/core/tests/profiling/middleware.py:57

0.003 Handle._run  asyncio/events.py:86
├─ 0.002 coro  starlette/middleware/base.py:136
│     [10 frames hidden]  starlette, fastapi
│        0.002 run_endpoint_function  fastapi/routing.py:204
│        └─ 0.002 read_instance  pybend/core/api/routes_fastapi.py:184
│           └─ 0.002 Product.get  pybend/core/models/storable_mixin.py:102
│              └─ 0.002 SQLiteStorage.get  pybend/core/storage/sqlite_storage.py:193
│                 └─ 0.002 SQLiteStorage._populate_fields  pybend/core/storage/sqlite_storage.py:275
│                    ├─ 0.001 get_ref_fields  pybend/core/utils/introspection.py:181
│                    └─ 0.001 [self]  pybend/core/storage/sqlite_storage.py
└─ 0.001 [self]  asyncio/events.py



========================================================================
GET /products/1  ->  200  (7.2ms)
========================================================================

  _     ._   __/__   _ _  _  _ _/_   Recorded: 12:51:17  Samples:  8
 /_//_/// /_\ / //_// / //_'/ //     Duration: 0.007     CPU time: 0.007
/   _/                      v5.1.2

Profile at /code/pystack/pybend/src/pybend/example/../../pybend/core/tests/profiling/middleware.py:57

0.007 Handle._run  asyncio/events.py:86
├─ 0.006 coro  starlette/middleware/base.py:136
│     [21 frames hidden]  starlette, fastapi, dataclasses, <bui...
│        0.003 run_endpoint_function  fastapi/routing.py:204
│        └─ 0.003 read_instance  pybend/core/api/routes_fastapi.py:184
│           └─ 0.003 Product.get  pybend/core/models/storable_mixin.py:102
│              └─ 0.003 SQLiteStorage.get  pybend/core/storage/sqlite_storage.py:193
│                 └─ 0.003 SQLiteStorage._populate_fields  pybend/core/storage/sqlite_storage.py:275
│                    ├─ 0.001 Cursor.fetchall  <built-in>
│                    ├─ 0.001 Cursor.execute  <built-in>
│                    └─ 0.001 SQLiteStorage._populate_fields  pybend/core/storage/sqlite_storage.py:275
│                       └─ 0.001 get_list_fields  pybend/core/utils/introspection.py:138
│                          └─ 0.001 get_origin  typing.py:2310
│                             └─ 0.001 isinstance  <built-in>
└─ 0.001 _SelectorSocketTransport._call_connection_lost  asyncio/selector_events.py:1191
      [4 frames hidden]  asyncio, socket, <built-in>



========================================================================
GET /products/2  ->  200  (7.1ms)
========================================================================

  _     ._   __/__   _ _  _  _ _/_   Recorded: 12:51:17  Samples:  7
 /_//_/// /_\ / //_// / //_'/ //     Duration: 0.007     CPU time: 0.007
/   _/                      v5.1.2

Profile at /code/pystack/pybend/src/pybend/example/../../pybend/core/tests/profiling/middleware.py:57

0.007 Handle._run  asyncio/events.py:86
├─ 0.006 coro  starlette/middleware/base.py:136
│     [19 frames hidden]  starlette, fastapi, dataclasses
│        0.004 run_endpoint_function  fastapi/routing.py:204
│        └─ 0.004 read_instance  pybend/core/api/routes_fastapi.py:184
│           └─ 0.004 Product.get  pybend/core/models/storable_mixin.py:102
│              └─ 0.004 SQLiteStorage.get  pybend/core/storage/sqlite_storage.py:193
│                 ├─ 0.003 SQLiteStorage._populate_fields  pybend/core/storage/sqlite_storage.py:275
│                 │  ├─ 0.002 SQLiteStorage._populate_fields  pybend/core/storage/sqlite_storage.py:275
│                 │  │  ├─ 0.001 [self]  pybend/core/storage/sqlite_storage.py
│                 │  │  └─ 0.001 dict.get  <built-in>
│                 │  └─ 0.001 Cursor.execute  <built-in>
│                 └─ 0.001 Product.__init__  pybend/core/models/proto_model.py:96
│                    └─ 0.001 ModelMetaclass.__instancecheck__  pydantic/_internal/_model_construction.py:248
│                       └─ 0.001 hasattr  <built-in>
└─ 0.001 RequestResponseCycle.run_asgi  uvicorn/protocols/http/h11_impl.py:401
      [3 frames hidden]  uvicorn, fastapi, starlette
         0.001 ServerErrorMiddleware.__call__  starlette/middleware/errors.py:150
         └─ 0.001 ProfilingMiddleware.__call__  pybend/core/tests/profiling/middleware.py:35
            └─ 0.001 JWTAuthMiddleware.__call__  starlette/middleware/base.py:98
               └─ 0.001 _StreamingResponse.__call__  starlette/middleware/base.py:205
                  └─ 0.001 send_wrapper  pybend/core/tests/profiling/middleware.py:48
                     └─ 0.001 _send  starlette/middleware/errors.py:157
                           [4 frames hidden]  uvicorn, asyncio



========================================================================
GET /products/3  ->  200  (7.3ms)
========================================================================

  _     ._   __/__   _ _  _  _ _/_   Recorded: 12:51:17  Samples:  7
 /_//_/// /_\ / //_// / //_'/ //     Duration: 0.007     CPU time: 0.007
/   _/                      v5.1.2

Profile at /code/pystack/pybend/src/pybend/example/../../pybend/core/tests/profiling/middleware.py:57

0.006 Handle._run  asyncio/events.py:86
├─ 0.006 coro  starlette/middleware/base.py:136
│     [25 frames hidden]  starlette, fastapi, <built-in>, json
│        0.003 run_endpoint_function  fastapi/routing.py:204
│        └─ 0.003 read_instance  pybend/core/api/routes_fastapi.py:184
│           └─ 0.003 Product.get  pybend/core/models/storable_mixin.py:102
│              └─ 0.003 SQLiteStorage.get  pybend/core/storage/sqlite_storage.py:193
│                 └─ 0.003 SQLiteStorage._populate_fields  pybend/core/storage/sqlite_storage.py:275
│                    ├─ 0.001 Cursor.fetchall  <built-in>
│                    ├─ 0.001 get_list_fields  pybend/core/utils/introspection.py:138
│                    │  └─ 0.001 _unwrap_listref  pybend/core/utils/introspection.py:121
│                    │     └─ 0.001 _GenericAlias.__getattr__  typing.py:1178
│                    └─ 0.001 SQLiteStorage._populate_fields  pybend/core/storage/sqlite_storage.py:275
│                       └─ 0.001 get_list_fields  pybend/core/utils/introspection.py:138
│                          └─ 0.001 _unwrap_listref  pybend/core/utils/introspection.py:121
└─ 0.000 RequestResponseCycle.run_asgi  uvicorn/protocols/http/h11_impl.py:401



========================================================================
GET /users/1  ->  200  (1.7ms)
========================================================================

  _     ._   __/__   _ _  _  _ _/_   Recorded: 12:51:17  Samples:  2
 /_//_/// /_\ / //_// / //_'/ //     Duration: 0.002     CPU time: 0.002
/   _/                      v5.1.2

Profile at /code/pystack/pybend/src/pybend/example/../../pybend/core/tests/profiling/middleware.py:57

0.002 Handle._run  asyncio/events.py:86
├─ 0.001 RequestResponseCycle.run_asgi  uvicorn/protocols/http/h11_impl.py:401
│     [3 frames hidden]  uvicorn, fastapi, starlette
│        0.001 ServerErrorMiddleware.__call__  starlette/middleware/errors.py:150
│        └─ 0.001 ProfilingMiddleware.__call__  pybend/core/tests/profiling/middleware.py:35
└─ 0.001 coro  starlette/middleware/base.py:136
      [10 frames hidden]  starlette, fastapi
         0.001 run_endpoint_function  fastapi/routing.py:204
         └─ 0.001 read_instance  pybend/core/api/routes_fastapi.py:184
            └─ 0.001 User.get  pybend/core/models/storable_mixin.py:102
               └─ 0.001 SQLiteStorage.get  pybend/core/storage/sqlite_storage.py:193
                  └─ 0.001 Cursor.execute  <built-in>



========================================================================
GET /products/1/comments  ->  200  (36.8ms)
========================================================================

  _     ._   __/__   _ _  _  _ _/_   Recorded: 12:51:17  Samples:  37
 /_//_/// /_\ / //_// / //_'/ //     Duration: 0.037     CPU time: 0.037
/   _/                      v5.1.2

Profile at /code/pystack/pybend/src/pybend/example/../../pybend/core/tests/profiling/middleware.py:57

0.036 Handle._run  asyncio/events.py:86
├─ 0.035 coro  starlette/middleware/base.py:136
│     [18 frames hidden]  starlette, fastapi, <built-in>
│        0.034 run_endpoint_function  fastapi/routing.py:204
│        └─ 0.034 list_all_instances  pybend/core/api/routes_fastapi.py:93
│           └─ 0.034 ProductComment.list  pybend/core/models/storable_mixin.py:91
│              └─ 0.034 SQLiteStorage.list  pybend/core/storage/sqlite_storage.py:85
│                 ├─ 0.014 Cursor.execute  <built-in>
│                 ├─ 0.010 Cursor.fetchall  <built-in>
│                 ├─ 0.005 [self]  pybend/core/storage/sqlite_storage.py
│                 └─ 0.005 ProductComment.__init__  pybend/core/models/proto_model.py:96
│                    ├─ 0.002 SchemaValidator.validate_python  <built-in>
│                    ├─ 0.002 Mapping.__instancecheck__  <frozen abc>:117
│                    │     [2 frames hidden]  <frozen abc>, <built-in>
│                    └─ 0.001 [self]  pybend/core/models/proto_model.py
└─ 0.001 RequestResponseCycle.run_asgi  uvicorn/protocols/http/h11_impl.py:401
      [3 frames hidden]  uvicorn, fastapi, starlette
         0.001 ServerErrorMiddleware.__call__  starlette/middleware/errors.py:150
         └─ 0.001 ProfilingMiddleware.__call__  pybend/core/tests/profiling/middleware.py:35
            └─ 0.001 JWTAuthMiddleware.__call__  starlette/middleware/base.py:98
               └─ 0.001 _StreamingResponse.__call__  starlette/middleware/base.py:205
                  └─ 0.001 send_wrapper  pybend/core/tests/profiling/middleware.py:48
                     └─ 0.001 _send  starlette/middleware/errors.py:157
                           [6 frames hidden]  uvicorn, h11



========================================================================
GET /products/2/comments  ->  200  (36.7ms)
========================================================================

  _     ._   __/__   _ _  _  _ _/_   Recorded: 12:51:17  Samples:  37
 /_//_/// /_\ / //_// / //_'/ //     Duration: 0.037     CPU time: 0.037
/   _/                      v5.1.2

Profile at /code/pystack/pybend/src/pybend/example/../../pybend/core/tests/profiling/middleware.py:57

0.036 Handle._run  asyncio/events.py:86
├─ 0.035 coro  starlette/middleware/base.py:136
│     [16 frames hidden]  starlette, fastapi, dataclasses, <bui...
│        0.034 run_endpoint_function  fastapi/routing.py:204
│        └─ 0.034 list_all_instances  pybend/core/api/routes_fastapi.py:93
│           └─ 0.034 ProductComment.list  pybend/core/models/storable_mixin.py:91
│              └─ 0.034 SQLiteStorage.list  pybend/core/storage/sqlite_storage.py:85
│                 ├─ 0.017 Cursor.execute  <built-in>
│                 ├─ 0.009 Cursor.fetchall  <built-in>
│                 ├─ 0.003 ProductComment.__init__  pybend/core/models/proto_model.py:96
│                 │  ├─ 0.002 [self]  pybend/core/models/proto_model.py
│                 │  └─ 0.001 ModelMetaclass.__instancecheck__  pydantic/_internal/_model_construction.py:248
│                 ├─ 0.003 [self]  pybend/core/storage/sqlite_storage.py
│                 ├─ 0.001 _validate_identifier  pybend/core/storage/sqlite_storage.py:20
│                 │  └─ 0.001 match  re/__init__.py:164
│                 └─ 0.001 dict.items  <built-in>
└─ 0.001 RequestResponseCycle.run_asgi  uvicorn/protocols/http/h11_impl.py:401
      [3 frames hidden]  uvicorn, fastapi, starlette
         0.001 ServerErrorMiddleware.__call__  starlette/middleware/errors.py:150
         └─ 0.001 ProfilingMiddleware.__call__  pybend/core/tests/profiling/middleware.py:35
            └─ 0.001 JWTAuthMiddleware.__call__  starlette/middleware/base.py:98
               └─ 0.001 _StreamingResponse.__call__  starlette/middleware/base.py:205
                  └─ 0.001 send_wrapper  pybend/core/tests/profiling/middleware.py:48



========================================================================
GET /products/1/favorites  ->  200  (3.9ms)
========================================================================

  _     ._   __/__   _ _  _  _ _/_   Recorded: 12:51:17  Samples:  4
 /_//_/// /_\ / //_// / //_'/ //     Duration: 0.004     CPU time: 0.004
/   _/                      v5.1.2

Profile at /code/pystack/pybend/src/pybend/example/../../pybend/core/tests/profiling/middleware.py:57

0.003 Handle._run  asyncio/events.py:86
├─ 0.002 coro  starlette/middleware/base.py:136
│     [11 frames hidden]  starlette, fastapi
│        0.002 run_endpoint_function  fastapi/routing.py:204
│        └─ 0.002 list_all_instances  pybend/core/api/routes_fastapi.py:93
│           └─ 0.002 ProductLike.list  pybend/core/models/storable_mixin.py:91
│              └─ 0.002 SQLiteStorage.list  pybend/core/storage/sqlite_storage.py:85
│                 └─ 0.002 ProductLike.__init__  pybend/core/models/proto_model.py:96
│                    ├─ 0.001 ProductLike.__setattr__  pydantic/main.py:813
│                    └─ 0.001 SchemaValidator.validate_python  <built-in>
└─ 0.001 RequestResponseCycle.run_asgi  uvicorn/protocols/http/h11_impl.py:401
      [3 frames hidden]  uvicorn, fastapi, starlette
         0.001 ServerErrorMiddleware.__call__  starlette/middleware/errors.py:150
         └─ 0.001 ProfilingMiddleware.__call__  pybend/core/tests/profiling/middleware.py:35
            └─ 0.001 JWTAuthMiddleware.__call__  starlette/middleware/base.py:98
               └─ 0.001 _StreamingResponse.__call__  starlette/middleware/base.py:205
                  └─ 0.001 send_wrapper  pybend/core/tests/profiling/middleware.py:48
                     └─ 0.001 _send  starlette/middleware/errors.py:157
                           [2 frames hidden]  uvicorn, asyncio
                              0.001 socket.send  <built-in>



========================================================================
GET /products/2/favorites  ->  200  (3.8ms)
========================================================================

  _     ._   __/__   _ _  _  _ _/_   Recorded: 12:51:17  Samples:  4
 /_//_/// /_\ / //_// / //_'/ //     Duration: 0.004     CPU time: 0.004
/   _/                      v5.1.2

Profile at /code/pystack/pybend/src/pybend/example/../../pybend/core/tests/profiling/middleware.py:57

0.004 Handle._run  asyncio/events.py:86
└─ 0.004 coro  starlette/middleware/base.py:136
      [10 frames hidden]  starlette, fastapi
         0.003 run_endpoint_function  fastapi/routing.py:204
         └─ 0.003 list_all_instances  pybend/core/api/routes_fastapi.py:93
            └─ 0.003 ProductLike.list  pybend/core/models/storable_mixin.py:91
               └─ 0.003 SQLiteStorage.list  pybend/core/storage/sqlite_storage.py:85
                  ├─ 0.001 ProductLike.__init__  pybend/core/models/proto_model.py:96
                  ├─ 0.001 getattr  <built-in>
                  └─ 0.001 Cursor.execute  <built-in>
         0.001 [self]  starlette/middleware/base.py



========================================================================
POST /users/login  ->  200  (193.5ms)
========================================================================

  _     ._   __/__   _ _  _  _ _/_   Recorded: 12:51:17  Samples:  4
 /_//_/// /_\ / //_// / //_'/ //     Duration: 0.194     CPU time: 0.193
/   _/                      v5.1.2

Profile at /code/pystack/pybend/src/pybend/example/../../pybend/core/tests/profiling/middleware.py:57

0.193 Handle._run  asyncio/events.py:86
└─ 0.192 coro  starlette/middleware/base.py:136
      [10 frames hidden]  starlette, fastapi
         0.192 run_endpoint_function  fastapi/routing.py:204
         └─ 0.192 post_no_id  pybend/core/api/routes_fastapi.py:336
            └─ 0.192 User.login  pybend/core/models/base_user.py:74
               └─ 0.192 verify_password  pybend/core/authorize/auth.py:42
                  └─ 0.192 checkpw  <built-in>



========================================================================
POST /products  ->  201  (14.9ms)
========================================================================

  _     ._   __/__   _ _  _  _ _/_   Recorded: 12:51:17  Samples:  8
 /_//_/// /_\ / //_// / //_'/ //     Duration: 0.015     CPU time: 0.007
/   _/                      v5.1.2

Profile at /code/pystack/pybend/src/pybend/example/../../pybend/core/tests/profiling/middleware.py:57

0.014 Handle._run  asyncio/events.py:86
└─ 0.014 coro  starlette/middleware/base.py:136
      [48 frames hidden]  starlette, fastapi, <string>, pydanti...
         0.009 run_endpoint_function  fastapi/routing.py:204
         └─ 0.009 create_instance  pybend/core/api/routes_fastapi.py:60
            └─ 0.009 Product.create  pybend/core/models/storable_mixin.py:63
               └─ 0.009 SQLiteStorage.create  pybend/core/storage/sqlite_storage.py:53
                  └─ 0.009 Connection.commit  <built-in>



========================================================================
POST /products  ->  201  (11.5ms)
========================================================================

  _     ._   __/__   _ _  _  _ _/_   Recorded: 12:51:17  Samples:  3
 /_//_/// /_\ / //_// / //_'/ //     Duration: 0.012     CPU time: 0.004
/   _/                      v5.1.2

Profile at /code/pystack/pybend/src/pybend/example/../../pybend/core/tests/profiling/middleware.py:57

0.011 Handle._run  asyncio/events.py:86
├─ 0.010 coro  starlette/middleware/base.py:136
│     [16 frames hidden]  starlette, fastapi, anyio
│        0.009 run_endpoint_function  fastapi/routing.py:204
│        └─ 0.009 create_instance  pybend/core/api/routes_fastapi.py:60
│           └─ 0.009 Product.create  pybend/core/models/storable_mixin.py:63
│              └─ 0.009 SQLiteStorage.create  pybend/core/storage/sqlite_storage.py:53
│                 └─ 0.009 Connection.commit  <built-in>
└─ 0.001 [self]  asyncio/events.py



========================================================================
POST /products  ->  201  (11.8ms)
========================================================================

  _     ._   __/__   _ _  _  _ _/_   Recorded: 12:51:17  Samples:  5
 /_//_/// /_\ / //_// / //_'/ //     Duration: 0.012     CPU time: 0.004
/   _/                      v5.1.2

Profile at /code/pystack/pybend/src/pybend/example/../../pybend/core/tests/profiling/middleware.py:57

0.011 Handle._run  asyncio/events.py:86
├─ 0.009 coro  starlette/middleware/base.py:136
│     [10 frames hidden]  starlette, fastapi
│        0.009 run_endpoint_function  fastapi/routing.py:204
│        └─ 0.009 create_instance  pybend/core/api/routes_fastapi.py:60
│           └─ 0.009 Product.create  pybend/core/models/storable_mixin.py:63
│              └─ 0.009 SQLiteStorage.create  pybend/core/storage/sqlite_storage.py:53
│                 ├─ 0.008 Connection.commit  <built-in>
│                 └─ 0.001 Cursor.execute  <built-in>
├─ 0.001 TaskGroup.__aexit__  anyio/_backends/_asyncio.py:735
│  └─ 0.001 [await]  anyio/_backends/_asyncio.py
└─ 0.001 RequestResponseCycle.run_asgi  uvicorn/protocols/http/h11_impl.py:401
      [3 frames hidden]  uvicorn, fastapi, starlette
         0.001 ServerErrorMiddleware.__call__  starlette/middleware/errors.py:150
         └─ 0.001 ProfilingMiddleware.__call__  pybend/core/tests/profiling/middleware.py:35
            └─ 0.001 JWTAuthMiddleware.__call__  starlette/middleware/base.py:98
               └─ 0.001 _StreamingResponse.__call__  starlette/middleware/base.py:205
                  └─ 0.001 send_wrapper  pybend/core/tests/profiling/middleware.py:48
                     └─ 0.001 _send  starlette/middleware/errors.py:157
                           [4 frames hidden]  uvicorn, h11



========================================================================
POST /products/1/comment  ->  200  (11.7ms)
========================================================================

  _     ._   __/__   _ _  _  _ _/_   Recorded: 12:51:17  Samples:  4
 /_//_/// /_\ / //_// / //_'/ //     Duration: 0.012     CPU time: 0.004
/   _/                      v5.1.2

Profile at /code/pystack/pybend/src/pybend/example/../../pybend/core/tests/profiling/middleware.py:57

0.011 Handle._run  asyncio/events.py:86
├─ 0.010 coro  starlette/middleware/base.py:136
│     [13 frames hidden]  starlette, fastapi
│        0.009 run_endpoint_function  fastapi/routing.py:204
│        └─ 0.009 post_with_id  pybend/core/api/routes_fastapi.py:300
│           └─ 0.009 Product.comment  models/product.py:62
│              └─ 0.009 Comment.save  pybend/core/models/storable_mixin.py:36
│                 └─ 0.009 Comment.create  pybend/core/models/storable_mixin.py:63
│                    └─ 0.009 ProductComment.create  pybend/core/models/storable_mixin.py:63
│                       └─ 0.009 SQLiteStorage.create  pybend/core/storage/sqlite_storage.py:53
│                          ├─ 0.008 Connection.commit  <built-in>
│                          └─ 0.001 Cursor.execute  <built-in>
└─ 0.001 RequestResponseCycle.run_asgi  uvicorn/protocols/http/h11_impl.py:401
      [3 frames hidden]  uvicorn, fastapi, starlette
         0.001 ServerErrorMiddleware.__call__  starlette/middleware/errors.py:150
         └─ 0.001 ProfilingMiddleware.__call__  pybend/core/tests/profiling/middleware.py:35



========================================================================
POST /products/2/comment  ->  200  (11.6ms)
========================================================================

  _     ._   __/__   _ _  _  _ _/_   Recorded: 12:51:17  Samples:  4
 /_//_/// /_\ / //_// / //_'/ //     Duration: 0.012     CPU time: 0.004
/   _/                      v5.1.2

Profile at /code/pystack/pybend/src/pybend/example/../../pybend/core/tests/profiling/middleware.py:57

0.011 Handle._run  asyncio/events.py:86
├─ 0.010 coro  starlette/middleware/base.py:136
│     [10 frames hidden]  starlette, fastapi
│        0.010 run_endpoint_function  fastapi/routing.py:204
│        └─ 0.010 post_with_id  pybend/core/api/routes_fastapi.py:300
│           ├─ 0.009 Product.comment  models/product.py:62
│           │  └─ 0.009 Comment.save  pybend/core/models/storable_mixin.py:36
│           │     └─ 0.009 Comment.create  pybend/core/models/storable_mixin.py:63
│           │        └─ 0.009 ProductComment.create  pybend/core/models/storable_mixin.py:63
│           │           └─ 0.009 SQLiteStorage.create  pybend/core/storage/sqlite_storage.py:53
│           │              └─ 0.009 Connection.commit  <built-in>
│           └─ 0.001 _resolve_user  pybend/core/api/routes_fastapi.py:256
│              └─ 0.001 User.get  pybend/core/models/storable_mixin.py:102
│                 └─ 0.001 SQLiteStorage.get  pybend/core/storage/sqlite_storage.py:193
│                    └─ 0.001 Cursor.execute  <built-in>
├─ 0.001 _UnixSelectorEventLoop._read_from_self  asyncio/selector_events.py:129
│  └─ 0.001 socket.recv  <built-in>
└─ 0.000 RequestResponseCycle.run_asgi  uvicorn/protocols/http/h11_impl.py:401
      [3 frames hidden]  uvicorn, fastapi, starlette
         0.000 ServerErrorMiddleware.__call__  starlette/middleware/errors.py:150
         └─ 0.000 ProfilingMiddleware.__call__  pybend/core/tests/profiling/middleware.py:35
            └─ 0.000 JWTAuthMiddleware.__call__  starlette/middleware/base.py:98
               └─ 0.000 JWTAuthMiddleware.dispatch  pybend/core/api/backend.py:92
                  └─ 0.000 call_next  starlette/middleware/base.py:109
                        [3 frames hidden]  anyio, asyncio



========================================================================
POST /products/1/favorite  ->  200  (11.6ms)
========================================================================

  _     ._   __/__   _ _  _  _ _/_   Recorded: 12:51:17  Samples:  5
 /_//_/// /_\ / //_// / //_'/ //     Duration: 0.012     CPU time: 0.004
/   _/                      v5.1.2

Profile at /code/pystack/pybend/src/pybend/example/../../pybend/core/tests/profiling/middleware.py:57

0.011 Handle._run  asyncio/events.py:86
├─ 0.010 coro  starlette/middleware/base.py:136
│     [23 frames hidden]  starlette, fastapi, asyncio
│        0.010 run_endpoint_function  fastapi/routing.py:204
│        └─ 0.010 post_with_id  pybend/core/api/routes_fastapi.py:300
│           ├─ 0.009 Product.favorite  models/product.py:72
│           │  └─ 0.009 ProductLike.delete  pybend/core/models/storable_mixin.py:125
│           │     └─ 0.009 SQLiteStorage.delete  pybend/core/storage/sqlite_storage.py:528
│           │        └─ 0.009 Connection.commit  <built-in>
│           └─ 0.001 Product.get  pybend/core/models/storable_mixin.py:102
│              └─ 0.001 SQLiteStorage.get  pybend/core/storage/sqlite_storage.py:193
│                 └─ 0.001 Cursor.execute  <built-in>
└─ 0.001 _SelectorSocketTransport._call_connection_lost  asyncio/selector_events.py:1191
      [4 frames hidden]  asyncio, socket, <built-in>



========================================================================
POST /products/2/favorite  ->  200  (11.3ms)
========================================================================

  _     ._   __/__   _ _  _  _ _/_   Recorded: 12:51:17  Samples:  4
 /_//_/// /_\ / //_// / //_'/ //     Duration: 0.011     CPU time: 0.003
/   _/                      v5.1.2

Profile at /code/pystack/pybend/src/pybend/example/../../pybend/core/tests/profiling/middleware.py:57

0.010 Handle._run  asyncio/events.py:86
├─ 0.010 coro  starlette/middleware/base.py:136
│     [17 frames hidden]  starlette, fastapi, uvicorn
│        0.010 run_endpoint_function  fastapi/routing.py:204
│        └─ 0.010 post_with_id  pybend/core/api/routes_fastapi.py:300
│           ├─ 0.009 Product.favorite  models/product.py:72
│           │  └─ 0.009 Like.save  pybend/core/models/storable_mixin.py:36
│           │     └─ 0.009 Like.create  pybend/core/models/storable_mixin.py:63
│           │        └─ 0.009 ProductLike.create  pybend/core/models/storable_mixin.py:63
│           │           └─ 0.009 SQLiteStorage.create  pybend/core/storage/sqlite_storage.py:53
│           │              └─ 0.009 Connection.commit  <built-in>
│           └─ 0.001 _resolve_user  pybend/core/api/routes_fastapi.py:256
│              └─ 0.001 User.get  pybend/core/models/storable_mixin.py:102
│                 └─ 0.001 SQLiteStorage.get  pybend/core/storage/sqlite_storage.py:193
│                    └─ 0.001 Cursor.execute  <built-in>
└─ 0.000 [self]  asyncio/events.py



========================================================================
POST /products/3/favorite  ->  200  (11.1ms)
========================================================================

  _     ._   __/__   _ _  _  _ _/_   Recorded: 12:51:17  Samples:  4
 /_//_/// /_\ / //_// / //_'/ //     Duration: 0.011     CPU time: 0.003
/   _/                      v5.1.2

Profile at /code/pystack/pybend/src/pybend/example/../../pybend/core/tests/profiling/middleware.py:57

0.010 Handle._run  asyncio/events.py:86
├─ 0.010 coro  starlette/middleware/base.py:136
│     [10 frames hidden]  starlette, fastapi
│        0.010 run_endpoint_function  fastapi/routing.py:204
│        └─ 0.010 post_with_id  pybend/core/api/routes_fastapi.py:300
│           ├─ 0.009 Product.favorite  models/product.py:72
│           │  └─ 0.009 Like.save  pybend/core/models/storable_mixin.py:36
│           │     └─ 0.009 Like.create  pybend/core/models/storable_mixin.py:63
│           │        └─ 0.009 ProductLike.create  pybend/core/models/storable_mixin.py:63
│           │           └─ 0.009 SQLiteStorage.create  pybend/core/storage/sqlite_storage.py:53
│           │              └─ 0.009 Connection.commit  <built-in>
│           └─ 0.001 Product.get  pybend/core/models/storable_mixin.py:102
│              └─ 0.001 SQLiteStorage.get  pybend/core/storage/sqlite_storage.py:193
│                 └─ 0.001 Connection.close  <built-in>
├─ 0.000 [self]  asyncio/events.py
└─ 0.000 RequestResponseCycle.run_asgi  uvicorn/protocols/http/h11_impl.py:401
      [3 frames hidden]  uvicorn, fastapi, starlette
         0.000 ServerErrorMiddleware.__call__  starlette/middleware/errors.py:150
         └─ 0.000 ProfilingMiddleware.__call__  pybend/core/tests/profiling/middleware.py:35
            └─ 0.000 JWTAuthMiddleware.__call__  starlette/middleware/base.py:98
               └─ 0.000 JWTAuthMiddleware.dispatch  pybend/core/api/backend.py:92
                  └─ 0.000 call_next  starlette/middleware/base.py:109
                        [4 frames hidden]  anyio, asyncio


########################################################################
# API Profiling: baseline
# 2026-02-25 12:51:18
########################################################################

Tier        Records Ops    Errors      Total ms     Avg ms
-------------------------------------------------------
empty             0 14     -               83.2        5.9
small            36 37     -              436.8       11.8
medium          197 37     -              520.0       14.1
large           433 37     -              569.4       15.4
full           2042 37     -              812.2       21.9
-------------------------------------------------------
TOTAL               162    -             2421.6

--- Tier: empty (14 operations, 0 records) ---
Operation                                Method Status         ms
----------------------------------------------------------------
schema_Product_cold                      GET    200         29.96
schema_Product_warm                      GET    200          7.21
schema_Product_warm2                     GET    200          6.80
schema_User_cold                         GET    200          8.28
schema_User_warm                         GET    200          4.97
schema_User_warm2                        GET    200          3.76
list_products_d0_limit_10                GET    200          3.53
list_products_d0_limit_25                GET    200          2.52
list_products_d1_limit_10                GET    200          3.23
list_products_d1_limit_25                GET    200          2.18
list_products_d2_limit_10                GET    200          2.66
list_products_d2_limit_25                GET    200          2.47
list_products_all                        GET    200          3.08
list_users                               GET    200          2.52
----------------------------------------------------------------
TOTAL                                                       83.17

--- Tier: small (37 operations, 36 records) ---
Operation                                Method Status         ms
----------------------------------------------------------------
schema_Product_cold                      GET    200          5.57
schema_Product_warm                      GET    200          6.59
schema_Product_warm2                     GET    200          6.96
schema_User_cold                         GET    200         10.83
schema_User_warm                         GET    200          8.20
schema_User_warm2                        GET    200          4.22
list_products_d0_limit_10                GET    200          3.76
list_products_d0_limit_25                GET    200          3.99
list_products_d1_limit_10                GET    200          6.14
list_products_d1_limit_25                GET    200          6.33
list_products_d2_limit_10                GET    200          9.66
list_products_d2_limit_25                GET    200          9.08
list_products_all                        GET    200          4.59
list_users                               GET    200          3.13
get_product_1_d0                         GET    200          1.93
get_product_2_d0                         GET    200          2.20
get_product_3_d0                         GET    200          2.58
get_product_1_d1                         GET    200          3.23
get_product_2_d1                         GET    200          3.48
get_product_3_d1                         GET    200          3.33
get_product_1_d2                         GET    200          4.52
get_product_2_d2                         GET    200          4.16
get_product_3_d2                         GET    200          4.76
get_user_1                               GET    200          2.90
get_product_1_comments                   GET    200          3.19
get_product_2_comments                   GET    200          3.40
get_product_1_favorites                  GET    200          3.12
get_product_2_favorites                  GET    200          2.58
login                                    POST   200        185.45
create_product_1                         POST   201         23.42
create_product_2                         POST   201         13.28
create_product_3                         POST   201         12.83
comment_on_product_1                     POST   200         13.31
comment_on_product_2                     POST   200         12.93
favorite_product_1                       POST   200         13.10
favorite_product_2                       POST   200         13.74
favorite_product_3                       POST   200         14.34
----------------------------------------------------------------
TOTAL                                                      436.83

--- Tier: medium (37 operations, 197 records) ---
Operation                                Method Status         ms
----------------------------------------------------------------
schema_Product_cold                      GET    200          8.02
schema_Product_warm                      GET    200          6.84
schema_Product_warm2                     GET    200          6.97
schema_User_cold                         GET    200          8.17
schema_User_warm                         GET    200          6.70
schema_User_warm2                        GET    200          4.20
list_products_d0_limit_10                GET    200          4.24
list_products_d0_limit_25                GET    200          4.81
list_products_d1_limit_10                GET    200         13.59
list_products_d1_limit_25                GET    200         14.87
list_products_d2_limit_10                GET    200         26.42
list_products_d2_limit_25                GET    200         32.28
list_products_all                        GET    200          8.08
list_users                               GET    200          3.46
get_product_1_d0                         GET    200          2.83
get_product_2_d0                         GET    200          2.51
get_product_3_d0                         GET    200          2.73
get_product_1_d1                         GET    200          3.85
get_product_2_d1                         GET    200          4.78
get_product_3_d1                         GET    200          4.92
get_product_1_d2                         GET    200          6.08
get_product_2_d2                         GET    200          5.96
get_product_3_d2                         GET    200          5.99
get_user_1                               GET    200          3.21
get_product_1_comments                   GET    200          5.14
get_product_2_comments                   GET    200          6.05
get_product_1_favorites                  GET    200          3.48
get_product_2_favorites                  GET    200          2.93
login                                    POST   200        187.15
create_product_1                         POST   201         23.71
create_product_2                         POST   201         15.37
create_product_3                         POST   201         13.92
comment_on_product_1                     POST   200         15.00
comment_on_product_2                     POST   200         14.44
favorite_product_1                       POST   200         13.62
favorite_product_2                       POST   200         13.80
favorite_product_3                       POST   200         13.89
----------------------------------------------------------------
TOTAL                                                      520.01

--- Tier: large (37 operations, 433 records) ---
Operation                                Method Status         ms
----------------------------------------------------------------
schema_Product_cold                      GET    200          5.75
schema_Product_warm                      GET    200          7.04
schema_Product_warm2                     GET    200          6.33
schema_User_cold                         GET    200          7.41
schema_User_warm                         GET    200          6.05
schema_User_warm2                        GET    200          3.22
list_products_d0_limit_10                GET    200          4.56
list_products_d0_limit_25                GET    200          6.73
list_products_d1_limit_10                GET    200         13.68
list_products_d1_limit_25                GET    200         28.92
list_products_d2_limit_10                GET    200         27.22
list_products_d2_limit_25                GET    200         58.96
list_products_all                        GET    200         10.56
list_users                               GET    200          3.70
get_product_1_d0                         GET    200          3.07
get_product_2_d0                         GET    200          2.79
get_product_3_d0                         GET    200          2.90
get_product_1_d1                         GET    200          4.20
get_product_2_d1                         GET    200          4.78
get_product_3_d1                         GET    200          4.16
get_product_1_d2                         GET    200          5.72
get_product_2_d2                         GET    200          6.14
get_product_3_d2                         GET    200          6.04
get_user_1                               GET    200          3.30
get_product_1_comments                   GET    200          6.96
get_product_2_comments                   GET    200          7.26
get_product_1_favorites                  GET    200          3.96
get_product_2_favorites                  GET    200          4.43
login                                    POST   200        190.86
create_product_1                         POST   201         24.32
create_product_2                         POST   201         18.80
create_product_3                         POST   201         13.25
comment_on_product_1                     POST   200         13.48
comment_on_product_2                     POST   200         13.04
favorite_product_1                       POST   200         13.65
favorite_product_2                       POST   200         13.09
favorite_product_3                       POST   200         13.04
----------------------------------------------------------------
TOTAL                                                      569.37

--- Tier: full (37 operations, 2042 records) ---
Operation                                Method Status         ms
----------------------------------------------------------------
schema_Product_cold                      GET    200          5.74
schema_Product_warm                      GET    200          6.25
schema_Product_warm2                     GET    200          6.66
schema_User_cold                         GET    200          8.05
schema_User_warm                         GET    200          6.03
schema_User_warm2                        GET    200          3.32
list_products_d0_limit_10                GET    200          4.96
list_products_d0_limit_25                GET    200          6.78
list_products_d1_limit_10                GET    200         27.22
list_products_d1_limit_25                GET    200         62.70
list_products_d2_limit_10                GET    200         58.26
list_products_d2_limit_25                GET    200        134.54
list_products_all                        GET    200         17.53
list_users                               GET    200          4.80
get_product_1_d0                         GET    200          3.68
get_product_2_d0                         GET    200          3.44
get_product_3_d0                         GET    200          2.66
get_product_1_d1                         GET    200          5.29
get_product_2_d1                         GET    200          6.08
get_product_3_d1                         GET    200          5.30
get_product_1_d2                         GET    200          8.26
get_product_2_d2                         GET    200          9.18
get_product_3_d2                         GET    200          9.73
get_user_1                               GET    200          3.87
get_product_1_comments                   GET    200         38.34
get_product_2_comments                   GET    200         40.16
get_product_1_favorites                  GET    200          6.79
get_product_2_favorites                  GET    200          5.69
login                                    POST   200        194.87
create_product_1                         POST   201         15.82
create_product_2                         POST   201         17.34
create_product_3                         POST   201         14.17
comment_on_product_1                     POST   200         13.77
comment_on_product_2                     POST   200         14.07
favorite_product_1                       POST   200         14.20
favorite_product_2                       POST   200         13.76
favorite_product_3                       POST   200         12.92
----------------------------------------------------------------
TOTAL                                                      812.23


========================================================================
GET /Product  ->  200  (35.0ms)
========================================================================

  _     ._   __/__   _ _  _  _ _/_   Recorded: 15:15:51  Samples:  28
 /_//_/// /_\ / //_// / //_'/ //     Duration: 0.035     CPU time: 0.027
/   _/                      v5.1.2

Profile at /code/pystack/pybend/src/pybend/example/../../pybend/core/tests/profiling/middleware.py:57

0.034 Handle._run  asyncio/events.py:86
├─ 0.022 coro  starlette/middleware/base.py:136
│     [18 frames hidden]  starlette, fastapi
│        0.020 run_endpoint_function  fastapi/routing.py:204
│        └─ 0.020 get_model_schema  pybend/core/api/routes_fastapi.py:169
│           └─ 0.020 Product.schema  pybend/core/models/proto_model.py:198
│              ├─ 0.019 Product.run_pipeline  pybend/core/models/proto_schema.py:105
│              │  ├─ 0.010 Product.defs  pybend/core/models/proto_schema.py:173
│              │  │  ├─ 0.007 Product.referenced_json_schema  pybend/core/models/proto_model.py:215
│              │  │  │  └─ 0.007 Product.model_json_schema  pydantic/main.py:413
│              │  │  │        [13 frames hidden]  pydantic
│              │  │  │           0.003 new_handler_func  pydantic/json_schema.py:520
│              │  │  │           └─ 0.003 Product.__get_pydantic_json_schema__  pybend/core/models/proto_model.py:237
│              │  │  │              └─ 0.003 Product.__get_pydantic_json_schema__  pydantic/main.py:628
│              │  │  │                    [45 frames hidden]  pydantic, <built-in>
│              │  │  │                       0.001 new_handler_func  pydantic/json_schema.py:520
│              │  │  │                       └─ 0.001 Comment.__get_pydantic_json_schema__  pybend/core/models/proto_model.py:237
│              │  │  │                          └─ 0.001 Comment.__get_pydantic_json_schema__  pydantic/main.py:628
│              │  │  │                                [29 frames hidden]  pydantic, <built-in>
│              │  │  │           0.003 new_handler_func  pydantic/json_schema.py:520
│              │  │  │           └─ 0.003 Comment.__get_pydantic_json_schema__  pybend/core/models/proto_model.py:237
│              │  │  │              └─ 0.003 Comment.__get_pydantic_json_schema__  pydantic/main.py:628
│              │  │  │                    [30 frames hidden]  pydantic, <built-in>
│              │  │  ├─ 0.002 Product.__pybend_methods_json_signature__  pybend/core/models/proto_model.py:140
│              │  │  │  ├─ 0.001 get_type_hints  typing.py:2186
│              │  │  │  │     [2 frames hidden]  typing, <built-in>
│              │  │  │  └─ 0.001 hasattr  <built-in>
│              │  │  └─ 0.001 collect_all_referenced_models  pybend/core/utils/introspection.py:63
│              │  │     └─ 0.001 collect_all_referenced_models  pybend/core/utils/introspection.py:63
│              │  │        └─ 0.001 Comment.__pybend_methods_json_signature__  pybend/core/models/proto_model.py:140
│              │  │           └─ 0.001 get_type_hints  typing.py:2186
│              │  │                 [2 frames hidden]  typing, <built-in>
│              │  ├─ 0.007 Product.base  pybend/core/models/proto_schema.py:146
│              │  │  └─ 0.007 Product.model_json_schema  pydantic/main.py:413
│              │  │        [25 frames hidden]  pydantic, copy
│              │  │           0.005 new_handler_func  pydantic/json_schema.py:520
│              │  │           └─ 0.005 Like.__get_pydantic_json_schema__  pybend/core/models/proto_model.py:237
│              │  │              ├─ 0.004 Product.__get_pydantic_json_schema__  pydantic/main.py:628
│              │  │              │     [55 frames hidden]  pydantic, contextlib
│              │  │              │        0.001 new_handler_func  pydantic/json_schema.py:520
│              │  │              │        └─ 0.001 Comment.__get_pydantic_json_schema__  pybend/core/models/proto_model.py:237
│              │  │              │           └─ 0.001 Comment.__get_pydantic_json_schema__  pydantic/main.py:628
│              │  │              │                 [28 frames hidden]  pydantic, <frozen abc>, <built-in>
│              │  │              └─ 0.001 [self]  pybend/core/models/proto_model.py
│              │  ├─ 0.001 Product.access  pybend/core/models/proto_schema.py:203
│              │  │  └─ 0.001 collect_all_referenced_models  pybend/core/utils/introspection.py:63
│              │  │     └─ 0.001 collect_all_referenced_models  pybend/core/utils/introspection.py:63
│              │  │        └─ 0.001 Comment.__pybend_methods_json_signature__  pybend/core/models/proto_model.py:140
│              │  │           └─ 0.001 ModelMetaclass.__dir__  pydantic/_internal/_model_construction.py:278
│              │  │              └─ 0.001 Comment.__dir__  <built-in>
│              │  └─ 0.001 Product.ui  pybend/core/models/proto_schema.py:215
│              │     └─ 0.001 collect_all_referenced_models  pybend/core/utils/introspection.py:63
│              │        └─ 0.001 collect_all_referenced_models  pybend/core/utils/introspection.py:63
│              │           └─ 0.001 collect_all_referenced_models  pybend/core/utils/introspection.py:63
│              │              └─ 0.001 User.__pybend_methods_json_signature__  pybend/core/models/proto_model.py:140
│              │                 └─ 0.001 dir  <built-in>
│              └─ 0.001 deepcopy  copy.py:118
│                    [9 frames hidden]  copy
└─ 0.012 RequestResponseCycle.run_asgi  uvicorn/protocols/http/h11_impl.py:401
      [3 frames hidden]  uvicorn, fastapi, starlette
         0.012 ServerErrorMiddleware.__call__  starlette/middleware/errors.py:150
         └─ 0.012 ProfilingMiddleware.__call__  pybend/core/tests/profiling/middleware.py:35
            └─ 0.012 JWTAuthMiddleware.__call__  starlette/middleware/base.py:98
                  [14 frames hidden]  anyio, importlib, <built-in>, datacla...
                     0.008 BufferedReader.read  <built-in>
                     0.001 _StreamingResponse.__call__  starlette/middleware/base.py:205
                     └─ 0.001 send_wrapper  pybend/core/tests/profiling/middleware.py:48
                        └─ 0.001 _send  starlette/middleware/errors.py:157
                              [5 frames hidden]  uvicorn, h11



========================================================================
GET /Product  ->  200  (4.5ms)
========================================================================

  _     ._   __/__   _ _  _  _ _/_   Recorded: 15:15:51  Samples:  4
 /_//_/// /_\ / //_// / //_'/ //     Duration: 0.004     CPU time: 0.004
/   _/                      v5.1.2

Profile at /code/pystack/pybend/src/pybend/example/../../pybend/core/tests/profiling/middleware.py:57

0.004 Handle._run  asyncio/events.py:86
├─ 0.003 coro  starlette/middleware/base.py:136
│     [17 frames hidden]  starlette, fastapi
│        0.002 jsonable_encoder  fastapi/encoders.py:102
│        ├─ 0.001 [self]  fastapi/encoders.py
│        └─ 0.001 jsonable_encoder  fastapi/encoders.py:102
│        0.001 run_endpoint_function  fastapi/routing.py:204
│        └─ 0.001 get_model_schema  pybend/core/api/routes_fastapi.py:169
│           └─ 0.001 Product.schema  pybend/core/models/proto_model.py:198
│              └─ 0.001 deepcopy  copy.py:118
│                    [12 frames hidden]  copy
│                       0.001 dict.get  <built-in>
└─ 0.001 RequestResponseCycle.run_asgi  uvicorn/protocols/http/h11_impl.py:401
      [3 frames hidden]  uvicorn, fastapi, starlette
         0.001 ServerErrorMiddleware.__call__  starlette/middleware/errors.py:150
         └─ 0.001 ProfilingMiddleware.__call__  pybend/core/tests/profiling/middleware.py:35
            └─ 0.001 JWTAuthMiddleware.__call__  starlette/middleware/base.py:98
               └─ 0.001 _StreamingResponse.__call__  starlette/middleware/base.py:205
                  └─ 0.001 send_wrapper  pybend/core/tests/profiling/middleware.py:48
                     └─ 0.001 _send  starlette/middleware/errors.py:157
                           [3 frames hidden]  uvicorn, h11
                              0.001 Connection._clean_up_response_headers_for_sending  h11/_connection.py:602



========================================================================
GET /Product  ->  200  (4.4ms)
========================================================================

  _     ._   __/__   _ _  _  _ _/_   Recorded: 15:15:51  Samples:  4
 /_//_/// /_\ / //_// / //_'/ //     Duration: 0.004     CPU time: 0.004
/   _/                      v5.1.2

Profile at /code/pystack/pybend/src/pybend/example/../../pybend/core/tests/profiling/middleware.py:57

0.004 Handle._run  asyncio/events.py:86
└─ 0.004 coro  starlette/middleware/base.py:136
      [21 frames hidden]  starlette, fastapi, anyio
         0.002 isinstance  <built-in>
         0.001 run_endpoint_function  fastapi/routing.py:204
         └─ 0.001 get_model_schema  pybend/core/api/routes_fastapi.py:169
            └─ 0.001 Product.schema  pybend/core/models/proto_model.py:198
               └─ 0.001 deepcopy  copy.py:118
                     [8 frames hidden]  copy
                        0.001 _deepcopy_dict  copy.py:217
         0.001 Event.wait  asyncio/locks.py:199
         └─ 0.001 [await]  asyncio/locks.py



========================================================================
GET /Product  ->  200  (4.4ms)
========================================================================

  _     ._   __/__   _ _  _  _ _/_   Recorded: 15:15:51  Samples:  4
 /_//_/// /_\ / //_// / //_'/ //     Duration: 0.004     CPU time: 0.004
/   _/                      v5.1.2

Profile at /code/pystack/pybend/src/pybend/example/../../pybend/core/tests/profiling/middleware.py:57

0.003 Handle._run  asyncio/events.py:86
└─ 0.003 coro  starlette/middleware/base.py:136
      [15 frames hidden]  starlette, fastapi
         0.003 app  fastapi/routing.py:240
         │  0.002 jsonable_encoder  fastapi/encoders.py:102
         │  ├─ 0.001 [self]  fastapi/encoders.py
         │  └─ 0.001 isinstance  <built-in>
         ├─ 0.001 [self]  fastapi/routing.py
         └─ 0.000 run_endpoint_function  fastapi/routing.py:204
            └─ 0.000 get_model_schema  pybend/core/api/routes_fastapi.py:169
               └─ 0.000 Product.schema  pybend/core/models/proto_model.py:198
                  └─ 0.000 deepcopy  copy.py:118
                        [13 frames hidden]  copy, <built-in>



========================================================================
GET /User  ->  200  (6.0ms)
========================================================================

  _     ._   __/__   _ _  _  _ _/_   Recorded: 15:15:51  Samples:  6
 /_//_/// /_\ / //_// / //_'/ //     Duration: 0.006     CPU time: 0.006
/   _/                      v5.1.2

Profile at /code/pystack/pybend/src/pybend/example/../../pybend/core/tests/profiling/middleware.py:57

0.005 Handle._run  asyncio/events.py:86
├─ 0.005 coro  starlette/middleware/base.py:136
│     [11 frames hidden]  starlette, fastapi
│        0.004 run_endpoint_function  fastapi/routing.py:204
│        └─ 0.004 get_model_schema  pybend/core/api/routes_fastapi.py:169
│           └─ 0.004 User.schema  pybend/core/models/proto_model.py:198
│              ├─ 0.003 User.run_pipeline  pybend/core/models/proto_schema.py:105
│              │  ├─ 0.002 User.defs  pybend/core/models/proto_schema.py:173
│              │  │  ├─ 0.001 collect_all_referenced_models  pybend/core/utils/introspection.py:63
│              │  │  │  └─ 0.001 User.__pybend_methods_json_signature__  pybend/core/models/proto_model.py:140
│              │  │  │     └─ 0.001 record_model_type  pybend/core/utils/introspection.py:48
│              │  │  │        └─ 0.001 get_origin  typing.py:2310
│              │  │  └─ 0.001 User.referenced_json_schema  pybend/core/models/proto_model.py:215
│              │  │     └─ 0.001 User.model_json_schema  pydantic/main.py:413
│              │  │           [7 frames hidden]  pydantic, <built-in>
│              │  └─ 0.001 User.base  pybend/core/models/proto_schema.py:146
│              │     └─ 0.001 User.model_json_schema  pydantic/main.py:413
│              │           [4 frames hidden]  pydantic
│              │              0.001 new_handler_func  pydantic/json_schema.py:520
│              │              └─ 0.001 User.__get_pydantic_json_schema__  pybend/core/models/proto_model.py:237
│              │                 └─ 0.001 User.__get_pydantic_json_schema__  pydantic/main.py:628
│              │                       [25 frames hidden]  pydantic
│              └─ 0.001 deepcopy  copy.py:118
│                    [3 frames hidden]  copy, <built-in>
└─ 0.000 RequestResponseCycle.run_asgi  uvicorn/protocols/http/h11_impl.py:401
      [3 frames hidden]  uvicorn, fastapi, starlette
         0.000 ServerErrorMiddleware.__call__  starlette/middleware/errors.py:150
         └─ 0.000 ProfilingMiddleware.__call__  pybend/core/tests/profiling/middleware.py:35
            └─ 0.000 JWTAuthMiddleware.__call__  starlette/middleware/base.py:98
               └─ 0.000 JWTAuthMiddleware.dispatch  pybend/core/api/backend.py:92
                  └─ 0.000 call_next  starlette/middleware/base.py:109
                        [5 frames hidden]  anyio, sniffio



========================================================================
GET /User  ->  200  (2.2ms)
========================================================================

  _     ._   __/__   _ _  _  _ _/_   Recorded: 15:15:51  Samples:  2
 /_//_/// /_\ / //_// / //_'/ //     Duration: 0.002     CPU time: 0.002
/   _/                      v5.1.2

Profile at /code/pystack/pybend/src/pybend/example/../../pybend/core/tests/profiling/middleware.py:57

0.002 NoneType._run  asyncio/events.py:86
├─ 0.001 [self]  asyncio/events.py
└─ 0.001 coro  starlette/middleware/base.py:136
      [10 frames hidden]  starlette, fastapi
         0.001 run_endpoint_function  fastapi/routing.py:204
         └─ 0.001 get_model_schema  pybend/core/api/routes_fastapi.py:169
            └─ 0.001 User.schema  pybend/core/models/proto_model.py:198
               └─ 0.001 deepcopy  copy.py:118
                     [12 frames hidden]  copy
                        0.001 dict.get  <built-in>



========================================================================
GET /User  ->  200  (2.2ms)
========================================================================

  _     ._   __/__   _ _  _  _ _/_   Recorded: 15:15:51  Samples:  2
 /_//_/// /_\ / //_// / //_'/ //     Duration: 0.002     CPU time: 0.002
/   _/                      v5.1.2

Profile at /code/pystack/pybend/src/pybend/example/../../pybend/core/tests/profiling/middleware.py:57

0.002 Handle._run  asyncio/events.py:86
├─ 0.001 RequestResponseCycle.run_asgi  uvicorn/protocols/http/h11_impl.py:401
│     [3 frames hidden]  uvicorn, fastapi, starlette
│        0.001 ServerErrorMiddleware.__call__  starlette/middleware/errors.py:150
│        └─ 0.001 ProfilingMiddleware.__call__  pybend/core/tests/profiling/middleware.py:35
│           └─ 0.001 JWTAuthMiddleware.__call__  starlette/middleware/base.py:98
│              └─ 0.001 _StreamingResponse.__call__  starlette/middleware/base.py:205
│                 └─ 0.001 send_wrapper  pybend/core/tests/profiling/middleware.py:48
│                    └─ 0.001 _send  starlette/middleware/errors.py:157
│                       └─ 0.001 RequestResponseCycle.send  uvicorn/protocols/http/h11_impl.py:447
│                          └─ 0.001 H11Protocol.on_response_complete  uvicorn/protocols/http/h11_impl.py:309
└─ 0.001 coro  starlette/middleware/base.py:136
      [12 frames hidden]  starlette, fastapi
         0.001 jsonable_encoder  fastapi/encoders.py:102



========================================================================
GET /products  ->  200  (1.6ms)
========================================================================

  _     ._   __/__   _ _  _  _ _/_   Recorded: 15:15:51  Samples:  2
 /_//_/// /_\ / //_// / //_'/ //     Duration: 0.002     CPU time: 0.002
/   _/                      v5.1.2

Profile at /code/pystack/pybend/src/pybend/example/../../pybend/core/tests/profiling/middleware.py:57

0.001 Handle._run  asyncio/events.py:86
├─ 0.001 RequestResponseCycle.run_asgi  uvicorn/protocols/http/h11_impl.py:401
│     [3 frames hidden]  uvicorn, fastapi, starlette
│        0.001 ServerErrorMiddleware.__call__  starlette/middleware/errors.py:150
│        └─ 0.001 ProfilingMiddleware.__call__  pybend/core/tests/profiling/middleware.py:35
│           └─ 0.001 JWTAuthMiddleware.__call__  starlette/middleware/base.py:98
│              └─ 0.001 TaskGroup.__aexit__  anyio/_backends/_asyncio.py:735
│                 └─ 0.001 [await]  anyio/_backends/_asyncio.py
└─ 0.000 coro  starlette/middleware/base.py:136
      [19 frames hidden]  starlette, fastapi, pydantic, typing,...



========================================================================
GET /products  ->  200  (1.3ms)
========================================================================

  _     ._   __/__   _ _  _  _ _/_   Recorded: 15:15:51  Samples:  1
 /_//_/// /_\ / //_// / //_'/ //     Duration: 0.001     CPU time: 0.001
/   _/                      v5.1.2

Profile at /code/pystack/pybend/src/pybend/example/../../pybend/core/tests/profiling/middleware.py:57

0.001 Handle._run  asyncio/events.py:86
└─ 0.001 coro  starlette/middleware/base.py:136
      [10 frames hidden]  starlette, fastapi
         0.001 JSONResponse.headers  starlette/responses.py:83



========================================================================
GET /products  ->  200  (1.4ms)
========================================================================

  _     ._   __/__   _ _  _  _ _/_   Recorded: 15:15:51  Samples:  2
 /_//_/// /_\ / //_// / //_'/ //     Duration: 0.001     CPU time: 0.001
/   _/                      v5.1.2

Profile at /code/pystack/pybend/src/pybend/example/../../pybend/core/tests/profiling/middleware.py:57

0.001 Handle._run  asyncio/events.py:86
├─ 0.001 RequestResponseCycle.run_asgi  uvicorn/protocols/http/h11_impl.py:401
│     [3 frames hidden]  uvicorn, fastapi, starlette
│        0.001 ServerErrorMiddleware.__call__  starlette/middleware/errors.py:150
│        └─ 0.001 ProfilingMiddleware.__call__  pybend/core/tests/profiling/middleware.py:35
│           └─ 0.001 Profiler.stop  pyinstrument/profiler.py:171
│              └─ 0.001 StackSampler.unsubscribe  pyinstrument/stack_sampler.py:100
└─ 0.000 coro  starlette/middleware/base.py:136
      [17 frames hidden]  starlette, fastapi, pydantic
         0.000 isinstance  <built-in>



========================================================================
GET /products  ->  200  (1.5ms)
========================================================================

  _     ._   __/__   _ _  _  _ _/_   Recorded: 15:15:51  Samples:  2
 /_//_/// /_\ / //_// / //_'/ //     Duration: 0.001     CPU time: 0.001
/   _/                      v5.1.2

Profile at /code/pystack/pybend/src/pybend/example/../../pybend/core/tests/profiling/middleware.py:57

0.001 FastAPI.__call__  starlette/applications.py:108
├─ 0.001 ServerErrorMiddleware.__call__  starlette/middleware/errors.py:150
│  └─ 0.001 ProfilingMiddleware.__call__  pybend/core/tests/profiling/middleware.py:35
│     └─ 0.001 JWTAuthMiddleware.__call__  starlette/middleware/base.py:98
│        └─ 0.001 _StreamingResponse.__call__  starlette/middleware/base.py:205
│           └─ 0.001 send_wrapper  pybend/core/tests/profiling/middleware.py:48
│              └─ 0.001 _send  starlette/middleware/errors.py:157
│                    [5 frames hidden]  uvicorn, h11
│                       0.001 dict.get  <built-in>
└─ 0.000 [self]  starlette/applications.py



========================================================================
GET /products  ->  200  (1.4ms)
========================================================================

  _     ._   __/__   _ _  _  _ _/_   Recorded: 15:15:51  Samples:  1
 /_//_/// /_\ / //_// / //_'/ //     Duration: 0.001     CPU time: 0.001
/   _/                      v5.1.2

Profile at /code/pystack/pybend/src/pybend/example/../../pybend/core/tests/profiling/middleware.py:57

0.001 ProfilingMiddleware.__call__  pybend/core/tests/profiling/middleware.py:35
└─ 0.001 JWTAuthMiddleware.__call__  starlette/middleware/base.py:98
   └─ 0.001 _StreamingResponse.__call__  starlette/middleware/base.py:205
      └─ 0.001 send_wrapper  pybend/core/tests/profiling/middleware.py:48
         └─ 0.001 _send  starlette/middleware/errors.py:157
               [2 frames hidden]  uvicorn, asyncio
                  0.001 socket.send  <built-in>



========================================================================
GET /products  ->  200  (1.4ms)
========================================================================

  _     ._   __/__   _ _  _  _ _/_   Recorded: 15:15:51  Samples:  1
 /_//_/// /_\ / //_// / //_'/ //     Duration: 0.001     CPU time: 0.001
/   _/                      v5.1.2

Profile at /code/pystack/pybend/src/pybend/example/../../pybend/core/tests/profiling/middleware.py:57

0.001 ProfilingMiddleware.__call__  pybend/core/tests/profiling/middleware.py:35
└─ 0.001 JWTAuthMiddleware.__call__  starlette/middleware/base.py:98
   └─ 0.001 _StreamingResponse.__call__  starlette/middleware/base.py:205
      └─ 0.001 send_wrapper  pybend/core/tests/profiling/middleware.py:48
         └─ 0.001 _send  starlette/middleware/errors.py:157
               [5 frames hidden]  uvicorn, h11
                  0.001 getattr  <built-in>



========================================================================
GET /products  ->  200  (1.3ms)
========================================================================

  _     ._   __/__   _ _  _  _ _/_   Recorded: 15:15:51  Samples:  1
 /_//_/// /_\ / //_// / //_'/ //     Duration: 0.001     CPU time: 0.001
/   _/                      v5.1.2

Profile at /code/pystack/pybend/src/pybend/example/../../pybend/core/tests/profiling/middleware.py:57

0.001 ProfilingMiddleware.__call__  pybend/core/tests/profiling/middleware.py:35
└─ 0.001 JWTAuthMiddleware.__call__  starlette/middleware/base.py:98
   └─ 0.001 _StreamingResponse.__call__  starlette/middleware/base.py:205
      └─ 0.001 send_wrapper  pybend/core/tests/profiling/middleware.py:48
         └─ 0.001 _send  starlette/middleware/errors.py:157
               [5 frames hidden]  uvicorn, logging
                  0.001 splitext  <frozen posixpath>:117



========================================================================
GET /users  ->  200  (1.3ms)
========================================================================

  _     ._   __/__   _ _  _  _ _/_   Recorded: 15:15:51  Samples:  1
 /_//_/// /_\ / //_// / //_'/ //     Duration: 0.001     CPU time: 0.001
/   _/                      v5.1.2

Profile at /code/pystack/pybend/src/pybend/example/../../pybend/core/tests/profiling/middleware.py:57

0.001 FastAPI.__call__  starlette/applications.py:108



========================================================================
GET /Product  ->  200  (26.9ms)
========================================================================

  _     ._   __/__   _ _  _  _ _/_   Recorded: 15:15:54  Samples:  27
 /_//_/// /_\ / //_// / //_'/ //     Duration: 0.027     CPU time: 0.027
/   _/                      v5.1.2

Profile at /code/pystack/pybend/src/pybend/example/../../pybend/core/tests/profiling/middleware.py:57

0.026 Handle._run  asyncio/events.py:86
├─ 0.023 coro  starlette/middleware/base.py:136
│     [27 frames hidden]  starlette, fastapi, <built-in>, anyio
│        0.020 run_endpoint_function  fastapi/routing.py:204
│        └─ 0.020 get_model_schema  pybend/core/api/routes_fastapi.py:169
│           └─ 0.020 Product.schema  pybend/core/models/proto_model.py:198
│              ├─ 0.019 Product.run_pipeline  pybend/core/models/proto_schema.py:105
│              │  ├─ 0.011 Product.defs  pybend/core/models/proto_schema.py:173
│              │  │  ├─ 0.010 Product.referenced_json_schema  pybend/core/models/proto_model.py:215
│              │  │  │  └─ 0.010 Product.model_json_schema  pydantic/main.py:413
│              │  │  │        [30 frames hidden]  pydantic, copy
│              │  │  │           0.004 new_handler_func  pydantic/json_schema.py:520
│              │  │  │           └─ 0.004 Product.__get_pydantic_json_schema__  pybend/core/models/proto_model.py:237
│              │  │  │              └─ 0.004 Product.__get_pydantic_json_schema__  pydantic/main.py:628
│              │  │  │                    [38 frames hidden]  pydantic
│              │  │  │                       0.002 new_handler_func  pydantic/json_schema.py:520
│              │  │  │                       └─ 0.002 Comment.__get_pydantic_json_schema__  pybend/core/models/proto_model.py:237
│              │  │  │                          ├─ 0.001 _is_self_ref  pybend/core/utils/introspection.py:209
│              │  │  │                          └─ 0.001 Comment.__get_pydantic_json_schema__  pydantic/main.py:628
│              │  │  │                                [29 frames hidden]  pydantic
│              │  │  │           0.003 new_handler_func  pydantic/json_schema.py:520
│              │  │  │           └─ 0.003 Comment.__get_pydantic_json_schema__  pybend/core/models/proto_model.py:237
│              │  │  │              └─ 0.003 Comment.__get_pydantic_json_schema__  pydantic/main.py:628
│              │  │  │                    [35 frames hidden]  pydantic
│              │  │  │                       0.001 new_handler_func  pydantic/json_schema.py:520
│              │  │  │                       └─ 0.001 Like.__get_pydantic_json_schema__  pybend/core/models/proto_model.py:237
│              │  │  │                          └─ 0.001 Like.__get_pydantic_json_schema__  pydantic/main.py:628
│              │  │  │                                [21 frames hidden]  pydantic
│              │  │  └─ 0.001 collect_all_referenced_models  pybend/core/utils/introspection.py:63
│              │  │     └─ 0.001 Product.__pybend_methods_json_signature__  pybend/core/models/proto_model.py:140
│              │  │        └─ 0.001 dir  <built-in>
│              │  ├─ 0.006 Product.base  pybend/core/models/proto_schema.py:146
│              │  │  └─ 0.006 Product.model_json_schema  pydantic/main.py:413
│              │  │        [10 frames hidden]  pydantic
│              │  │           0.005 new_handler_func  pydantic/json_schema.py:520
│              │  │           └─ 0.005 Product.__get_pydantic_json_schema__  pybend/core/models/proto_model.py:237
│              │  │              └─ 0.005 Product.__get_pydantic_json_schema__  pydantic/main.py:628
│              │  │                    [50 frames hidden]  pydantic, <frozen _collections_abc>, ...
│              │  │                       0.001 new_handler_func  pydantic/json_schema.py:520
│              │  │                       └─ 0.001 Comment.__get_pydantic_json_schema__  pybend/core/models/proto_model.py:237
│              │  │                          └─ 0.001 Comment.__get_pydantic_json_schema__  pydantic/main.py:628
│              │  │                                [25 frames hidden]  pydantic
│              │  ├─ 0.001 Product.access  pybend/core/models/proto_schema.py:203
│              │  │  └─ 0.001 collect_all_referenced_models  pybend/core/utils/introspection.py:63
│              │  │     └─ 0.001 Product.__pybend_methods_json_signature__  pybend/core/models/proto_model.py:140
│              │  └─ 0.001 Product.ui  pybend/core/models/proto_schema.py:215
│              │     └─ 0.001 collect_all_referenced_models  pybend/core/utils/introspection.py:63
│              │        └─ 0.001 collect_all_referenced_models  pybend/core/utils/introspection.py:63
│              │           └─ 0.001 collect_all_referenced_models  pybend/core/utils/introspection.py:63
│              │              └─ 0.001 User.__pybend_methods_json_signature__  pybend/core/models/proto_model.py:140
│              │                 └─ 0.001 getattr  <built-in>
│              └─ 0.001 deepcopy  copy.py:118
│                    [14 frames hidden]  copy, <built-in>
└─ 0.003 RequestResponseCycle.run_asgi  uvicorn/protocols/http/h11_impl.py:401
      [3 frames hidden]  uvicorn, fastapi, starlette
         0.003 ServerErrorMiddleware.__call__  starlette/middleware/errors.py:150
         └─ 0.003 ProfilingMiddleware.__call__  pybend/core/tests/profiling/middleware.py:35
            └─ 0.003 JWTAuthMiddleware.__call__  starlette/middleware/base.py:98
                  [6 frames hidden]  anyio, importlib, dataclasses
                     0.001 JWTAuthMiddleware.dispatch  pybend/core/api/backend.py:92
                     └─ 0.001 call_next  starlette/middleware/base.py:109
                           [4 frames hidden]  anyio, asyncio



========================================================================
POST /users/login  ->  200  (183.6ms)
========================================================================

  _     ._   __/__   _ _  _  _ _/_   Recorded: 15:15:54  Samples:  3
 /_//_/// /_\ / //_// / //_'/ //     Duration: 0.184     CPU time: 0.183
/   _/                      v5.1.2

Profile at /code/pystack/pybend/src/pybend/example/../../pybend/core/tests/profiling/middleware.py:57

0.183 _UnixSelectorEventLoop._run_once  asyncio/base_events.py:1910
└─ 0.182 Handle._run  asyncio/events.py:86
      [11 frames hidden]  starlette, fastapi
         0.181 run_endpoint_function  fastapi/routing.py:204
         └─ 0.181 post_no_id  pybend/core/api/routes_fastapi.py:336
            └─ 0.181 User.login  pybend/core/models/base_user.py:74
               └─ 0.181 verify_password  pybend/core/authorize/auth.py:42
                  └─ 0.181 checkpw  <built-in>



========================================================================
GET /Product  ->  200  (4.8ms)
========================================================================

  _     ._   __/__   _ _  _  _ _/_   Recorded: 15:15:54  Samples:  5
 /_//_/// /_\ / //_// / //_'/ //     Duration: 0.005     CPU time: 0.005
/   _/                      v5.1.2

Profile at /code/pystack/pybend/src/pybend/example/../../pybend/core/tests/profiling/middleware.py:57

0.004 Handle._run  asyncio/events.py:86
├─ 0.004 coro  starlette/middleware/base.py:136
│     [21 frames hidden]  starlette, fastapi, json
│        0.002 jsonable_encoder  fastapi/encoders.py:102
│        └─ 0.001 [self]  fastapi/encoders.py
│           0.001 ModelMetaclass.__instancecheck__  pydantic/_internal/_model_construction.py:248
│        0.001 JSONEncoder.iterencode  json/encoder.py:205
│        0.000 run_endpoint_function  fastapi/routing.py:204
│        └─ 0.000 get_model_schema  pybend/core/api/routes_fastapi.py:169
│           └─ 0.000 Product.schema  pybend/core/models/proto_model.py:198
│              └─ 0.000 deepcopy  copy.py:118
│                    [9 frames hidden]  copy
└─ 0.001 _SelectorSocketTransport._call_connection_lost  asyncio/selector_events.py:1191
      [5 frames hidden]  asyncio, uvicorn, h11
         0.001 ConnectionState.process_event  h11/_state.py:275



========================================================================
GET /Product  ->  200  (4.5ms)
========================================================================

  _     ._   __/__   _ _  _  _ _/_   Recorded: 15:15:54  Samples:  5
 /_//_/// /_\ / //_// / //_'/ //     Duration: 0.004     CPU time: 0.004
/   _/                      v5.1.2

Profile at /code/pystack/pybend/src/pybend/example/../../pybend/core/tests/profiling/middleware.py:57

0.004 Handle._run  asyncio/events.py:86
├─ 0.003 coro  starlette/middleware/base.py:136
│     [18 frames hidden]  starlette, fastapi, pydantic
│        0.002 jsonable_encoder  fastapi/encoders.py:102
│        └─ 0.001 [self]  fastapi/encoders.py
│           0.001 hasattr  <built-in>
│        0.001 run_endpoint_function  fastapi/routing.py:204
│        └─ 0.001 get_model_schema  pybend/core/api/routes_fastapi.py:169
│           └─ 0.001 Product.schema  pybend/core/models/proto_model.py:198
│              └─ 0.001 deepcopy  copy.py:118
│                    [2 frames hidden]  copy
│                       0.001 dict.get  <built-in>
└─ 0.001 [self]  asyncio/events.py



========================================================================
GET /Product  ->  200  (4.3ms)
========================================================================

  _     ._   __/__   _ _  _  _ _/_   Recorded: 15:15:54  Samples:  4
 /_//_/// /_\ / //_// / //_'/ //     Duration: 0.004     CPU time: 0.004
/   _/                      v5.1.2

Profile at /code/pystack/pybend/src/pybend/example/../../pybend/core/tests/profiling/middleware.py:57

0.004 Handle._run  asyncio/events.py:86
├─ 0.003 coro  starlette/middleware/base.py:136
│     [14 frames hidden]  starlette, fastapi
│        0.002 jsonable_encoder  fastapi/encoders.py:102
│        ├─ 0.001 [self]  fastapi/encoders.py
│        └─ 0.001 jsonable_encoder  fastapi/encoders.py:102
│        0.001 run_endpoint_function  fastapi/routing.py:204
│        └─ 0.001 get_model_schema  pybend/core/api/routes_fastapi.py:169
│           └─ 0.001 Product.schema  pybend/core/models/proto_model.py:198
│              └─ 0.001 deepcopy  copy.py:118
│                    [11 frames hidden]  copy
│                       0.001 deepcopy  copy.py:118
└─ 0.001 RequestResponseCycle.run_asgi  uvicorn/protocols/http/h11_impl.py:401
      [3 frames hidden]  uvicorn, fastapi, starlette
         0.001 ServerErrorMiddleware.__call__  starlette/middleware/errors.py:150
         └─ 0.001 ProfilingMiddleware.__call__  pybend/core/tests/profiling/middleware.py:35
            └─ 0.001 JWTAuthMiddleware.__call__  starlette/middleware/base.py:98
               └─ 0.001 _StreamingResponse.__call__  starlette/middleware/base.py:205
                  └─ 0.001 send_wrapper  pybend/core/tests/profiling/middleware.py:48
                     └─ 0.001 _send  starlette/middleware/errors.py:157



========================================================================
GET /User  ->  200  (6.2ms)
========================================================================

  _     ._   __/__   _ _  _  _ _/_   Recorded: 15:15:54  Samples:  6
 /_//_/// /_\ / //_// / //_'/ //     Duration: 0.006     CPU time: 0.006
/   _/                      v5.1.2

Profile at /code/pystack/pybend/src/pybend/example/../../pybend/core/tests/profiling/middleware.py:57

0.006 Handle._run  asyncio/events.py:86
├─ 0.005 coro  starlette/middleware/base.py:136
│     [15 frames hidden]  starlette, fastapi
│        0.004 run_endpoint_function  fastapi/routing.py:204
│        └─ 0.004 get_model_schema  pybend/core/api/routes_fastapi.py:169
│           └─ 0.004 User.schema  pybend/core/models/proto_model.py:198
│              └─ 0.004 User.run_pipeline  pybend/core/models/proto_schema.py:105
│                 ├─ 0.002 User.defs  pybend/core/models/proto_schema.py:173
│                 │  ├─ 0.001 User.referenced_json_schema  pybend/core/models/proto_model.py:215
│                 │  │  └─ 0.001 User.model_json_schema  pydantic/main.py:413
│                 │  │        [4 frames hidden]  pydantic
│                 │  │           0.001 new_handler_func  pydantic/json_schema.py:520
│                 │  │           └─ 0.001 User.__get_pydantic_json_schema__  pybend/core/models/proto_model.py:237
│                 │  │              └─ 0.001 User.__get_pydantic_json_schema__  pydantic/main.py:628
│                 │  │                    [27 frames hidden]  pydantic
│                 │  └─ 0.001 User.__pybend_methods_json_signature__  pybend/core/models/proto_model.py:140
│                 │     └─ 0.001 get_type_hints  typing.py:2186
│                 │        └─ 0.001 ForwardRef.__init__  typing.py:885
│                 └─ 0.002 User.base  pybend/core/models/proto_schema.py:146
│                    └─ 0.002 User.model_json_schema  pydantic/main.py:413
│                          [10 frames hidden]  pydantic
│                             0.001 new_handler_func  pydantic/json_schema.py:520
│                             └─ 0.001 User.__get_pydantic_json_schema__  pybend/core/models/proto_model.py:237
│                                └─ 0.001 User.__get_pydantic_json_schema__  pydantic/main.py:628
│                                      [26 frames hidden]  pydantic
└─ 0.001 RequestResponseCycle.run_asgi  uvicorn/protocols/http/h11_impl.py:401
      [3 frames hidden]  uvicorn, fastapi, starlette
         0.001 ServerErrorMiddleware.__call__  starlette/middleware/errors.py:150
         └─ 0.001 ProfilingMiddleware.__call__  pybend/core/tests/profiling/middleware.py:35
            └─ 0.001 JWTAuthMiddleware.__call__  starlette/middleware/base.py:98
               └─ 0.001 _StreamingResponse.__call__  starlette/middleware/base.py:205
                  └─ 0.001 send_wrapper  pybend/core/tests/profiling/middleware.py:48
                     └─ 0.001 _send  starlette/middleware/errors.py:157
                           [6 frames hidden]  uvicorn, h11



========================================================================
GET /User  ->  200  (2.1ms)
========================================================================

  _     ._   __/__   _ _  _  _ _/_   Recorded: 15:15:54  Samples:  2
 /_//_/// /_\ / //_// / //_'/ //     Duration: 0.002     CPU time: 0.002
/   _/                      v5.1.2

Profile at /code/pystack/pybend/src/pybend/example/../../pybend/core/tests/profiling/middleware.py:57

0.002 Handle._run  asyncio/events.py:86
├─ 0.001 RequestResponseCycle.run_asgi  uvicorn/protocols/http/h11_impl.py:401
│     [3 frames hidden]  uvicorn, fastapi, starlette
│        0.001 ServerErrorMiddleware.__call__  starlette/middleware/errors.py:150
│        └─ 0.001 ProfilingMiddleware.__call__  pybend/core/tests/profiling/middleware.py:35
│           └─ 0.001 JWTAuthMiddleware.__call__  starlette/middleware/base.py:98
└─ 0.001 coro  starlette/middleware/base.py:136
      [16 frames hidden]  starlette, fastapi
         0.001 is_dataclass  dataclasses.py:1294



========================================================================
GET /User  ->  200  (2.1ms)
========================================================================

  _     ._   __/__   _ _  _  _ _/_   Recorded: 15:15:54  Samples:  2
 /_//_/// /_\ / //_// / //_'/ //     Duration: 0.002     CPU time: 0.002
/   _/                      v5.1.2

Profile at /code/pystack/pybend/src/pybend/example/../../pybend/core/tests/profiling/middleware.py:57

0.001 Handle._run  asyncio/events.py:86
└─ 0.001 coro  starlette/middleware/base.py:136
      [24 frames hidden]  starlette, fastapi, dataclasses, pyda...
         0.001 hasattr  <built-in>



========================================================================
GET /products  ->  200  (2.1ms)
========================================================================

  _     ._   __/__   _ _  _  _ _/_   Recorded: 15:15:54  Samples:  2
 /_//_/// /_\ / //_// / //_'/ //     Duration: 0.002     CPU time: 0.002
/   _/                      v5.1.2

Profile at /code/pystack/pybend/src/pybend/example/../../pybend/core/tests/profiling/middleware.py:57

0.001 _UnixSelectorEventLoop._run_once  asyncio/base_events.py:1910
├─ 0.001 Handle._run  asyncio/events.py:86
│  └─ 0.001 _UnixSelectorEventLoop.call_soon  asyncio/base_events.py:785
│     └─ 0.001 _UnixSelectorEventLoop._call_soon  asyncio/base_events.py:814
└─ 0.000 [self]  asyncio/base_events.py



========================================================================
GET /products  ->  200  (1.8ms)
========================================================================

  _     ._   __/__   _ _  _  _ _/_   Recorded: 15:15:54  Samples:  2
 /_//_/// /_\ / //_// / //_'/ //     Duration: 0.002     CPU time: 0.002
/   _/                      v5.1.2

Profile at /code/pystack/pybend/src/pybend/example/../../pybend/core/tests/profiling/middleware.py:57

0.002 Handle._run  asyncio/events.py:86
├─ 0.001 RequestResponseCycle.run_asgi  uvicorn/protocols/http/h11_impl.py:401
│     [3 frames hidden]  uvicorn, fastapi, starlette
│        0.001 ServerErrorMiddleware.__call__  starlette/middleware/errors.py:150
│        └─ 0.001 ProfilingMiddleware.__call__  pybend/core/tests/profiling/middleware.py:35
│           └─ 0.001 JWTAuthMiddleware.__call__  starlette/middleware/base.py:98
└─ 0.001 coro  starlette/middleware/base.py:136
      [16 frames hidden]  starlette, fastapi
         0.001 is_dataclass  dataclasses.py:1294



========================================================================
GET /products  ->  200  (3.5ms)
========================================================================

  _     ._   __/__   _ _  _  _ _/_   Recorded: 15:15:54  Samples:  4
 /_//_/// /_\ / //_// / //_'/ //     Duration: 0.004     CPU time: 0.004
/   _/                      v5.1.2

Profile at /code/pystack/pybend/src/pybend/example/../../pybend/core/tests/profiling/middleware.py:57

0.003 Handle._run  asyncio/events.py:86
├─ 0.002 coro  starlette/middleware/base.py:136
│     [22 frames hidden]  starlette, fastapi
│        0.001 jsonable_encoder  fastapi/encoders.py:102
│        0.001 run_endpoint_function  fastapi/routing.py:204
│        └─ 0.001 list_all_instances  pybend/core/api/routes_fastapi.py:93
│           └─ 0.001 Product.list  pybend/core/models/storable_mixin.py:91
│              └─ 0.001 SQLiteStorage.list  pybend/core/storage/sqlite_storage.py:124
│                 └─ 0.001 SQLiteStorage._populate_fields  pybend/core/storage/sqlite_storage.py:320
└─ 0.001 task_done  anyio/_backends/_asyncio.py:805
   └─ 0.001 WeakKeyDictionary.__getitem__  weakref.py:414



========================================================================
GET /products  ->  200  (3.3ms)
========================================================================

  _     ._   __/__   _ _  _  _ _/_   Recorded: 15:15:54  Samples:  3
 /_//_/// /_\ / //_// / //_'/ //     Duration: 0.003     CPU time: 0.003
/   _/                      v5.1.2

Profile at /code/pystack/pybend/src/pybend/example/../../pybend/core/tests/profiling/middleware.py:57

0.003 Handle._run  asyncio/events.py:86
├─ 0.002 coro  starlette/middleware/base.py:136
│     [17 frames hidden]  starlette, fastapi
│        0.001 jsonable_encoder  fastapi/encoders.py:102
│        0.001 run_endpoint_function  fastapi/routing.py:204
│        └─ 0.001 list_all_instances  pybend/core/api/routes_fastapi.py:93
│           └─ 0.001 Product.list  pybend/core/models/storable_mixin.py:91
│              └─ 0.001 SQLiteStorage.list  pybend/core/storage/sqlite_storage.py:124
│                 └─ 0.001 SQLiteStorage._populate_fields  pybend/core/storage/sqlite_storage.py:320
└─ 0.001 [self]  asyncio/events.py



========================================================================
GET /products  ->  200  (5.6ms)
========================================================================

  _     ._   __/__   _ _  _  _ _/_   Recorded: 15:15:54  Samples:  6
 /_//_/// /_\ / //_// / //_'/ //     Duration: 0.006     CPU time: 0.006
/   _/                      v5.1.2

Profile at /code/pystack/pybend/src/pybend/example/../../pybend/core/tests/profiling/middleware.py:57

0.005 Handle._run  asyncio/events.py:86
├─ 0.004 coro  starlette/middleware/base.py:136
│     [19 frames hidden]  starlette, fastapi, <built-in>
│        0.002 run_endpoint_function  fastapi/routing.py:204
│        └─ 0.002 list_all_instances  pybend/core/api/routes_fastapi.py:93
│           └─ 0.002 Product.list  pybend/core/models/storable_mixin.py:91
│              └─ 0.002 SQLiteStorage.list  pybend/core/storage/sqlite_storage.py:124
│                 └─ 0.002 SQLiteStorage._populate_fields  pybend/core/storage/sqlite_storage.py:320
│                    ├─ 0.001 SQLiteStorage._populate_fields  pybend/core/storage/sqlite_storage.py:320
│                    │  └─ 0.001 Cursor.execute  <built-in>
│                    └─ 0.001 ProductComment.model_dump  pybend/core/models/proto_model.py:118
│                       └─ 0.001 ProductComment.model_dump  pydantic/main.py:309
│                          └─ 0.001 SchemaSerializer.to_python  <built-in>
└─ 0.001 RequestResponseCycle.run_asgi  uvicorn/protocols/http/h11_impl.py:401
      [3 frames hidden]  uvicorn, fastapi, starlette
         0.001 ServerErrorMiddleware.__call__  starlette/middleware/errors.py:150
         └─ 0.001 ProfilingMiddleware.__call__  pybend/core/tests/profiling/middleware.py:35
            └─ 0.001 JWTAuthMiddleware.__call__  starlette/middleware/base.py:98
               └─ 0.001 _StreamingResponse.__call__  starlette/middleware/base.py:205
                  └─ 0.001 send_wrapper  pybend/core/tests/profiling/middleware.py:48
                     └─ 0.001 _send  starlette/middleware/errors.py:157
                           [5 frames hidden]  uvicorn, h11



========================================================================
GET /products  ->  200  (5.4ms)
========================================================================

  _     ._   __/__   _ _  _  _ _/_   Recorded: 15:15:54  Samples:  6
 /_//_/// /_\ / //_// / //_'/ //     Duration: 0.005     CPU time: 0.005
/   _/                      v5.1.2

Profile at /code/pystack/pybend/src/pybend/example/../../pybend/core/tests/profiling/middleware.py:57

0.005 Handle._run  asyncio/events.py:86
├─ 0.004 coro  starlette/middleware/base.py:136
│     [20 frames hidden]  starlette, fastapi, <built-in>
│        0.002 run_endpoint_function  fastapi/routing.py:204
│        └─ 0.002 list_all_instances  pybend/core/api/routes_fastapi.py:93
│           ├─ 0.001 _serialize  pybend/core/api/routes_fastapi.py:34
│           │  └─ 0.001 Product.model_dump  pybend/core/models/proto_model.py:118
│           └─ 0.001 Product.list  pybend/core/models/storable_mixin.py:91
│              └─ 0.001 SQLiteStorage.list  pybend/core/storage/sqlite_storage.py:124
│                 └─ 0.001 SQLiteStorage._populate_fields  pybend/core/storage/sqlite_storage.py:320
│                    └─ 0.001 SQLiteStorage._populate_fields  pybend/core/storage/sqlite_storage.py:320
└─ 0.001 RequestResponseCycle.run_asgi  uvicorn/protocols/http/h11_impl.py:401
      [3 frames hidden]  uvicorn, fastapi, starlette
         0.001 ServerErrorMiddleware.__call__  starlette/middleware/errors.py:150
         └─ 0.001 ProfilingMiddleware.__call__  pybend/core/tests/profiling/middleware.py:35
            └─ 0.001 JWTAuthMiddleware.__call__  starlette/middleware/base.py:98
                  [2 frames hidden]  anyio
                     0.000 JWTAuthMiddleware.dispatch  pybend/core/api/backend.py:92
                     └─ 0.000 decode_token  pybend/core/authorize/auth.py:57
                        └─ 0.000 PyJWT.decode  jwt/api_jwt.py:306



========================================================================
GET /products  ->  200  (2.3ms)
========================================================================

  _     ._   __/__   _ _  _  _ _/_   Recorded: 15:15:54  Samples:  3
 /_//_/// /_\ / //_// / //_'/ //     Duration: 0.002     CPU time: 0.002
/   _/                      v5.1.2

Profile at /code/pystack/pybend/src/pybend/example/../../pybend/core/tests/profiling/middleware.py:57

0.002 Handle._run  asyncio/events.py:86
├─ 0.001 RequestResponseCycle.run_asgi  uvicorn/protocols/http/h11_impl.py:401
│     [3 frames hidden]  uvicorn, fastapi, starlette
│        0.001 ServerErrorMiddleware.__call__  starlette/middleware/errors.py:150
│        └─ 0.001 ProfilingMiddleware.__call__  pybend/core/tests/profiling/middleware.py:35
│           └─ 0.001 JWTAuthMiddleware.__call__  starlette/middleware/base.py:98
│                 [2 frames hidden]  anyio
│                    0.001 [self]  starlette/middleware/base.py
└─ 0.001 coro  starlette/middleware/base.py:136
      [15 frames hidden]  starlette, fastapi
         0.001 isinstance  <built-in>



========================================================================
GET /users  ->  200  (1.6ms)
========================================================================

  _     ._   __/__   _ _  _  _ _/_   Recorded: 15:15:54  Samples:  2
 /_//_/// /_\ / //_// / //_'/ //     Duration: 0.002     CPU time: 0.002
/   _/                      v5.1.2

Profile at /code/pystack/pybend/src/pybend/example/../../pybend/core/tests/profiling/middleware.py:57

0.001 RequestResponseCycle.run_asgi  uvicorn/protocols/http/h11_impl.py:401
├─ 0.001 [self]  uvicorn/protocols/http/h11_impl.py
└─ 0.000 ProxyHeadersMiddleware.__call__  uvicorn/middleware/proxy_headers.py:27
      [2 frames hidden]  fastapi, starlette
         0.000 ServerErrorMiddleware.__call__  starlette/middleware/errors.py:150
         └─ 0.000 ProfilingMiddleware.__call__  pybend/core/tests/profiling/middleware.py:35
            └─ 0.000 JWTAuthMiddleware.__call__  starlette/middleware/base.py:98
               └─ 0.000 JWTAuthMiddleware.dispatch  pybend/core/api/backend.py:92



========================================================================
GET /products/1  ->  200  (1.5ms)
========================================================================

  _     ._   __/__   _ _  _  _ _/_   Recorded: 15:15:54  Samples:  1
 /_//_/// /_\ / //_// / //_'/ //     Duration: 0.001     CPU time: 0.001
/   _/                      v5.1.2

Profile at /code/pystack/pybend/src/pybend/example/../../pybend/core/tests/profiling/middleware.py:57

0.001 ServerErrorMiddleware.__call__  starlette/middleware/errors.py:150



========================================================================
GET /products/2  ->  200  (1.4ms)
========================================================================

  _     ._   __/__   _ _  _  _ _/_   Recorded: 15:15:54  Samples:  1
 /_//_/// /_\ / //_// / //_'/ //     Duration: 0.001     CPU time: 0.001
/   _/                      v5.1.2

Profile at /code/pystack/pybend/src/pybend/example/../../pybend/core/tests/profiling/middleware.py:57

0.001 ProfilingMiddleware.__call__  pybend/core/tests/profiling/middleware.py:35
└─ 0.001 JWTAuthMiddleware.__call__  starlette/middleware/base.py:98
   └─ 0.001 _StreamingResponse.__call__  starlette/middleware/base.py:205
      └─ 0.001 send_wrapper  pybend/core/tests/profiling/middleware.py:48
         └─ 0.001 _send  starlette/middleware/errors.py:157
               [4 frames hidden]  uvicorn, h11
                  0.001 _body_framing  h11/_connection.py:93



========================================================================
GET /products/3  ->  200  (1.4ms)
========================================================================

  _     ._   __/__   _ _  _  _ _/_   Recorded: 15:15:54  Samples:  1
 /_//_/// /_\ / //_// / //_'/ //     Duration: 0.001     CPU time: 0.001
/   _/                      v5.1.2

Profile at /code/pystack/pybend/src/pybend/example/../../pybend/core/tests/profiling/middleware.py:57

0.001 ProfilingMiddleware.__call__  pybend/core/tests/profiling/middleware.py:35
└─ 0.001 JWTAuthMiddleware.__call__  starlette/middleware/base.py:98
   └─ 0.001 JWTAuthMiddleware.dispatch  pybend/core/api/backend.py:92
      └─ 0.001 call_next  starlette/middleware/base.py:109
            [2 frames hidden]  anyio
               0.001 Event.wait  asyncio/locks.py:199
               └─ 0.001 [await]  asyncio/locks.py



========================================================================
GET /products/1  ->  200  (2.0ms)
========================================================================

  _     ._   __/__   _ _  _  _ _/_   Recorded: 15:15:54  Samples:  2
 /_//_/// /_\ / //_// / //_'/ //     Duration: 0.002     CPU time: 0.002
/   _/                      v5.1.2

Profile at /code/pystack/pybend/src/pybend/example/../../pybend/core/tests/profiling/middleware.py:57

0.002 Handle._run  asyncio/events.py:86
└─ 0.002 coro  starlette/middleware/base.py:136
      [9 frames hidden]  starlette, fastapi
         0.002 ExceptionMiddleware.__call__  starlette/middleware/exceptions.py:46
         └─ 0.001 [self]  starlette/middleware/exceptions.py
            0.001 run_endpoint_function  fastapi/routing.py:204
            └─ 0.001 read_instance  pybend/core/api/routes_fastapi.py:184
               └─ 0.001 Product.get  pybend/core/models/storable_mixin.py:102
                  └─ 0.001 SQLiteStorage.get  pybend/core/storage/sqlite_storage.py:240
                     └─ 0.001 Product.__init__  pybend/core/models/proto_model.py:97



========================================================================
GET /products/2  ->  200  (1.8ms)
========================================================================

  _     ._   __/__   _ _  _  _ _/_   Recorded: 15:15:54  Samples:  2
 /_//_/// /_\ / //_// / //_'/ //     Duration: 0.002     CPU time: 0.002
/   _/                      v5.1.2

Profile at /code/pystack/pybend/src/pybend/example/../../pybend/core/tests/profiling/middleware.py:57

0.001 Handle._run  asyncio/events.py:86
├─ 0.001 RequestResponseCycle.run_asgi  uvicorn/protocols/http/h11_impl.py:401
│     [3 frames hidden]  uvicorn, fastapi, starlette
│        0.001 ServerErrorMiddleware.__call__  starlette/middleware/errors.py:150
│        └─ 0.001 ProfilingMiddleware.__call__  pybend/core/tests/profiling/middleware.py:35
│           └─ 0.001 JWTAuthMiddleware.__call__  starlette/middleware/base.py:98
│              └─ 0.001 _StreamingResponse.__call__  starlette/middleware/base.py:205
│                 └─ 0.001 send_wrapper  pybend/core/tests/profiling/middleware.py:48
│                    └─ 0.001 _send  starlette/middleware/errors.py:157
└─ 0.000 coro  starlette/middleware/base.py:136
      [10 frames hidden]  starlette, fastapi
         0.000 run_endpoint_function  fastapi/routing.py:204
         └─ 0.000 read_instance  pybend/core/api/routes_fastapi.py:184
            └─ 0.000 Product.get  pybend/core/models/storable_mixin.py:102
               └─ 0.000 SQLiteStorage.get  pybend/core/storage/sqlite_storage.py:240
                  └─ 0.000 Cursor.execute  <built-in>



========================================================================
GET /products/3  ->  200  (1.8ms)
========================================================================

  _     ._   __/__   _ _  _  _ _/_   Recorded: 15:15:54  Samples:  2
 /_//_/// /_\ / //_// / //_'/ //     Duration: 0.002     CPU time: 0.002
/   _/                      v5.1.2

Profile at /code/pystack/pybend/src/pybend/example/../../pybend/core/tests/profiling/middleware.py:57

0.001 Handle._run  asyncio/events.py:86
├─ 0.001 RequestResponseCycle.run_asgi  uvicorn/protocols/http/h11_impl.py:401
│     [3 frames hidden]  uvicorn, fastapi, starlette
│        0.001 ServerErrorMiddleware.__call__  starlette/middleware/errors.py:150
│        └─ 0.001 ProfilingMiddleware.__call__  pybend/core/tests/profiling/middleware.py:35
│           └─ 0.001 JWTAuthMiddleware.__call__  starlette/middleware/base.py:98
│              └─ 0.001 _StreamingResponse.__call__  starlette/middleware/base.py:205
│                 └─ 0.001 send_wrapper  pybend/core/tests/profiling/middleware.py:48
│                    └─ 0.001 _send  starlette/middleware/errors.py:157
│                          [3 frames hidden]  uvicorn, h11
│                             0.001 validate  h11/_util.py:84
└─ 0.000 coro  starlette/middleware/base.py:136
      [8 frames hidden]  starlette, fastapi



========================================================================
GET /products/1  ->  200  (2.3ms)
========================================================================

  _     ._   __/__   _ _  _  _ _/_   Recorded: 15:15:54  Samples:  2
 /_//_/// /_\ / //_// / //_'/ //     Duration: 0.002     CPU time: 0.002
/   _/                      v5.1.2

Profile at /code/pystack/pybend/src/pybend/example/../../pybend/core/tests/profiling/middleware.py:57

0.002 Handle._run  asyncio/events.py:86
├─ 0.001 RequestResponseCycle.run_asgi  uvicorn/protocols/http/h11_impl.py:401
│     [3 frames hidden]  uvicorn, fastapi, starlette
│        0.001 ServerErrorMiddleware.__call__  starlette/middleware/errors.py:150
│        └─ 0.001 ProfilingMiddleware.__call__  pybend/core/tests/profiling/middleware.py:35
│           └─ 0.001 JWTAuthMiddleware.__call__  starlette/middleware/base.py:98
│              └─ 0.001 _StreamingResponse.__call__  starlette/middleware/base.py:205
│                 └─ 0.001 send_wrapper  pybend/core/tests/profiling/middleware.py:48
│                    └─ 0.001 _send  starlette/middleware/errors.py:157
│                       └─ 0.001 RequestResponseCycle.send  uvicorn/protocols/http/h11_impl.py:447
└─ 0.001 coro  starlette/middleware/base.py:136
      [14 frames hidden]  starlette, fastapi, pydantic
         0.001 hasattr  <built-in>



========================================================================
GET /products/2  ->  200  (2.2ms)
========================================================================

  _     ._   __/__   _ _  _  _ _/_   Recorded: 15:15:54  Samples:  3
 /_//_/// /_\ / //_// / //_'/ //     Duration: 0.002     CPU time: 0.002
/   _/                      v5.1.2

Profile at /code/pystack/pybend/src/pybend/example/../../pybend/core/tests/profiling/middleware.py:57

0.002 Handle._run  asyncio/events.py:86
├─ 0.001 RequestResponseCycle.run_asgi  uvicorn/protocols/http/h11_impl.py:401
│     [3 frames hidden]  uvicorn, fastapi, starlette
│        0.001 ServerErrorMiddleware.__call__  starlette/middleware/errors.py:150
│        └─ 0.001 ProfilingMiddleware.__call__  pybend/core/tests/profiling/middleware.py:35
│           ├─ 0.001 Profiler.stop  pyinstrument/profiler.py:171
│           │  └─ 0.001 StackSampler.unsubscribe  pyinstrument/stack_sampler.py:100
│           └─ 0.000 JWTAuthMiddleware.__call__  starlette/middleware/base.py:98
│              └─ 0.000 JWTAuthMiddleware.dispatch  pybend/core/api/backend.py:92
│                 └─ 0.000 decode_token  pybend/core/authorize/auth.py:57
│                    └─ 0.000 PyJWT.decode  jwt/api_jwt.py:306
│                          [4 frames hidden]  jwt, <built-in>
└─ 0.001 coro  starlette/middleware/base.py:136
      [16 frames hidden]  starlette, fastapi
         0.001 isinstance  <built-in>



========================================================================
GET /products/3  ->  200  (2.3ms)
========================================================================

  _     ._   __/__   _ _  _  _ _/_   Recorded: 15:15:54  Samples:  2
 /_//_/// /_\ / //_// / //_'/ //     Duration: 0.002     CPU time: 0.002
/   _/                      v5.1.2

Profile at /code/pystack/pybend/src/pybend/example/../../pybend/core/tests/profiling/middleware.py:57

0.002 Handle._run  asyncio/events.py:86
├─ 0.001 RequestResponseCycle.run_asgi  uvicorn/protocols/http/h11_impl.py:401
│     [3 frames hidden]  uvicorn, fastapi, starlette
│        0.001 ServerErrorMiddleware.__call__  starlette/middleware/errors.py:150
│        └─ 0.001 ProfilingMiddleware.__call__  pybend/core/tests/profiling/middleware.py:35
│           └─ 0.001 JWTAuthMiddleware.__call__  starlette/middleware/base.py:98
│              └─ 0.001 _StreamingResponse.__call__  starlette/middleware/base.py:205
│                 └─ 0.001 send_wrapper  pybend/core/tests/profiling/middleware.py:48
│                    └─ 0.001 _send  starlette/middleware/errors.py:157
│                          [2 frames hidden]  uvicorn
│                             0.001 H11Protocol.handle_events  uvicorn/protocols/http/h11_impl.py:174
└─ 0.001 coro  starlette/middleware/base.py:136
      [16 frames hidden]  starlette, fastapi
         0.001 jsonable_encoder  fastapi/encoders.py:102



========================================================================
GET /users/1  ->  200  (1.4ms)
========================================================================

  _     ._   __/__   _ _  _  _ _/_   Recorded: 15:15:54  Samples:  1
 /_//_/// /_\ / //_// / //_'/ //     Duration: 0.001     CPU time: 0.001
/   _/                      v5.1.2

Profile at /code/pystack/pybend/src/pybend/example/../../pybend/core/tests/profiling/middleware.py:57

0.001 ProfilingMiddleware.__call__  pybend/core/tests/profiling/middleware.py:35
└─ 0.001 JWTAuthMiddleware.__call__  starlette/middleware/base.py:98
   └─ 0.001 _StreamingResponse.__call__  starlette/middleware/base.py:205
      └─ 0.001 send_wrapper  pybend/core/tests/profiling/middleware.py:48
         └─ 0.001 _send  starlette/middleware/errors.py:157
               [2 frames hidden]  uvicorn, h11
                  0.001 Connection.send_with_data_passthrough  h11/_connection.py:544



========================================================================
GET /products/1/comments  ->  200  (2.0ms)
========================================================================

  _     ._   __/__   _ _  _  _ _/_   Recorded: 15:15:54  Samples:  2
 /_//_/// /_\ / //_// / //_'/ //     Duration: 0.002     CPU time: 0.002
/   _/                      v5.1.2

Profile at /code/pystack/pybend/src/pybend/example/../../pybend/core/tests/profiling/middleware.py:57

0.002 _UnixSelectorEventLoop._run_once  asyncio/base_events.py:1910
├─ 0.001 [self]  asyncio/base_events.py
└─ 0.001 Handle._run  asyncio/events.py:86
      [11 frames hidden]  starlette, fastapi
         0.001 run_endpoint_function  fastapi/routing.py:204
         └─ 0.001 list_all_instances  pybend/core/api/routes_fastapi.py:93
            └─ 0.001 ProductComment.list  pybend/core/models/storable_mixin.py:91
               └─ 0.001 SQLiteStorage.list  pybend/core/storage/sqlite_storage.py:124
                  └─ 0.001 ProductComment.__init__  pybend/core/models/proto_model.py:97
                     └─ 0.001 Mapping.__instancecheck__  <frozen abc>:117



========================================================================
GET /products/2/comments  ->  200  (1.7ms)
========================================================================

  _     ._   __/__   _ _  _  _ _/_   Recorded: 15:15:54  Samples:  1
 /_//_/// /_\ / //_// / //_'/ //     Duration: 0.002     CPU time: 0.002
/   _/                      v5.1.2

Profile at /code/pystack/pybend/src/pybend/example/../../pybend/core/tests/profiling/middleware.py:57

0.001 Handle._run  asyncio/events.py:86
└─ 0.001 coro  starlette/middleware/base.py:136
      [13 frames hidden]  starlette, fastapi
         0.001 isinstance  <built-in>



========================================================================
GET /products/1/favorites  ->  200  (1.5ms)
========================================================================

  _     ._   __/__   _ _  _  _ _/_   Recorded: 15:15:54  Samples:  2
 /_//_/// /_\ / //_// / //_'/ //     Duration: 0.002     CPU time: 0.002
/   _/                      v5.1.2

Profile at /code/pystack/pybend/src/pybend/example/../../pybend/core/tests/profiling/middleware.py:57

0.001 ProfilingMiddleware.__call__  pybend/core/tests/profiling/middleware.py:35
├─ 0.001 JWTAuthMiddleware.__call__  starlette/middleware/base.py:98
│     [4 frames hidden]  starlette, anyio
│        0.001 checkpoint  anyio/lowlevel.py:26
└─ 0.000 Profiler.start  pyinstrument/profiler.py:118
      [3 frames hidden]  pyinstrument



========================================================================
GET /products/2/favorites  ->  200  (1.5ms)
========================================================================

  _     ._   __/__   _ _  _  _ _/_   Recorded: 15:15:54  Samples:  1
 /_//_/// /_\ / //_// / //_'/ //     Duration: 0.002     CPU time: 0.002
/   _/                      v5.1.2

Profile at /code/pystack/pybend/src/pybend/example/../../pybend/core/tests/profiling/middleware.py:57

0.001 Handle._run  asyncio/events.py:86
└─ 0.001 coro  starlette/middleware/base.py:136
      [11 frames hidden]  starlette, fastapi
         0.001 jsonable_encoder  fastapi/encoders.py:102



========================================================================
POST /users/login  ->  200  (183.1ms)
========================================================================

  _     ._   __/__   _ _  _  _ _/_   Recorded: 15:15:54  Samples:  3
 /_//_/// /_\ / //_// / //_'/ //     Duration: 0.183     CPU time: 0.183
/   _/                      v5.1.2

Profile at /code/pystack/pybend/src/pybend/example/../../pybend/core/tests/profiling/middleware.py:57

0.182 _UnixSelectorEventLoop._run_once  asyncio/base_events.py:1910
└─ 0.182 Handle._run  asyncio/events.py:86
      [11 frames hidden]  starlette, fastapi
         0.182 run_endpoint_function  fastapi/routing.py:204
         └─ 0.182 post_no_id  pybend/core/api/routes_fastapi.py:336
            └─ 0.182 User.login  pybend/core/models/base_user.py:74
               └─ 0.182 verify_password  pybend/core/authorize/auth.py:42
                  └─ 0.182 checkpw  <built-in>



========================================================================
POST /products  ->  201  (25.4ms)
========================================================================

  _     ._   __/__   _ _  _  _ _/_   Recorded: 15:15:54  Samples:  6
 /_//_/// /_\ / //_// / //_'/ //     Duration: 0.025     CPU time: 0.007
/   _/                      v5.1.2

Profile at /code/pystack/pybend/src/pybend/example/../../pybend/core/tests/profiling/middleware.py:57

0.025 Handle._run  asyncio/events.py:86
├─ 0.023 coro  starlette/middleware/base.py:136
│     [39 frames hidden]  starlette, fastapi, <string>, pydanti...
│        0.020 run_endpoint_function  fastapi/routing.py:204
│        └─ 0.020 create_instance  pybend/core/api/routes_fastapi.py:60
│           └─ 0.020 Product.create  pybend/core/models/storable_mixin.py:63
│              └─ 0.020 SQLiteStorage.create  pybend/core/storage/sqlite_storage.py:93
│                 └─ 0.020 Connection.commit  <built-in>
├─ 0.001 RequestResponseCycle.run_asgi  uvicorn/protocols/http/h11_impl.py:401
│     [3 frames hidden]  uvicorn, fastapi, starlette
│        0.001 ServerErrorMiddleware.__call__  starlette/middleware/errors.py:150
│        └─ 0.001 ProfilingMiddleware.__call__  pybend/core/tests/profiling/middleware.py:35
│           └─ 0.001 JWTAuthMiddleware.__call__  starlette/middleware/base.py:98
│              └─ 0.001 _StreamingResponse.__call__  starlette/middleware/base.py:205
│                 └─ 0.001 send_wrapper  pybend/core/tests/profiling/middleware.py:48
│                    └─ 0.001 _send  starlette/middleware/errors.py:157
│                          [3 frames hidden]  uvicorn, asyncio, <built-in>
└─ 0.001 [self]  asyncio/events.py



========================================================================
POST /products  ->  201  (7.6ms)
========================================================================

  _     ._   __/__   _ _  _  _ _/_   Recorded: 15:15:54  Samples:  3
 /_//_/// /_\ / //_// / //_'/ //     Duration: 0.008     CPU time: 0.002
/   _/                      v5.1.2

Profile at /code/pystack/pybend/src/pybend/example/../../pybend/core/tests/profiling/middleware.py:57

0.007 Handle._run  asyncio/events.py:86
├─ 0.006 coro  starlette/middleware/base.py:136
│     [14 frames hidden]  starlette, fastapi
│        0.006 run_endpoint_function  fastapi/routing.py:204
│        └─ 0.006 create_instance  pybend/core/api/routes_fastapi.py:60
│           └─ 0.006 Product.create  pybend/core/models/storable_mixin.py:63
│              └─ 0.006 SQLiteStorage.create  pybend/core/storage/sqlite_storage.py:93
│                 └─ 0.006 Connection.commit  <built-in>
└─ 0.001 [self]  asyncio/events.py



========================================================================
POST /products  ->  201  (7.4ms)
========================================================================

  _     ._   __/__   _ _  _  _ _/_   Recorded: 15:15:54  Samples:  3
 /_//_/// /_\ / //_// / //_'/ //     Duration: 0.007     CPU time: 0.002
/   _/                      v5.1.2

Profile at /code/pystack/pybend/src/pybend/example/../../pybend/core/tests/profiling/middleware.py:57

0.006 Handle._run  asyncio/events.py:86
└─ 0.006 coro  starlette/middleware/base.py:136
      [11 frames hidden]  starlette, fastapi
         0.006 run_endpoint_function  fastapi/routing.py:204
         └─ 0.006 create_instance  pybend/core/api/routes_fastapi.py:60
            └─ 0.006 Product.create  pybend/core/models/storable_mixin.py:63
               └─ 0.006 SQLiteStorage.create  pybend/core/storage/sqlite_storage.py:93
                  ├─ 0.006 Connection.commit  <built-in>
                  └─ 0.000 Logger.info  logging/__init__.py:1529



========================================================================
POST /products/1/comment  ->  200  (7.9ms)
========================================================================

  _     ._   __/__   _ _  _  _ _/_   Recorded: 15:15:54  Samples:  4
 /_//_/// /_\ / //_// / //_'/ //     Duration: 0.008     CPU time: 0.003
/   _/                      v5.1.2

Profile at /code/pystack/pybend/src/pybend/example/../../pybend/core/tests/profiling/middleware.py:57

0.008 Handle._run  asyncio/events.py:86
├─ 0.006 coro  starlette/middleware/base.py:136
│     [10 frames hidden]  starlette, fastapi
│        0.006 run_endpoint_function  fastapi/routing.py:204
│        └─ 0.006 post_with_id  pybend/core/api/routes_fastapi.py:300
│           └─ 0.006 Product.comment  models/product.py:62
│              └─ 0.006 Comment.save  pybend/core/models/storable_mixin.py:36
│                 └─ 0.006 Comment.create  pybend/core/models/storable_mixin.py:63
│                    └─ 0.006 ProductComment.create  pybend/core/models/storable_mixin.py:63
│                       └─ 0.006 SQLiteStorage.create  pybend/core/storage/sqlite_storage.py:93
│                          └─ 0.006 Connection.commit  <built-in>
└─ 0.002 [self]  asyncio/events.py



========================================================================
POST /products/2/comment  ->  200  (7.7ms)
========================================================================

  _     ._   __/__   _ _  _  _ _/_   Recorded: 15:15:54  Samples:  3
 /_//_/// /_\ / //_// / //_'/ //     Duration: 0.008     CPU time: 0.002
/   _/                      v5.1.2

Profile at /code/pystack/pybend/src/pybend/example/../../pybend/core/tests/profiling/middleware.py:57

0.007 _UnixSelectorEventLoop._run_once  asyncio/base_events.py:1910
├─ 0.007 Handle._run  asyncio/events.py:86
│     [14 frames hidden]  starlette, fastapi, anyio, asyncio
│        0.006 run_endpoint_function  fastapi/routing.py:204
│        └─ 0.006 post_with_id  pybend/core/api/routes_fastapi.py:300
│           └─ 0.006 Product.comment  models/product.py:62
│              └─ 0.006 Comment.save  pybend/core/models/storable_mixin.py:36
│                 └─ 0.006 Comment.create  pybend/core/models/storable_mixin.py:63
│                    └─ 0.006 ProductComment.create  pybend/core/models/storable_mixin.py:63
│                       └─ 0.006 SQLiteStorage.create  pybend/core/storage/sqlite_storage.py:93
│                          └─ 0.006 Connection.commit  <built-in>
└─ 0.001 deque.popleft  <built-in>



========================================================================
POST /products/1/favorite  ->  200  (7.8ms)
========================================================================

  _     ._   __/__   _ _  _  _ _/_   Recorded: 15:15:54  Samples:  4
 /_//_/// /_\ / //_// / //_'/ //     Duration: 0.008     CPU time: 0.002
/   _/                      v5.1.2

Profile at /code/pystack/pybend/src/pybend/example/../../pybend/core/tests/profiling/middleware.py:57

0.007 Handle._run  asyncio/events.py:86
├─ 0.006 coro  starlette/middleware/base.py:136
│     [10 frames hidden]  starlette, fastapi
│        0.006 run_endpoint_function  fastapi/routing.py:204
│        └─ 0.006 post_with_id  pybend/core/api/routes_fastapi.py:300
│           └─ 0.006 Product.favorite  models/product.py:72
│              ├─ 0.005 ProductLike.delete  pybend/core/models/storable_mixin.py:125
│              │  └─ 0.005 SQLiteStorage.delete  pybend/core/storage/sqlite_storage.py:584
│              │     └─ 0.005 Connection.commit  <built-in>
│              └─ 0.001 ProductLike.list  pybend/core/models/storable_mixin.py:91
│                 └─ 0.001 SQLiteStorage.list  pybend/core/storage/sqlite_storage.py:124
│                    └─ 0.001 ProductLike.__init__  pybend/core/models/proto_model.py:97
└─ 0.001 RequestResponseCycle.run_asgi  uvicorn/protocols/http/h11_impl.py:401
      [4 frames hidden]  uvicorn, fastapi, starlette
         0.000 ServerErrorMiddleware.__call__  starlette/middleware/errors.py:150
         └─ 0.000 ProfilingMiddleware.__call__  pybend/core/tests/profiling/middleware.py:35
            └─ 0.000 JWTAuthMiddleware.__call__  starlette/middleware/base.py:98
               └─ 0.000 JWTAuthMiddleware.dispatch  pybend/core/api/backend.py:92
                  └─ 0.000 call_next  starlette/middleware/base.py:109



========================================================================
POST /products/2/favorite  ->  200  (7.7ms)
========================================================================

  _     ._   __/__   _ _  _  _ _/_   Recorded: 15:15:54  Samples:  4
 /_//_/// /_\ / //_// / //_'/ //     Duration: 0.008     CPU time: 0.002
/   _/                      v5.1.2

Profile at /code/pystack/pybend/src/pybend/example/../../pybend/core/tests/profiling/middleware.py:57

0.008 Handle._run  asyncio/events.py:86
├─ 0.006 coro  starlette/middleware/base.py:136
│     [10 frames hidden]  starlette, fastapi
│        0.006 run_endpoint_function  fastapi/routing.py:204
│        └─ 0.006 post_with_id  pybend/core/api/routes_fastapi.py:300
│           └─ 0.006 Product.favorite  models/product.py:72
│              └─ 0.006 Like.save  pybend/core/models/storable_mixin.py:36
│                 └─ 0.006 Like.create  pybend/core/models/storable_mixin.py:63
│                    └─ 0.006 ProductLike.create  pybend/core/models/storable_mixin.py:63
│                       └─ 0.006 SQLiteStorage.create  pybend/core/storage/sqlite_storage.py:93
│                          ├─ 0.006 Connection.commit  <built-in>
│                          └─ 0.000 Logger.info  logging/__init__.py:1529
│                                [4 frames hidden]  logging, <built-in>
├─ 0.001 RequestResponseCycle.run_asgi  uvicorn/protocols/http/h11_impl.py:401
│     [3 frames hidden]  uvicorn, fastapi, starlette
│        0.001 ServerErrorMiddleware.__call__  starlette/middleware/errors.py:150
│        └─ 0.001 ProfilingMiddleware.__call__  pybend/core/tests/profiling/middleware.py:35
│           └─ 0.001 JWTAuthMiddleware.__call__  starlette/middleware/base.py:98
└─ 0.001 wrap  starlette/middleware/base.py:116
   └─ 0.001 Event.wait  anyio/_backends/_asyncio.py:1785



========================================================================
POST /products/3/favorite  ->  200  (7.6ms)
========================================================================

  _     ._   __/__   _ _  _  _ _/_   Recorded: 15:15:54  Samples:  3
 /_//_/// /_\ / //_// / //_'/ //     Duration: 0.008     CPU time: 0.002
/   _/                      v5.1.2

Profile at /code/pystack/pybend/src/pybend/example/../../pybend/core/tests/profiling/middleware.py:57

0.007 Handle._run  asyncio/events.py:86
├─ 0.006 coro  starlette/middleware/base.py:136
│     [10 frames hidden]  starlette, fastapi
│        0.006 run_endpoint_function  fastapi/routing.py:204
│        └─ 0.006 post_with_id  pybend/core/api/routes_fastapi.py:300
│           ├─ 0.006 Product.favorite  models/product.py:72
│           │  └─ 0.006 Like.save  pybend/core/models/storable_mixin.py:36
│           │     └─ 0.006 Like.create  pybend/core/models/storable_mixin.py:63
│           │        └─ 0.006 ProductLike.create  pybend/core/models/storable_mixin.py:63
│           │           └─ 0.006 SQLiteStorage.create  pybend/core/storage/sqlite_storage.py:93
│           │              └─ 0.006 Connection.commit  <built-in>
│           └─ 0.001 Product.get  pybend/core/models/storable_mixin.py:102
│              └─ 0.001 SQLiteStorage.get  pybend/core/storage/sqlite_storage.py:240
│                 └─ 0.001 Cursor.fetchall  <built-in>
└─ 0.000 RequestResponseCycle.run_asgi  uvicorn/protocols/http/h11_impl.py:401
      [3 frames hidden]  uvicorn, fastapi, starlette
         0.000 ServerErrorMiddleware.__call__  starlette/middleware/errors.py:150
         └─ 0.000 ProfilingMiddleware.__call__  pybend/core/tests/profiling/middleware.py:35
            └─ 0.000 JWTAuthMiddleware.__call__  starlette/middleware/base.py:98
               └─ 0.000 _StreamingResponse.__call__  starlette/middleware/base.py:205
                  └─ 0.000 send_wrapper  pybend/core/tests/profiling/middleware.py:48
                     └─ 0.000 _send  starlette/middleware/errors.py:157
                           [10 frames hidden]  uvicorn, logging, <built-in>



========================================================================
GET /Product  ->  200  (27.2ms)
========================================================================

  _     ._   __/__   _ _  _  _ _/_   Recorded: 15:15:57  Samples:  27
 /_//_/// /_\ / //_// / //_'/ //     Duration: 0.027     CPU time: 0.027
/   _/                      v5.1.2

Profile at /code/pystack/pybend/src/pybend/example/../../pybend/core/tests/profiling/middleware.py:57

0.026 Handle._run  asyncio/events.py:86
├─ 0.022 coro  starlette/middleware/base.py:136
│     [15 frames hidden]  starlette, fastapi
│        0.020 run_endpoint_function  fastapi/routing.py:204
│        └─ 0.020 get_model_schema  pybend/core/api/routes_fastapi.py:169
│           └─ 0.020 Product.schema  pybend/core/models/proto_model.py:198
│              ├─ 0.019 Product.run_pipeline  pybend/core/models/proto_schema.py:105
│              │  ├─ 0.010 Product.defs  pybend/core/models/proto_schema.py:173
│              │  │  ├─ 0.008 Product.referenced_json_schema  pybend/core/models/proto_model.py:215
│              │  │  │  └─ 0.008 Product.model_json_schema  pydantic/main.py:413
│              │  │  │        [21 frames hidden]  pydantic
│              │  │  │           0.004 new_handler_func  pydantic/json_schema.py:520
│              │  │  │           └─ 0.004 Product.__get_pydantic_json_schema__  pybend/core/models/proto_model.py:237
│              │  │  │              └─ 0.004 Product.__get_pydantic_json_schema__  pydantic/main.py:628
│              │  │  │                    [43 frames hidden]  pydantic, contextlib, typing
│              │  │  │                       0.002 new_handler_func  pydantic/json_schema.py:520
│              │  │  │                       └─ 0.001 Comment.__get_pydantic_json_schema__  pybend/core/models/proto_model.py:237
│              │  │  │                          └─ 0.001 Comment.__get_pydantic_json_schema__  pydantic/main.py:628
│              │  │  │                                [28 frames hidden]  pydantic, contextlib
│              │  │  │           0.002 new_handler_func  pydantic/json_schema.py:520
│              │  │  │           └─ 0.002 User.__get_pydantic_json_schema__  pybend/core/models/proto_model.py:237
│              │  │  │              └─ 0.002 User.__get_pydantic_json_schema__  pydantic/main.py:628
│              │  │  │                    [29 frames hidden]  pydantic, <built-in>
│              │  │  ├─ 0.001 Product.__pybend_methods_json_signature__  pybend/core/models/proto_model.py:140
│              │  │  │  └─ 0.001 getattr  <built-in>
│              │  │  └─ 0.001 collect_all_referenced_models  pybend/core/utils/introspection.py:63
│              │  │     └─ 0.001 collect_all_referenced_models  pybend/core/utils/introspection.py:63
│              │  │        └─ 0.001 collect_all_referenced_models  pybend/core/utils/introspection.py:63
│              │  │           └─ 0.001 User.__pybend_methods_json_signature__  pybend/core/models/proto_model.py:140
│              │  │              └─ 0.001 getattr  <built-in>
│              │  ├─ 0.007 Product.base  pybend/core/models/proto_schema.py:146
│              │  │  └─ 0.007 Product.model_json_schema  pydantic/main.py:413
│              │  │        [18 frames hidden]  pydantic
│              │  │           0.005 new_handler_func  pydantic/json_schema.py:520
│              │  │           └─ 0.005 Like.__get_pydantic_json_schema__  pybend/core/models/proto_model.py:237
│              │  │              └─ 0.005 Like.__get_pydantic_json_schema__  pydantic/main.py:628
│              │  │                    [53 frames hidden]  pydantic, re, <built-in>, typing
│              │  │                       0.001 new_handler_func  pydantic/json_schema.py:520
│              │  │                       └─ 0.001 Comment.__get_pydantic_json_schema__  pybend/core/models/proto_model.py:237
│              │  │                          └─ 0.001 Comment.__get_pydantic_json_schema__  pydantic/main.py:628
│              │  │                                [33 frames hidden]  pydantic, <built-in>
│              │  ├─ 0.001 Product.access  pybend/core/models/proto_schema.py:203
│              │  │  └─ 0.001 collect_all_referenced_models  pybend/core/utils/introspection.py:63
│              │  │     └─ 0.001 Product.__pybend_methods_json_signature__  pybend/core/models/proto_model.py:140
│              │  │        └─ 0.001 get_type_hints  typing.py:2186
│              │  └─ 0.001 Product.ui  pybend/core/models/proto_schema.py:215
│              │     └─ 0.001 collect_all_referenced_models  pybend/core/utils/introspection.py:63
│              │        └─ 0.001 collect_all_referenced_models  pybend/core/utils/introspection.py:63
│              │           └─ 0.001 collect_all_referenced_models  pybend/core/utils/introspection.py:63
│              │              └─ 0.001 set.add  <built-in>
│              └─ 0.001 deepcopy  copy.py:118
│                    [12 frames hidden]  copy
└─ 0.004 RequestResponseCycle.run_asgi  uvicorn/protocols/http/h11_impl.py:401
      [3 frames hidden]  uvicorn, fastapi, starlette
         0.004 ServerErrorMiddleware.__call__  starlette/middleware/errors.py:150
         └─ 0.004 ProfilingMiddleware.__call__  pybend/core/tests/profiling/middleware.py:35
            └─ 0.004 JWTAuthMiddleware.__call__  starlette/middleware/base.py:98
                  [10 frames hidden]  anyio, importlib, dataclasses, <built...
                     0.001 _StreamingResponse.__call__  starlette/middleware/base.py:205
                     └─ 0.001 send_wrapper  pybend/core/tests/profiling/middleware.py:48
                        └─ 0.001 _send  starlette/middleware/errors.py:157
                              [4 frames hidden]  uvicorn, h11



========================================================================
POST /users/login  ->  200  (187.8ms)
========================================================================

  _     ._   __/__   _ _  _  _ _/_   Recorded: 15:15:57  Samples:  4
 /_//_/// /_\ / //_// / //_'/ //     Duration: 0.188     CPU time: 0.187
/   _/                      v5.1.2

Profile at /code/pystack/pybend/src/pybend/example/../../pybend/core/tests/profiling/middleware.py:57

0.187 Handle._run  asyncio/events.py:86
└─ 0.186 coro  starlette/middleware/base.py:136
      [10 frames hidden]  starlette, fastapi
         0.186 run_endpoint_function  fastapi/routing.py:204
         └─ 0.186 post_no_id  pybend/core/api/routes_fastapi.py:336
            └─ 0.186 User.login  pybend/core/models/base_user.py:74
               └─ 0.186 verify_password  pybend/core/authorize/auth.py:42
                  └─ 0.186 checkpw  <built-in>



========================================================================
GET /Product  ->  200  (4.3ms)
========================================================================

  _     ._   __/__   _ _  _  _ _/_   Recorded: 15:15:58  Samples:  5
 /_//_/// /_\ / //_// / //_'/ //     Duration: 0.004     CPU time: 0.004
/   _/                      v5.1.2

Profile at /code/pystack/pybend/src/pybend/example/../../pybend/core/tests/profiling/middleware.py:57

0.004 Handle._run  asyncio/events.py:86
├─ 0.003 coro  starlette/middleware/base.py:136
│     [15 frames hidden]  starlette, fastapi
│        0.002 jsonable_encoder  fastapi/encoders.py:102
│        └─ 0.001 [self]  fastapi/encoders.py
│           0.001 jsonable_encoder  fastapi/encoders.py:102
│        0.001 run_endpoint_function  fastapi/routing.py:204
│        └─ 0.001 get_model_schema  pybend/core/api/routes_fastapi.py:169
│           └─ 0.001 Product.schema  pybend/core/models/proto_model.py:198
│              └─ 0.001 deepcopy  copy.py:118
│                    [8 frames hidden]  copy
│                       0.001 _deepcopy_dict  copy.py:217
├─ 0.001 _SelectorSocketTransport._read_ready  asyncio/selector_events.py:969
│     [4 frames hidden]  asyncio
│        0.001 _UnixSelectorEventLoop._remove_writer  asyncio/selector_events.py:331
└─ 0.000 RequestResponseCycle.run_asgi  uvicorn/protocols/http/h11_impl.py:401
      [3 frames hidden]  uvicorn, fastapi, starlette
         0.000 ServerErrorMiddleware.__call__  starlette/middleware/errors.py:150
         └─ 0.000 ProfilingMiddleware.__call__  pybend/core/tests/profiling/middleware.py:35
            └─ 0.000 JWTAuthMiddleware.__call__  starlette/middleware/base.py:98
               └─ 0.000 JWTAuthMiddleware.dispatch  pybend/core/api/backend.py:92
                  └─ 0.000 URL.path  starlette/datastructures.py:78
                     └─ 0.000 URL.components  starlette/datastructures.py:64



========================================================================
GET /Product  ->  200  (5.0ms)
========================================================================

  _     ._   __/__   _ _  _  _ _/_   Recorded: 15:15:58  Samples:  5
 /_//_/// /_\ / //_// / //_'/ //     Duration: 0.005     CPU time: 0.005
/   _/                      v5.1.2

Profile at /code/pystack/pybend/src/pybend/example/../../pybend/core/tests/profiling/middleware.py:57

0.005 Handle._run  asyncio/events.py:86
├─ 0.004 coro  starlette/middleware/base.py:136
│     [16 frames hidden]  starlette, fastapi
│        0.001 jsonable_encoder  fastapi/encoders.py:102
│        0.001 isinstance  <built-in>
│        0.001 ModelMetaclass.__instancecheck__  pydantic/_internal/_model_construction.py:248
│        0.001 run_endpoint_function  fastapi/routing.py:204
│        └─ 0.001 get_model_schema  pybend/core/api/routes_fastapi.py:169
│           └─ 0.001 Product.schema  pybend/core/models/proto_model.py:198
│              └─ 0.001 deepcopy  copy.py:118
│                    [10 frames hidden]  copy
└─ 0.001 RequestResponseCycle.run_asgi  uvicorn/protocols/http/h11_impl.py:401
      [3 frames hidden]  uvicorn, fastapi, starlette
         0.001 ServerErrorMiddleware.__call__  starlette/middleware/errors.py:150
         └─ 0.001 ProfilingMiddleware.__call__  pybend/core/tests/profiling/middleware.py:35
            └─ 0.001 JWTAuthMiddleware.__call__  starlette/middleware/base.py:98
               └─ 0.001 _StreamingResponse.__call__  starlette/middleware/base.py:205
                  └─ 0.001 send_wrapper  pybend/core/tests/profiling/middleware.py:48
                     └─ 0.001 _send  starlette/middleware/errors.py:157
                           [5 frames hidden]  uvicorn, h11
                              0.001 maybe_read_from_IDLE_client  h11/_readers.py:75



========================================================================
GET /Product  ->  200  (4.3ms)
========================================================================

  _     ._   __/__   _ _  _  _ _/_   Recorded: 15:15:58  Samples:  5
 /_//_/// /_\ / //_// / //_'/ //     Duration: 0.004     CPU time: 0.004
/   _/                      v5.1.2

Profile at /code/pystack/pybend/src/pybend/example/../../pybend/core/tests/profiling/middleware.py:57

0.004 _UnixSelectorEventLoop._run_once  asyncio/base_events.py:1910
├─ 0.003 Handle._run  asyncio/events.py:86
│     [20 frames hidden]  starlette, fastapi, uvicorn
│        0.002 jsonable_encoder  fastapi/encoders.py:102
│        │  0.001 jsonable_encoder  fastapi/encoders.py:102
│        └─ 0.001 [self]  fastapi/encoders.py
│        0.001 run_endpoint_function  fastapi/routing.py:204
│        └─ 0.001 get_model_schema  pybend/core/api/routes_fastapi.py:169
│           └─ 0.001 Product.schema  pybend/core/models/proto_model.py:198
│              └─ 0.001 deepcopy  copy.py:118
│                 └─ 0.001 _deepcopy_dict  copy.py:217
│                    └─ 0.001 deepcopy  copy.py:118
│        0.000 ServerErrorMiddleware.__call__  starlette/middleware/errors.py:150
│        └─ 0.000 ProfilingMiddleware.__call__  pybend/core/tests/profiling/middleware.py:35
│           └─ 0.000 JWTAuthMiddleware.__call__  starlette/middleware/base.py:98
│                 [3 frames hidden]  anyio
└─ 0.001 EpollSelector.select  selectors.py:451



========================================================================
GET /User  ->  200  (6.1ms)
========================================================================

  _     ._   __/__   _ _  _  _ _/_   Recorded: 15:15:58  Samples:  6
 /_//_/// /_\ / //_// / //_'/ //     Duration: 0.006     CPU time: 0.006
/   _/                      v5.1.2

Profile at /code/pystack/pybend/src/pybend/example/../../pybend/core/tests/profiling/middleware.py:57

0.006 Handle._run  asyncio/events.py:86
├─ 0.005 coro  starlette/middleware/base.py:136
│     [18 frames hidden]  starlette, fastapi, dataclasses, <bui...
│        0.004 run_endpoint_function  fastapi/routing.py:204
│        └─ 0.004 get_model_schema  pybend/core/api/routes_fastapi.py:169
│           └─ 0.004 User.schema  pybend/core/models/proto_model.py:198
│              └─ 0.004 User.run_pipeline  pybend/core/models/proto_schema.py:105
│                 ├─ 0.002 User.defs  pybend/core/models/proto_schema.py:173
│                 │  ├─ 0.001 User.referenced_json_schema  pybend/core/models/proto_model.py:215
│                 │  │  └─ 0.001 User.model_json_schema  pydantic/main.py:413
│                 │  │        [4 frames hidden]  pydantic
│                 │  │           0.001 new_handler_func  pydantic/json_schema.py:520
│                 │  │           └─ 0.001 User.__get_pydantic_json_schema__  pybend/core/models/proto_model.py:237
│                 │  │              └─ 0.001 User.__get_pydantic_json_schema__  pydantic/main.py:628
│                 │  │                    [29 frames hidden]  pydantic, contextlib, <built-in>
│                 │  └─ 0.001 User.__pybend_methods_json_signature__  pybend/core/models/proto_model.py:140
│                 │     └─ 0.001 get_type_hints  typing.py:2186
│                 │           [2 frames hidden]  typing
│                 └─ 0.002 User.base  pybend/core/models/proto_schema.py:146
│                    └─ 0.002 User.model_json_schema  pydantic/main.py:413
│                          [7 frames hidden]  pydantic, <built-in>
│                             0.001 new_handler_func  pydantic/json_schema.py:520
│                             └─ 0.001 User.__get_pydantic_json_schema__  pybend/core/models/proto_model.py:237
│                                └─ 0.001 User.__get_pydantic_json_schema__  pydantic/main.py:628
│                                      [30 frames hidden]  pydantic
└─ 0.001 RequestResponseCycle.run_asgi  uvicorn/protocols/http/h11_impl.py:401
      [3 frames hidden]  uvicorn, fastapi, starlette
         0.001 ServerErrorMiddleware.__call__  starlette/middleware/errors.py:150
         └─ 0.001 ProfilingMiddleware.__call__  pybend/core/tests/profiling/middleware.py:35
            └─ 0.001 JWTAuthMiddleware.__call__  starlette/middleware/base.py:98
               └─ 0.001 _StreamingResponse.__call__  starlette/middleware/base.py:205
                  └─ 0.001 send_wrapper  pybend/core/tests/profiling/middleware.py:48
                     └─ 0.001 _send  starlette/middleware/errors.py:157
                           [3 frames hidden]  uvicorn, asyncio, <built-in>



========================================================================
GET /User  ->  200  (2.2ms)
========================================================================

  _     ._   __/__   _ _  _  _ _/_   Recorded: 15:15:58  Samples:  2
 /_//_/// /_\ / //_// / //_'/ //     Duration: 0.002     CPU time: 0.002
/   _/                      v5.1.2

Profile at /code/pystack/pybend/src/pybend/example/../../pybend/core/tests/profiling/middleware.py:57

0.002 Handle._run  asyncio/events.py:86
├─ 0.001 RequestResponseCycle.run_asgi  uvicorn/protocols/http/h11_impl.py:401
│     [3 frames hidden]  uvicorn, fastapi, starlette
│        0.001 ServerErrorMiddleware.__call__  starlette/middleware/errors.py:150
│        └─ 0.001 ProfilingMiddleware.__call__  pybend/core/tests/profiling/middleware.py:35
│           └─ 0.001 JWTAuthMiddleware.__call__  starlette/middleware/base.py:98
│              └─ 0.001 _StreamingResponse.__call__  starlette/middleware/base.py:205
│                 └─ 0.001 send_wrapper  pybend/core/tests/profiling/middleware.py:48
│                    └─ 0.001 _send  starlette/middleware/errors.py:157
│                          [2 frames hidden]  uvicorn, h11
│                             0.001 normalize_and_validate  h11/_headers.py:152
└─ 0.001 coro  starlette/middleware/base.py:136
      [11 frames hidden]  starlette, fastapi
         0.001 jsonable_encoder  fastapi/encoders.py:102



========================================================================
GET /User  ->  200  (2.6ms)
========================================================================

  _     ._   __/__   _ _  _  _ _/_   Recorded: 15:15:58  Samples:  2
 /_//_/// /_\ / //_// / //_'/ //     Duration: 0.003     CPU time: 0.003
/   _/                      v5.1.2

Profile at /code/pystack/pybend/src/pybend/example/../../pybend/core/tests/profiling/middleware.py:57

0.002 Handle._run  asyncio/events.py:86
├─ 0.001 RequestResponseCycle.run_asgi  uvicorn/protocols/http/h11_impl.py:401
│     [3 frames hidden]  uvicorn, fastapi, starlette
│        0.001 ServerErrorMiddleware.__call__  starlette/middleware/errors.py:150
│        └─ 0.001 ProfilingMiddleware.__call__  pybend/core/tests/profiling/middleware.py:35
│           └─ 0.001 JWTAuthMiddleware.__call__  starlette/middleware/base.py:98
│              └─ 0.001 _StreamingResponse.__call__  starlette/middleware/base.py:205
│                 └─ 0.001 send_wrapper  pybend/core/tests/profiling/middleware.py:48
│                    └─ 0.001 _send  starlette/middleware/errors.py:157
│                       └─ 0.001 RequestResponseCycle.send  uvicorn/protocols/http/h11_impl.py:447
│                          └─ 0.001 get_path_with_query_string  uvicorn/protocols/utils.py:52
└─ 0.001 coro  starlette/middleware/base.py:136
      [16 frames hidden]  starlette, fastapi
         0.001 is_dataclass  dataclasses.py:1294



========================================================================
GET /products  ->  200  (2.6ms)
========================================================================

  _     ._   __/__   _ _  _  _ _/_   Recorded: 15:15:58  Samples:  2
 /_//_/// /_\ / //_// / //_'/ //     Duration: 0.003     CPU time: 0.003
/   _/                      v5.1.2

Profile at /code/pystack/pybend/src/pybend/example/../../pybend/core/tests/profiling/middleware.py:57

0.002 Handle._run  asyncio/events.py:86
└─ 0.002 coro  starlette/middleware/base.py:136
      [15 frames hidden]  starlette, fastapi, json
         0.001 JSONEncoder.iterencode  json/encoder.py:205
         0.001 run_endpoint_function  fastapi/routing.py:204
         └─ 0.001 list_all_instances  pybend/core/api/routes_fastapi.py:93
            └─ 0.001 Product.list  pybend/core/models/storable_mixin.py:91
               └─ 0.001 SQLiteStorage.list  pybend/core/storage/sqlite_storage.py:124
                  └─ 0.001 Cursor.execute  <built-in>



========================================================================
GET /products  ->  200  (2.5ms)
========================================================================

  _     ._   __/__   _ _  _  _ _/_   Recorded: 15:15:58  Samples:  2
 /_//_/// /_\ / //_// / //_'/ //     Duration: 0.003     CPU time: 0.003
/   _/                      v5.1.2

Profile at /code/pystack/pybend/src/pybend/example/../../pybend/core/tests/profiling/middleware.py:57

0.002 Handle._run  asyncio/events.py:86
└─ 0.002 coro  starlette/middleware/base.py:136
      [13 frames hidden]  starlette, fastapi
         0.001 dumps  json/__init__.py:183
         0.001 run_endpoint_function  fastapi/routing.py:204
         └─ 0.001 list_all_instances  pybend/core/api/routes_fastapi.py:93
            └─ 0.001 Product.list  pybend/core/models/storable_mixin.py:91
               └─ 0.001 SQLiteStorage.list  pybend/core/storage/sqlite_storage.py:124
                  └─ 0.001 Cursor.execute  <built-in>



========================================================================
GET /products  ->  200  (7.4ms)
========================================================================

  _     ._   __/__   _ _  _  _ _/_   Recorded: 15:15:58  Samples:  7
 /_//_/// /_\ / //_// / //_'/ //     Duration: 0.007     CPU time: 0.007
/   _/                      v5.1.2

Profile at /code/pystack/pybend/src/pybend/example/../../pybend/core/tests/profiling/middleware.py:57

0.007 Handle._run  asyncio/events.py:86
├─ 0.006 coro  starlette/middleware/base.py:136
│     [19 frames hidden]  starlette, fastapi, <built-in>, datac...
│        0.004 jsonable_encoder  fastapi/encoders.py:102
│        └─ 0.002 [self]  fastapi/encoders.py
│        0.002 run_endpoint_function  fastapi/routing.py:204
│        └─ 0.002 list_all_instances  pybend/core/api/routes_fastapi.py:93
│           └─ 0.002 Product.list  pybend/core/models/storable_mixin.py:91
│              └─ 0.002 SQLiteStorage.list  pybend/core/storage/sqlite_storage.py:124
│                 └─ 0.002 SQLiteStorage._populate_fields  pybend/core/storage/sqlite_storage.py:320
│                    ├─ 0.001 ProductComment.__init__  pybend/core/models/proto_model.py:97
│                    └─ 0.001 [self]  pybend/core/storage/sqlite_storage.py
└─ 0.001 RequestResponseCycle.run_asgi  uvicorn/protocols/http/h11_impl.py:401
      [3 frames hidden]  uvicorn, fastapi, starlette
         0.001 ServerErrorMiddleware.__call__  starlette/middleware/errors.py:150
         └─ 0.001 ProfilingMiddleware.__call__  pybend/core/tests/profiling/middleware.py:35
            └─ 0.001 JWTAuthMiddleware.__call__  starlette/middleware/base.py:98
               └─ 0.001 _StreamingResponse.__call__  starlette/middleware/base.py:205
                  └─ 0.001 send_wrapper  pybend/core/tests/profiling/middleware.py:48
                     └─ 0.001 _send  starlette/middleware/errors.py:157
                           [5 frames hidden]  uvicorn, h11, <built-in>



========================================================================
GET /products  ->  200  (8.5ms)
========================================================================

  _     ._   __/__   _ _  _  _ _/_   Recorded: 15:15:58  Samples:  9
 /_//_/// /_\ / //_// / //_'/ //     Duration: 0.008     CPU time: 0.008
/   _/                      v5.1.2

Profile at /code/pystack/pybend/src/pybend/example/../../pybend/core/tests/profiling/middleware.py:57

0.008 Handle._run  asyncio/events.py:86
└─ 0.008 coro  starlette/middleware/base.py:136
      [25 frames hidden]  starlette, fastapi, anyio, asyncio
         0.004 jsonable_encoder  fastapi/encoders.py:102
         0.003 run_endpoint_function  fastapi/routing.py:204
         └─ 0.003 list_all_instances  pybend/core/api/routes_fastapi.py:93
            ├─ 0.002 Product.list  pybend/core/models/storable_mixin.py:91
            │  └─ 0.002 SQLiteStorage.list  pybend/core/storage/sqlite_storage.py:124
            │     └─ 0.002 SQLiteStorage._populate_fields  pybend/core/storage/sqlite_storage.py:320
            │        ├─ 0.001 [self]  pybend/core/storage/sqlite_storage.py
            │        └─ 0.001 dict.get  <built-in>
            └─ 0.001 _serialize  pybend/core/api/routes_fastapi.py:34
               └─ 0.001 Product.model_dump  pybend/core/models/proto_model.py:118
                  └─ 0.001 Product.model_dump  pydantic/main.py:309
                     └─ 0.001 SchemaSerializer.to_python  <built-in>



========================================================================
GET /products  ->  200  (16.9ms)
========================================================================

  _     ._   __/__   _ _  _  _ _/_   Recorded: 15:15:58  Samples:  17
 /_//_/// /_\ / //_// / //_'/ //     Duration: 0.017     CPU time: 0.017
/   _/                      v5.1.2

Profile at /code/pystack/pybend/src/pybend/example/../../pybend/core/tests/profiling/middleware.py:57

0.016 Handle._run  asyncio/events.py:86
├─ 0.015 coro  starlette/middleware/base.py:136
│     [30 frames hidden]  starlette, fastapi, <built-in>, datac...
│        0.005 run_endpoint_function  fastapi/routing.py:204
│        └─ 0.005 list_all_instances  pybend/core/api/routes_fastapi.py:93
│           └─ 0.005 Product.list  pybend/core/models/storable_mixin.py:91
│              └─ 0.005 SQLiteStorage.list  pybend/core/storage/sqlite_storage.py:124
│                 └─ 0.005 SQLiteStorage._populate_fields  pybend/core/storage/sqlite_storage.py:320
│                    ├─ 0.004 SQLiteStorage._populate_fields  pybend/core/storage/sqlite_storage.py:320
│                    │  ├─ 0.001 CommentLike.__init__  pybend/core/models/proto_model.py:97
│                    │  ├─ 0.001 ProductComment.__getattr__  pydantic/main.py:781
│                    │  │  └─ 0.001 ModelMetaclass.__getattr__  pydantic/_internal/_model_construction.py:229
│                    │  ├─ 0.001 [self]  pybend/core/storage/sqlite_storage.py
│                    │  └─ 0.001 str.rsplit  <built-in>
│                    └─ 0.001 getattr  <built-in>
└─ 0.001 RequestResponseCycle.run_asgi  uvicorn/protocols/http/h11_impl.py:401
      [4 frames hidden]  uvicorn, fastapi, starlette



========================================================================
GET /products  ->  200  (19.7ms)
========================================================================

  _     ._   __/__   _ _  _  _ _/_   Recorded: 15:15:58  Samples:  20
 /_//_/// /_\ / //_// / //_'/ //     Duration: 0.020     CPU time: 0.020
/   _/                      v5.1.2

Profile at /code/pystack/pybend/src/pybend/example/../../pybend/core/tests/profiling/middleware.py:57

0.019 Handle._run  asyncio/events.py:86
└─ 0.019 coro  starlette/middleware/base.py:136
      [47 frames hidden]  starlette, fastapi, <built-in>, datac...
         0.006 run_endpoint_function  fastapi/routing.py:204
         └─ 0.006 list_all_instances  pybend/core/api/routes_fastapi.py:93
            └─ 0.006 Product.list  pybend/core/models/storable_mixin.py:91
               └─ 0.006 SQLiteStorage.list  pybend/core/storage/sqlite_storage.py:124
                  └─ 0.006 SQLiteStorage._populate_fields  pybend/core/storage/sqlite_storage.py:320
                     ├─ 0.004 SQLiteStorage._populate_fields  pybend/core/storage/sqlite_storage.py:320
                     │  ├─ 0.002 CommentLike.model_dump  pybend/core/models/proto_model.py:118
                     │  │  ├─ 0.001 [self]  pybend/core/models/proto_model.py
                     │  │  └─ 0.001 User.model_dump  pydantic/main.py:309
                     │  │     └─ 0.001 SchemaSerializer.to_python  <built-in>
                     │  ├─ 0.001 ProductComment.__getattr__  pydantic/main.py:781
                     │  └─ 0.001 Cursor.execute  <built-in>
                     └─ 0.002 ProductComment.model_dump  pybend/core/models/proto_model.py:118
                        └─ 0.002 ProductComment.model_dump  pydantic/main.py:309



========================================================================
GET /products  ->  200  (2.4ms)
========================================================================

  _     ._   __/__   _ _  _  _ _/_   Recorded: 15:15:58  Samples:  2
 /_//_/// /_\ / //_// / //_'/ //     Duration: 0.002     CPU time: 0.002
/   _/                      v5.1.2

Profile at /code/pystack/pybend/src/pybend/example/../../pybend/core/tests/profiling/middleware.py:57

0.001 Handle._run  asyncio/events.py:86
└─ 0.001 coro  starlette/middleware/base.py:136
      [19 frames hidden]  starlette, fastapi
         0.001 jsonable_encoder  fastapi/encoders.py:102
         0.000 get_origin  typing.py:2310



========================================================================
GET /users  ->  200  (1.6ms)
========================================================================

  _     ._   __/__   _ _  _  _ _/_   Recorded: 15:15:58  Samples:  1
 /_//_/// /_\ / //_// / //_'/ //     Duration: 0.002     CPU time: 0.002
/   _/                      v5.1.2

Profile at /code/pystack/pybend/src/pybend/example/../../pybend/core/tests/profiling/middleware.py:57

0.001 Handle._run  asyncio/events.py:86
└─ 0.001 coro  starlette/middleware/base.py:136
      [10 frames hidden]  starlette, fastapi
         0.001 run_endpoint_function  fastapi/routing.py:204
         └─ 0.001 list_all_instances  pybend/core/api/routes_fastapi.py:93
            └─ 0.001 _serialize  pybend/core/api/routes_fastapi.py:34
               └─ 0.001 User.model_dump  pybend/core/models/proto_model.py:118
                  └─ 0.001 User.model_dump  pydantic/main.py:309
                     └─ 0.001 SchemaSerializer.to_python  <built-in>



========================================================================
GET /products/1  ->  200  (1.6ms)
========================================================================

  _     ._   __/__   _ _  _  _ _/_   Recorded: 15:15:58  Samples:  1
 /_//_/// /_\ / //_// / //_'/ //     Duration: 0.002     CPU time: 0.002
/   _/                      v5.1.2

Profile at /code/pystack/pybend/src/pybend/example/../../pybend/core/tests/profiling/middleware.py:57

0.001 RequestResponseCycle.run_asgi  uvicorn/protocols/http/h11_impl.py:401



========================================================================
GET /products/2  ->  200  (1.4ms)
========================================================================

  _     ._   __/__   _ _  _  _ _/_   Recorded: 15:15:58  Samples:  1
 /_//_/// /_\ / //_// / //_'/ //     Duration: 0.001     CPU time: 0.001
/   _/                      v5.1.2

Profile at /code/pystack/pybend/src/pybend/example/../../pybend/core/tests/profiling/middleware.py:57

0.001 ProfilingMiddleware.__call__  pybend/core/tests/profiling/middleware.py:35
└─ 0.001 JWTAuthMiddleware.__call__  starlette/middleware/base.py:98



========================================================================
GET /products/3  ->  200  (1.4ms)
========================================================================

  _     ._   __/__   _ _  _  _ _/_   Recorded: 15:15:58  Samples:  2
 /_//_/// /_\ / //_// / //_'/ //     Duration: 0.001     CPU time: 0.001
/   _/                      v5.1.2

Profile at /code/pystack/pybend/src/pybend/example/../../pybend/core/tests/profiling/middleware.py:57

0.001 Handle._run  asyncio/events.py:86
├─ 0.001 coro  starlette/middleware/base.py:136
│     [15 frames hidden]  starlette, anyio
│        0.001 Event.wait  asyncio/locks.py:199
│        └─ 0.001 [await]  asyncio/locks.py
└─ 0.000 RequestResponseCycle.run_asgi  uvicorn/protocols/http/h11_impl.py:401
      [3 frames hidden]  uvicorn, fastapi, starlette
         0.000 ServerErrorMiddleware.__call__  starlette/middleware/errors.py:150
         └─ 0.000 ProfilingMiddleware.__call__  pybend/core/tests/profiling/middleware.py:35
            └─ 0.000 JWTAuthMiddleware.__call__  starlette/middleware/base.py:98
                  [3 frames hidden]  starlette



========================================================================
GET /products/1  ->  200  (2.1ms)
========================================================================

  _     ._   __/__   _ _  _  _ _/_   Recorded: 15:15:58  Samples:  2
 /_//_/// /_\ / //_// / //_'/ //     Duration: 0.002     CPU time: 0.002
/   _/                      v5.1.2

Profile at /code/pystack/pybend/src/pybend/example/../../pybend/core/tests/profiling/middleware.py:57

0.002 Handle._run  asyncio/events.py:86
├─ 0.001 RequestResponseCycle.run_asgi  uvicorn/protocols/http/h11_impl.py:401
│     [3 frames hidden]  uvicorn, fastapi, starlette
│        0.001 ServerErrorMiddleware.__call__  starlette/middleware/errors.py:150
│        └─ 0.001 ProfilingMiddleware.__call__  pybend/core/tests/profiling/middleware.py:35
│           └─ 0.001 Profiler.stop  pyinstrument/profiler.py:171
│              └─ 0.001 StackSampler.unsubscribe  pyinstrument/stack_sampler.py:100
└─ 0.001 coro  starlette/middleware/base.py:136
      [15 frames hidden]  starlette, fastapi
         0.001 str.startswith  <built-in>



========================================================================
GET /products/2  ->  200  (2.0ms)
========================================================================

  _     ._   __/__   _ _  _  _ _/_   Recorded: 15:15:58  Samples:  2
 /_//_/// /_\ / //_// / //_'/ //     Duration: 0.002     CPU time: 0.002
/   _/                      v5.1.2

Profile at /code/pystack/pybend/src/pybend/example/../../pybend/core/tests/profiling/middleware.py:57

0.001 Handle._run  asyncio/events.py:86
├─ 0.001 RequestResponseCycle.run_asgi  uvicorn/protocols/http/h11_impl.py:401
│     [3 frames hidden]  uvicorn, fastapi, starlette
│        0.001 ServerErrorMiddleware.__call__  starlette/middleware/errors.py:150
│        └─ 0.001 ProfilingMiddleware.__call__  pybend/core/tests/profiling/middleware.py:35
│           └─ 0.001 JWTAuthMiddleware.__call__  starlette/middleware/base.py:98
│              └─ 0.001 JWTAuthMiddleware.dispatch  pybend/core/api/backend.py:92
│                 └─ 0.001 call_next  starlette/middleware/base.py:109
│                       [2 frames hidden]  anyio
│                          0.001 Event.wait  asyncio/locks.py:199
│                          └─ 0.001 [await]  asyncio/locks.py
└─ 0.000 coro  starlette/middleware/base.py:136
      [11 frames hidden]  starlette, fastapi
         0.000 MutableHeaders.__delitem__  starlette/datastructures.py:585



========================================================================
GET /products/3  ->  200  (2.0ms)
========================================================================

  _     ._   __/__   _ _  _  _ _/_   Recorded: 15:15:58  Samples:  2
 /_//_/// /_\ / //_// / //_'/ //     Duration: 0.002     CPU time: 0.002
/   _/                      v5.1.2

Profile at /code/pystack/pybend/src/pybend/example/../../pybend/core/tests/profiling/middleware.py:57

0.002 Handle._run  asyncio/events.py:86
├─ 0.001 RequestResponseCycle.run_asgi  uvicorn/protocols/http/h11_impl.py:401
│     [3 frames hidden]  uvicorn, fastapi, starlette
│        0.001 ServerErrorMiddleware.__call__  starlette/middleware/errors.py:150
│        └─ 0.001 ProfilingMiddleware.__call__  pybend/core/tests/profiling/middleware.py:35
│           └─ 0.001 JWTAuthMiddleware.__call__  starlette/middleware/base.py:98
│              └─ 0.001 _StreamingResponse.__call__  starlette/middleware/base.py:205
│                 └─ 0.001 send_wrapper  pybend/core/tests/profiling/middleware.py:48
│                    └─ 0.001 _send  starlette/middleware/errors.py:157
│                          [6 frames hidden]  uvicorn, asyncio
│                             0.001 copy_context  <built-in>
└─ 0.001 coro  starlette/middleware/base.py:136
      [10 frames hidden]  starlette, fastapi
         0.001 run_endpoint_function  fastapi/routing.py:204
         └─ 0.001 read_instance  pybend/core/api/routes_fastapi.py:184
            └─ 0.001 Product.get  pybend/core/models/storable_mixin.py:102
               └─ 0.001 SQLiteStorage.get  pybend/core/storage/sqlite_storage.py:240
                  └─ 0.001 SQLiteStorage._populate_fields  pybend/core/storage/sqlite_storage.py:320



========================================================================
GET /products/1  ->  200  (2.9ms)
========================================================================

  _     ._   __/__   _ _  _  _ _/_   Recorded: 15:15:58  Samples:  2
 /_//_/// /_\ / //_// / //_'/ //     Duration: 0.003     CPU time: 0.003
/   _/                      v5.1.2

Profile at /code/pystack/pybend/src/pybend/example/../../pybend/core/tests/profiling/middleware.py:57

0.002 Handle._run  asyncio/events.py:86
└─ 0.002 coro  starlette/middleware/base.py:136
      [16 frames hidden]  starlette, fastapi
         0.001 isinstance  <built-in>
         0.001 run_endpoint_function  fastapi/routing.py:204
         └─ 0.001 read_instance  pybend/core/api/routes_fastapi.py:184
            └─ 0.001 Product.get  pybend/core/models/storable_mixin.py:102
               └─ 0.001 SQLiteStorage.get  pybend/core/storage/sqlite_storage.py:240
                  └─ 0.001 SQLiteStorage._populate_fields  pybend/core/storage/sqlite_storage.py:320
                     └─ 0.001 SQLiteStorage._populate_fields  pybend/core/storage/sqlite_storage.py:320



========================================================================
GET /products/2  ->  200  (3.0ms)
========================================================================

  _     ._   __/__   _ _  _  _ _/_   Recorded: 15:15:58  Samples:  3
 /_//_/// /_\ / //_// / //_'/ //     Duration: 0.003     CPU time: 0.003
/   _/                      v5.1.2

Profile at /code/pystack/pybend/src/pybend/example/../../pybend/core/tests/profiling/middleware.py:57

0.003 Handle._run  asyncio/events.py:86
├─ 0.002 coro  starlette/middleware/base.py:136
│     [18 frames hidden]  starlette, fastapi
│        0.001 str.startswith  <built-in>
│        0.001 run_endpoint_function  fastapi/routing.py:204
│        └─ 0.001 read_instance  pybend/core/api/routes_fastapi.py:184
│           └─ 0.001 Product.get  pybend/core/models/storable_mixin.py:102
│              └─ 0.001 SQLiteStorage.get  pybend/core/storage/sqlite_storage.py:240
│                 └─ 0.001 SQLiteStorage._populate_fields  pybend/core/storage/sqlite_storage.py:320
│                    └─ 0.001 dict.get  <built-in>
└─ 0.001 RequestResponseCycle.run_asgi  uvicorn/protocols/http/h11_impl.py:401
      [3 frames hidden]  uvicorn, fastapi, starlette
         0.001 ServerErrorMiddleware.__call__  starlette/middleware/errors.py:150
         └─ 0.001 ProfilingMiddleware.__call__  pybend/core/tests/profiling/middleware.py:35
            └─ 0.001 JWTAuthMiddleware.__call__  starlette/middleware/base.py:98
                  [8 frames hidden]  starlette, anyio, asyncio
                     0.001 _UnixSelectorEventLoop._call_soon  asyncio/base_events.py:814



========================================================================
GET /products/3  ->  200  (2.9ms)
========================================================================

  _     ._   __/__   _ _  _  _ _/_   Recorded: 15:15:58  Samples:  3
 /_//_/// /_\ / //_// / //_'/ //     Duration: 0.003     CPU time: 0.003
/   _/                      v5.1.2

Profile at /code/pystack/pybend/src/pybend/example/../../pybend/core/tests/profiling/middleware.py:57

0.002 _UnixSelectorEventLoop._run_once  asyncio/base_events.py:1910
├─ 0.002 Handle._run  asyncio/events.py:86
│     [22 frames hidden]  uvicorn, fastapi, starlette
│        0.001 ServerErrorMiddleware.__call__  starlette/middleware/errors.py:150
│        └─ 0.001 ProfilingMiddleware.__call__  pybend/core/tests/profiling/middleware.py:35
│           └─ 0.001 JWTAuthMiddleware.__call__  starlette/middleware/base.py:98
│              └─ 0.001 JWTAuthMiddleware.dispatch  pybend/core/api/backend.py:92
│                 └─ 0.001 call_next  starlette/middleware/base.py:109
│                       [2 frames hidden]  anyio
│                          0.001 Event.wait  asyncio/locks.py:199
│                          └─ 0.001 [await]  asyncio/locks.py
│        0.001 isinstance  <built-in>
└─ 0.000 [self]  asyncio/base_events.py



========================================================================
GET /users/1  ->  200  (1.4ms)
========================================================================

  _     ._   __/__   _ _  _  _ _/_   Recorded: 15:15:58  Samples:  2
 /_//_/// /_\ / //_// / //_'/ //     Duration: 0.001     CPU time: 0.001
/   _/                      v5.1.2

Profile at /code/pystack/pybend/src/pybend/example/../../pybend/core/tests/profiling/middleware.py:57

0.001 Handle._run  asyncio/events.py:86
├─ 0.001 coro  starlette/middleware/base.py:136
│     [14 frames hidden]  starlette, anyio
│        0.001 Event.wait  anyio/_backends/_asyncio.py:1785
└─ 0.000 RequestResponseCycle.run_asgi  uvicorn/protocols/http/h11_impl.py:401
      [3 frames hidden]  uvicorn, fastapi, starlette
         0.000 ServerErrorMiddleware.__call__  starlette/middleware/errors.py:150
         └─ 0.000 ProfilingMiddleware.__call__  pybend/core/tests/profiling/middleware.py:35
            └─ 0.000 JWTAuthMiddleware.__call__  starlette/middleware/base.py:98
               └─ 0.000 JWTAuthMiddleware.dispatch  pybend/core/api/backend.py:92
                  └─ 0.000 decode_token  pybend/core/authorize/auth.py:57
                     └─ 0.000 PyJWT.decode  jwt/api_jwt.py:306
                           [2 frames hidden]  jwt



========================================================================
GET /products/1/comments  ->  200  (2.6ms)
========================================================================

  _     ._   __/__   _ _  _  _ _/_   Recorded: 15:15:58  Samples:  2
 /_//_/// /_\ / //_// / //_'/ //     Duration: 0.003     CPU time: 0.002
/   _/                      v5.1.2

Profile at /code/pystack/pybend/src/pybend/example/../../pybend/core/tests/profiling/middleware.py:57

0.002 Handle._run  asyncio/events.py:86
├─ 0.001 coro  starlette/middleware/base.py:136
│     [10 frames hidden]  starlette, fastapi
│        0.001 run_endpoint_function  fastapi/routing.py:204
│        └─ 0.001 list_all_instances  pybend/core/api/routes_fastapi.py:93
│           └─ 0.001 ProductComment.list  pybend/core/models/storable_mixin.py:91
│              └─ 0.001 SQLiteStorage.list  pybend/core/storage/sqlite_storage.py:124
│                 └─ 0.001 ProductComment.__init__  pybend/core/models/proto_model.py:97
└─ 0.001 [self]  asyncio/events.py



========================================================================
GET /products/2/comments  ->  200  (2.5ms)
========================================================================

  _     ._   __/__   _ _  _  _ _/_   Recorded: 15:15:58  Samples:  3
 /_//_/// /_\ / //_// / //_'/ //     Duration: 0.003     CPU time: 0.003
/   _/                      v5.1.2

Profile at /code/pystack/pybend/src/pybend/example/../../pybend/core/tests/profiling/middleware.py:57

0.002 Handle._run  asyncio/events.py:86
├─ 0.001 RequestResponseCycle.run_asgi  uvicorn/protocols/http/h11_impl.py:401
│     [3 frames hidden]  uvicorn, fastapi, starlette
│        0.001 ServerErrorMiddleware.__call__  starlette/middleware/errors.py:150
│        └─ 0.001 ProfilingMiddleware.__call__  pybend/core/tests/profiling/middleware.py:35
│           └─ 0.001 JWTAuthMiddleware.__call__  starlette/middleware/base.py:98
│              ├─ 0.001 _StreamingResponse.__call__  starlette/middleware/base.py:205
│              │  └─ 0.001 send_wrapper  pybend/core/tests/profiling/middleware.py:48
│              │     └─ 0.001 _send  starlette/middleware/errors.py:157
│              │        └─ 0.001 RequestResponseCycle.send  uvicorn/protocols/http/h11_impl.py:447
│              │           └─ 0.001 H11Protocol.on_response_complete  uvicorn/protocols/http/h11_impl.py:309
│              └─ 0.000 JWTAuthMiddleware.dispatch  pybend/core/api/backend.py:92
│                 └─ 0.000 call_next  starlette/middleware/base.py:109
│                       [5 frames hidden]  anyio, asyncio
└─ 0.001 coro  starlette/middleware/base.py:136
      [10 frames hidden]  starlette, fastapi
         0.001 run_endpoint_function  fastapi/routing.py:204
         └─ 0.001 list_all_instances  pybend/core/api/routes_fastapi.py:93
            └─ 0.001 ProductComment.list  pybend/core/models/storable_mixin.py:91
               └─ 0.001 SQLiteStorage.list  pybend/core/storage/sqlite_storage.py:124



========================================================================
GET /products/1/favorites  ->  200  (4.4ms)
========================================================================

  _     ._   __/__   _ _  _  _ _/_   Recorded: 15:15:58  Samples:  4
 /_//_/// /_\ / //_// / //_'/ //     Duration: 0.004     CPU time: 0.004
/   _/                      v5.1.2

Profile at /code/pystack/pybend/src/pybend/example/../../pybend/core/tests/profiling/middleware.py:57

0.004 Handle._run  asyncio/events.py:86
├─ 0.003 coro  starlette/middleware/base.py:136
│     [20 frames hidden]  starlette, fastapi, anyio
│        0.001 run_endpoint_function  fastapi/routing.py:204
│        └─ 0.001 list_all_instances  pybend/core/api/routes_fastapi.py:93
│           └─ 0.001 ProductLike.list  pybend/core/models/storable_mixin.py:91
│              └─ 0.001 SQLiteStorage.list  pybend/core/storage/sqlite_storage.py:124
│                 └─ 0.001 ProductLike.__init__  pybend/core/models/proto_model.py:97
│                    └─ 0.001 ProductLike.__setattr__  pydantic/main.py:813
│                       └─ 0.001 is_valid_field_name  pydantic/_internal/_fields.py:339
│                          └─ 0.001 str.startswith  <built-in>
│        0.001 field_annotation_is_sequence  fastapi/_compat.py:551
│        0.001 Event.wait  asyncio/locks.py:199
│        └─ 0.001 [await]  asyncio/locks.py
└─ 0.001 RequestResponseCycle.run_asgi  uvicorn/protocols/http/h11_impl.py:401
   └─ 0.001 ProxyHeadersMiddleware.__call__  uvicorn/middleware/proxy_headers.py:27



========================================================================
GET /products/2/favorites  ->  200  (2.2ms)
========================================================================

  _     ._   __/__   _ _  _  _ _/_   Recorded: 15:15:58  Samples:  2
 /_//_/// /_\ / //_// / //_'/ //     Duration: 0.002     CPU time: 0.002
/   _/                      v5.1.2

Profile at /code/pystack/pybend/src/pybend/example/../../pybend/core/tests/profiling/middleware.py:57

0.002 Handle._run  asyncio/events.py:86
├─ 0.001 RequestResponseCycle.run_asgi  uvicorn/protocols/http/h11_impl.py:401
│     [3 frames hidden]  uvicorn, fastapi, starlette
│        0.001 ServerErrorMiddleware.__call__  starlette/middleware/errors.py:150
│        └─ 0.001 ProfilingMiddleware.__call__  pybend/core/tests/profiling/middleware.py:35
│           └─ 0.001 JWTAuthMiddleware.__call__  starlette/middleware/base.py:98
│              └─ 0.001 _StreamingResponse.__call__  starlette/middleware/base.py:205
│                 └─ 0.001 send_wrapper  pybend/core/tests/profiling/middleware.py:48
│                    └─ 0.001 _send  starlette/middleware/errors.py:157
│                          [4 frames hidden]  uvicorn, h11
│                             0.001 ConnectionState.process_event  h11/_state.py:275
└─ 0.001 coro  starlette/middleware/base.py:136
      [10 frames hidden]  starlette, fastapi
         0.001 run_endpoint_function  fastapi/routing.py:204
         └─ 0.001 list_all_instances  pybend/core/api/routes_fastapi.py:93
            └─ 0.001 ProductLike.list  pybend/core/models/storable_mixin.py:91
               └─ 0.001 SQLiteStorage.list  pybend/core/storage/sqlite_storage.py:124
                  └─ 0.001 _GeneratorContextManager.__enter__  contextlib.py:132
                     └─ 0.001 SQLiteStorage._connection  pybend/core/storage/sqlite_storage.py:68
                        └─ 0.001 SQLiteStorage._get_conn  pybend/core/storage/sqlite_storage.py:52
                           └─ 0.001 Queue.get_nowait  queue.py:193
                              └─ 0.001 Queue.get  queue.py:154



========================================================================
POST /users/login  ->  200  (191.1ms)
========================================================================

  _     ._   __/__   _ _  _  _ _/_   Recorded: 15:15:58  Samples:  4
 /_//_/// /_\ / //_// / //_'/ //     Duration: 0.191     CPU time: 0.191
/   _/                      v5.1.2

Profile at /code/pystack/pybend/src/pybend/example/../../pybend/core/tests/profiling/middleware.py:57

0.191 Handle._run  asyncio/events.py:86
└─ 0.190 coro  starlette/middleware/base.py:136
      [10 frames hidden]  starlette, fastapi
         0.189 run_endpoint_function  fastapi/routing.py:204
         └─ 0.189 post_no_id  pybend/core/api/routes_fastapi.py:336
            └─ 0.189 User.login  pybend/core/models/base_user.py:74
               └─ 0.189 verify_password  pybend/core/authorize/auth.py:42
                  └─ 0.189 checkpw  <built-in>



========================================================================
POST /products  ->  201  (25.7ms)
========================================================================

  _     ._   __/__   _ _  _  _ _/_   Recorded: 15:15:58  Samples:  8
 /_//_/// /_\ / //_// / //_'/ //     Duration: 0.026     CPU time: 0.007
/   _/                      v5.1.2

Profile at /code/pystack/pybend/src/pybend/example/../../pybend/core/tests/profiling/middleware.py:57

0.025 Handle._run  asyncio/events.py:86
├─ 0.024 coro  starlette/middleware/base.py:136
│     [39 frames hidden]  starlette, fastapi, <string>, pydanti...
│        0.019 run_endpoint_function  fastapi/routing.py:204
│        └─ 0.019 create_instance  pybend/core/api/routes_fastapi.py:60
│           └─ 0.019 Product.create  pybend/core/models/storable_mixin.py:63
│              └─ 0.019 SQLiteStorage.create  pybend/core/storage/sqlite_storage.py:93
│                 └─ 0.019 Connection.commit  <built-in>
│        0.001 TypeAdapter.validate_python  pydantic/type_adapter.py:236
│        └─ 0.001 Product.__init__  pybend/core/models/proto_model.py:97
│           └─ 0.001 Product.__setattr__  pydantic/main.py:813
└─ 0.001 RequestResponseCycle.run_asgi  uvicorn/protocols/http/h11_impl.py:401
      [4 frames hidden]  uvicorn, fastapi, starlette
         0.001 ServerErrorMiddleware.__call__  starlette/middleware/errors.py:150
         └─ 0.001 ProfilingMiddleware.__call__  pybend/core/tests/profiling/middleware.py:35
            └─ 0.001 JWTAuthMiddleware.__call__  starlette/middleware/base.py:98
               └─ 0.001 _StreamingResponse.__call__  starlette/middleware/base.py:205
                  └─ 0.001 send_wrapper  pybend/core/tests/profiling/middleware.py:48
                     └─ 0.001 _send  starlette/middleware/errors.py:157
                           [6 frames hidden]  uvicorn, h11



========================================================================
POST /products  ->  201  (7.5ms)
========================================================================

  _     ._   __/__   _ _  _  _ _/_   Recorded: 15:15:58  Samples:  3
 /_//_/// /_\ / //_// / //_'/ //     Duration: 0.008     CPU time: 0.002
/   _/                      v5.1.2

Profile at /code/pystack/pybend/src/pybend/example/../../pybend/core/tests/profiling/middleware.py:57

0.007 Handle._run  asyncio/events.py:86
├─ 0.006 coro  starlette/middleware/base.py:136
│     [13 frames hidden]  starlette, fastapi
│        0.006 run_endpoint_function  fastapi/routing.py:204
│        └─ 0.006 create_instance  pybend/core/api/routes_fastapi.py:60
│           └─ 0.006 Product.create  pybend/core/models/storable_mixin.py:63
│              └─ 0.006 SQLiteStorage.create  pybend/core/storage/sqlite_storage.py:93
│                 └─ 0.006 Connection.commit  <built-in>
└─ 0.000 RequestResponseCycle.run_asgi  uvicorn/protocols/http/h11_impl.py:401
      [3 frames hidden]  uvicorn, fastapi, starlette
         0.000 ServerErrorMiddleware.__call__  starlette/middleware/errors.py:150
         └─ 0.000 ProfilingMiddleware.__call__  pybend/core/tests/profiling/middleware.py:35
            └─ 0.000 JWTAuthMiddleware.__call__  starlette/middleware/base.py:98
               └─ 0.000 _StreamingResponse.__call__  starlette/middleware/base.py:205
                  └─ 0.000 send_wrapper  pybend/core/tests/profiling/middleware.py:48
                     └─ 0.000 _send  starlette/middleware/errors.py:157
                           [6 frames hidden]  uvicorn, logging



========================================================================
POST /products  ->  201  (9.0ms)
========================================================================

  _     ._   __/__   _ _  _  _ _/_   Recorded: 15:15:58  Samples:  5
 /_//_/// /_\ / //_// / //_'/ //     Duration: 0.009     CPU time: 0.004
/   _/                      v5.1.2

Profile at /code/pystack/pybend/src/pybend/example/../../pybend/core/tests/profiling/middleware.py:57

0.009 Handle._run  asyncio/events.py:86
├─ 0.007 coro  starlette/middleware/base.py:136
│     [12 frames hidden]  starlette, fastapi, anyio
│        0.006 run_endpoint_function  fastapi/routing.py:204
│        └─ 0.006 create_instance  pybend/core/api/routes_fastapi.py:60
│           └─ 0.006 Product.create  pybend/core/models/storable_mixin.py:63
│              └─ 0.006 SQLiteStorage.create  pybend/core/storage/sqlite_storage.py:93
│                 ├─ 0.006 Connection.commit  <built-in>
│                 └─ 0.000 Logger.info  logging/__init__.py:1529
│                       [3 frames hidden]  logging
├─ 0.001 RequestResponseCycle.run_asgi  uvicorn/protocols/http/h11_impl.py:401
│     [3 frames hidden]  uvicorn, fastapi, starlette
│        0.001 ServerErrorMiddleware.__call__  starlette/middleware/errors.py:150
│        └─ 0.001 ProfilingMiddleware.__call__  pybend/core/tests/profiling/middleware.py:35
│           └─ 0.001 JWTAuthMiddleware.__call__  starlette/middleware/base.py:98
│              └─ 0.001 _StreamingResponse.__call__  starlette/middleware/base.py:205
│                 └─ 0.001 send_wrapper  pybend/core/tests/profiling/middleware.py:48
│                    └─ 0.001 _send  starlette/middleware/errors.py:157
│                          [12 frames hidden]  uvicorn, logging, enum
└─ 0.001 [self]  asyncio/events.py



========================================================================
POST /products/1/comment  ->  200  (8.6ms)
========================================================================

  _     ._   __/__   _ _  _  _ _/_   Recorded: 15:15:58  Samples:  5
 /_//_/// /_\ / //_// / //_'/ //     Duration: 0.009     CPU time: 0.003
/   _/                      v5.1.2

Profile at /code/pystack/pybend/src/pybend/example/../../pybend/core/tests/profiling/middleware.py:57

0.008 Handle._run  asyncio/events.py:86
├─ 0.007 coro  starlette/middleware/base.py:136
│     [14 frames hidden]  starlette, fastapi
│        0.007 run_endpoint_function  fastapi/routing.py:204
│        └─ 0.007 post_with_id  pybend/core/api/routes_fastapi.py:300
│           ├─ 0.006 Product.comment  models/product.py:62
│           │  └─ 0.006 Comment.save  pybend/core/models/storable_mixin.py:36
│           │     └─ 0.006 Comment.create  pybend/core/models/storable_mixin.py:63
│           │        └─ 0.006 ProductComment.create  pybend/core/models/storable_mixin.py:63
│           │           └─ 0.006 SQLiteStorage.create  pybend/core/storage/sqlite_storage.py:93
│           │              └─ 0.006 Connection.commit  <built-in>
│           └─ 0.001 _check_access  pybend/core/api/routes_fastapi.py:289
│              └─ 0.001 _build_context  pybend/core/api/routes_fastapi.py:25
│                 └─ 0.001 AccessContext.__init__  <string>:2
├─ 0.001 _SelectorSocketTransport._read_ready  asyncio/selector_events.py:969
│     [2 frames hidden]  asyncio, <built-in>
└─ 0.000 RequestResponseCycle.run_asgi  uvicorn/protocols/http/h11_impl.py:401
      [3 frames hidden]  uvicorn, fastapi, starlette
         0.000 ServerErrorMiddleware.__call__  starlette/middleware/errors.py:150
         └─ 0.000 ProfilingMiddleware.__call__  pybend/core/tests/profiling/middleware.py:35
            └─ 0.000 JWTAuthMiddleware.__call__  starlette/middleware/base.py:98
               └─ 0.000 JWTAuthMiddleware.dispatch  pybend/core/api/backend.py:92
                  └─ 0.000 decode_token  pybend/core/authorize/auth.py:57
                     └─ 0.000 PyJWT.decode  jwt/api_jwt.py:306
                           [5 frames hidden]  jwt, base64



========================================================================
POST /products/2/comment  ->  200  (8.3ms)
========================================================================

  _     ._   __/__   _ _  _  _ _/_   Recorded: 15:15:58  Samples:  5
 /_//_/// /_\ / //_// / //_'/ //     Duration: 0.008     CPU time: 0.003
/   _/                      v5.1.2

Profile at /code/pystack/pybend/src/pybend/example/../../pybend/core/tests/profiling/middleware.py:57

0.008 Handle._run  asyncio/events.py:86
├─ 0.007 coro  starlette/middleware/base.py:136
│     [10 frames hidden]  starlette, fastapi
│        0.007 run_endpoint_function  fastapi/routing.py:204
│        └─ 0.007 post_with_id  pybend/core/api/routes_fastapi.py:300
│           ├─ 0.006 Product.comment  models/product.py:62
│           │  └─ 0.006 Comment.save  pybend/core/models/storable_mixin.py:36
│           │     └─ 0.006 Comment.create  pybend/core/models/storable_mixin.py:63
│           │        └─ 0.006 ProductComment.create  pybend/core/models/storable_mixin.py:63
│           │           └─ 0.006 SQLiteStorage.create  pybend/core/storage/sqlite_storage.py:93
│           │              └─ 0.006 Connection.commit  <built-in>
│           └─ 0.001 Product.get  pybend/core/models/storable_mixin.py:102
│              └─ 0.001 SQLiteStorage.get  pybend/core/storage/sqlite_storage.py:240
│                 └─ 0.001 _GeneratorContextManager.__exit__  contextlib.py:141
│                    └─ 0.001 SQLiteStorage._connection  pybend/core/storage/sqlite_storage.py:68
│                       └─ 0.001 SQLiteStorage._put_conn  pybend/core/storage/sqlite_storage.py:61
│                          └─ 0.001 Queue.put_nowait  queue.py:185
│                             └─ 0.001 Queue.put  queue.py:122
└─ 0.002 RequestResponseCycle.run_asgi  uvicorn/protocols/http/h11_impl.py:401
      [3 frames hidden]  uvicorn, fastapi, starlette
         0.002 ServerErrorMiddleware.__call__  starlette/middleware/errors.py:150
         └─ 0.002 ProfilingMiddleware.__call__  pybend/core/tests/profiling/middleware.py:35
            ├─ 0.001 [self]  pybend/core/tests/profiling/middleware.py
            └─ 0.001 JWTAuthMiddleware.__call__  starlette/middleware/base.py:98
               └─ 0.000 _StreamingResponse.__call__  starlette/middleware/base.py:205
                  └─ 0.000 send_wrapper  pybend/core/tests/profiling/middleware.py:48
                     └─ 0.000 _send  starlette/middleware/errors.py:157
                           [13 frames hidden]  uvicorn, logging, copy, <built-in>



========================================================================
POST /products/1/favorite  ->  200  (7.7ms)
========================================================================

  _     ._   __/__   _ _  _  _ _/_   Recorded: 15:15:58  Samples:  3
 /_//_/// /_\ / //_// / //_'/ //     Duration: 0.008     CPU time: 0.002
/   _/                      v5.1.2

Profile at /code/pystack/pybend/src/pybend/example/../../pybend/core/tests/profiling/middleware.py:57

0.007 Handle._run  asyncio/events.py:86
├─ 0.006 coro  starlette/middleware/base.py:136
│     [10 frames hidden]  starlette, fastapi
│        0.006 run_endpoint_function  fastapi/routing.py:204
│        └─ 0.006 post_with_id  pybend/core/api/routes_fastapi.py:300
│           └─ 0.006 Product.favorite  models/product.py:72
│              └─ 0.006 ProductLike.delete  pybend/core/models/storable_mixin.py:125
│                 └─ 0.006 SQLiteStorage.delete  pybend/core/storage/sqlite_storage.py:584
│                    └─ 0.006 Connection.commit  <built-in>
└─ 0.001 RequestResponseCycle.run_asgi  uvicorn/protocols/http/h11_impl.py:401
      [3 frames hidden]  uvicorn, fastapi, starlette
         0.001 ServerErrorMiddleware.__call__  starlette/middleware/errors.py:150
         └─ 0.001 ProfilingMiddleware.__call__  pybend/core/tests/profiling/middleware.py:35
            └─ 0.001 JWTAuthMiddleware.__call__  starlette/middleware/base.py:98
               ├─ 0.001 _StreamingResponse.__call__  starlette/middleware/base.py:205
               │  └─ 0.001 send_wrapper  pybend/core/tests/profiling/middleware.py:48
               │     └─ 0.001 _send  starlette/middleware/errors.py:157
               │        └─ 0.001 RequestResponseCycle.send  uvicorn/protocols/http/h11_impl.py:447
               └─ 0.000 JWTAuthMiddleware.dispatch  pybend/core/api/backend.py:92
                  └─ 0.000 call_next  starlette/middleware/base.py:109
                     └─ 0.000 TaskGroup.start_soon  anyio/_backends/_asyncio.py:898



========================================================================
POST /products/2/favorite  ->  200  (7.6ms)
========================================================================

  _     ._   __/__   _ _  _  _ _/_   Recorded: 15:15:58  Samples:  3
 /_//_/// /_\ / //_// / //_'/ //     Duration: 0.008     CPU time: 0.002
/   _/                      v5.1.2

Profile at /code/pystack/pybend/src/pybend/example/../../pybend/core/tests/profiling/middleware.py:57

0.007 Handle._run  asyncio/events.py:86
├─ 0.006 coro  starlette/middleware/base.py:136
│     [10 frames hidden]  starlette, fastapi
│        0.006 run_endpoint_function  fastapi/routing.py:204
│        └─ 0.006 post_with_id  pybend/core/api/routes_fastapi.py:300
│           └─ 0.006 Product.favorite  models/product.py:72
│              └─ 0.006 Like.save  pybend/core/models/storable_mixin.py:36
│                 └─ 0.006 Like.create  pybend/core/models/storable_mixin.py:63
│                    └─ 0.006 ProductLike.create  pybend/core/models/storable_mixin.py:63
│                       └─ 0.006 SQLiteStorage.create  pybend/core/storage/sqlite_storage.py:93
│                          └─ 0.006 Connection.commit  <built-in>
└─ 0.001 wrap  starlette/middleware/base.py:116
      [2 frames hidden]  anyio, asyncio



========================================================================
POST /products/3/favorite  ->  200  (7.7ms)
========================================================================

  _     ._   __/__   _ _  _  _ _/_   Recorded: 15:15:58  Samples:  3
 /_//_/// /_\ / //_// / //_'/ //     Duration: 0.008     CPU time: 0.002
/   _/                      v5.1.2

Profile at /code/pystack/pybend/src/pybend/example/../../pybend/core/tests/profiling/middleware.py:57

0.007 Handle._run  asyncio/events.py:86
├─ 0.006 coro  starlette/middleware/base.py:136
│     [19 frames hidden]  starlette, fastapi, anyio, reprlib, a...
│        0.006 run_endpoint_function  fastapi/routing.py:204
│        └─ 0.006 post_with_id  pybend/core/api/routes_fastapi.py:300
│           └─ 0.006 Product.favorite  models/product.py:72
│              └─ 0.006 Like.save  pybend/core/models/storable_mixin.py:36
│                 └─ 0.006 Like.create  pybend/core/models/storable_mixin.py:63
│                    └─ 0.006 ProductLike.create  pybend/core/models/storable_mixin.py:63
│                       └─ 0.006 SQLiteStorage.create  pybend/core/storage/sqlite_storage.py:93
│                          └─ 0.006 Connection.commit  <built-in>
└─ 0.001 RequestResponseCycle.run_asgi  uvicorn/protocols/http/h11_impl.py:401
      [3 frames hidden]  uvicorn, fastapi, starlette
         0.001 ServerErrorMiddleware.__call__  starlette/middleware/errors.py:150
         └─ 0.001 ProfilingMiddleware.__call__  pybend/core/tests/profiling/middleware.py:35
            └─ 0.001 JWTAuthMiddleware.__call__  starlette/middleware/base.py:98
               └─ 0.001 TaskGroup.__aexit__  anyio/_backends/_asyncio.py:735



========================================================================
GET /Product  ->  200  (26.5ms)
========================================================================

  _     ._   __/__   _ _  _  _ _/_   Recorded: 15:16:03  Samples:  27
 /_//_/// /_\ / //_// / //_'/ //     Duration: 0.026     CPU time: 0.026
/   _/                      v5.1.2

Profile at /code/pystack/pybend/src/pybend/example/../../pybend/core/tests/profiling/middleware.py:57

0.026 _UnixSelectorEventLoop._run_once  asyncio/base_events.py:1910
├─ 0.025 Handle._run  asyncio/events.py:86
│     [30 frames hidden]  starlette, fastapi, pydantic, json, u...
│        0.019 run_endpoint_function  fastapi/routing.py:204
│        └─ 0.019 get_model_schema  pybend/core/api/routes_fastapi.py:169
│           └─ 0.019 Product.schema  pybend/core/models/proto_model.py:198
│              ├─ 0.018 Product.run_pipeline  pybend/core/models/proto_schema.py:105
│              │  ├─ 0.010 Product.defs  pybend/core/models/proto_schema.py:173
│              │  │  ├─ 0.008 Product.referenced_json_schema  pybend/core/models/proto_model.py:215
│              │  │  │  └─ 0.008 Product.model_json_schema  pydantic/main.py:413
│              │  │  │        [20 frames hidden]  pydantic, <built-in>
│              │  │  │           0.003 new_handler_func  pydantic/json_schema.py:520
│              │  │  │           └─ 0.003 Comment.__get_pydantic_json_schema__  pybend/core/models/proto_model.py:237
│              │  │  │              ├─ 0.002 Comment.__get_pydantic_json_schema__  pydantic/main.py:628
│              │  │  │              │     [27 frames hidden]  pydantic, dataclasses
│              │  │  │              └─ 0.001 _is_self_ref  pybend/core/utils/introspection.py:209
│              │  │  │                 └─ 0.001 get_origin  typing.py:2310
│              │  │  │                    └─ 0.001 isinstance  <built-in>
│              │  │  │           0.003 new_handler_func  pydantic/json_schema.py:520
│              │  │  │           └─ 0.003 Product.__get_pydantic_json_schema__  pybend/core/models/proto_model.py:237
│              │  │  │              └─ 0.003 Product.__get_pydantic_json_schema__  pydantic/main.py:628
│              │  │  │                    [39 frames hidden]  pydantic
│              │  │  │                       0.001 new_handler_func  pydantic/json_schema.py:520
│              │  │  │                       └─ 0.001 Comment.__get_pydantic_json_schema__  pybend/core/models/proto_model.py:237
│              │  │  │                          └─ 0.001 Comment.__get_pydantic_json_schema__  pydantic/main.py:628
│              │  │  │                                [12 frames hidden]  pydantic
│              │  │  ├─ 0.001 collect_all_referenced_models  pybend/core/utils/introspection.py:63
│              │  │  │  └─ 0.001 collect_all_referenced_models  pybend/core/utils/introspection.py:63
│              │  │  │     └─ 0.001 collect_all_referenced_models  pybend/core/utils/introspection.py:63
│              │  │  │        └─ 0.001 User.__pybend_methods_json_signature__  pybend/core/models/proto_model.py:140
│              │  │  │           └─ 0.001 get_type_hints  typing.py:2186
│              │  │  └─ 0.001 User.__pybend_methods_json_signature__  pybend/core/models/proto_model.py:140
│              │  │     └─ 0.001 hasattr  <built-in>
│              │  ├─ 0.007 Product.base  pybend/core/models/proto_schema.py:146
│              │  │  └─ 0.007 Product.model_json_schema  pydantic/main.py:413
│              │  │        [24 frames hidden]  pydantic
│              │  │           0.005 new_handler_func  pydantic/json_schema.py:520
│              │  │           └─ 0.005 Like.__get_pydantic_json_schema__  pybend/core/models/proto_model.py:237
│              │  │              └─ 0.005 Like.__get_pydantic_json_schema__  pydantic/main.py:628
│              │  │                    [49 frames hidden]  pydantic, re, <built-in>
│              │  │                       0.002 new_handler_func  pydantic/json_schema.py:520
│              │  │                       └─ 0.002 Comment.__get_pydantic_json_schema__  pybend/core/models/proto_model.py:237
│              │  │                          └─ 0.002 Comment.__get_pydantic_json_schema__  pydantic/main.py:628
│              │  │                                [26 frames hidden]  pydantic
│              │  └─ 0.001 Product.access  pybend/core/models/proto_schema.py:203
│              │     └─ 0.001 collect_all_referenced_models  pybend/core/utils/introspection.py:63
│              │        └─ 0.001 collect_all_referenced_models  pybend/core/utils/introspection.py:63
│              │           └─ 0.001 collect_all_referenced_models  pybend/core/utils/introspection.py:63
│              │              └─ 0.001 User.__pybend_methods_json_signature__  pybend/core/models/proto_model.py:140
│              └─ 0.001 deepcopy  copy.py:118
│                    [7 frames hidden]  copy, <built-in>
│        0.003 ServerErrorMiddleware.__call__  starlette/middleware/errors.py:150
│        └─ 0.003 ProfilingMiddleware.__call__  pybend/core/tests/profiling/middleware.py:35
│           └─ 0.003 JWTAuthMiddleware.__call__  starlette/middleware/base.py:98
│                 [12 frames hidden]  anyio, importlib, dataclasses, <built...
└─ 0.001 len  <built-in>



========================================================================
POST /users/login  ->  200  (185.7ms)
========================================================================

  _     ._   __/__   _ _  _  _ _/_   Recorded: 15:16:03  Samples:  3
 /_//_/// /_\ / //_// / //_'/ //     Duration: 0.186     CPU time: 0.186
/   _/                      v5.1.2

Profile at /code/pystack/pybend/src/pybend/example/../../pybend/core/tests/profiling/middleware.py:57

0.185 Handle._run  asyncio/events.py:86
└─ 0.184 coro  starlette/middleware/base.py:136
      [10 frames hidden]  starlette, fastapi
         0.184 run_endpoint_function  fastapi/routing.py:204
         └─ 0.184 post_no_id  pybend/core/api/routes_fastapi.py:336
            └─ 0.184 User.login  pybend/core/models/base_user.py:74
               └─ 0.183 verify_password  pybend/core/authorize/auth.py:42
                  └─ 0.183 checkpw  <built-in>



========================================================================
GET /Product  ->  200  (4.5ms)
========================================================================

  _     ._   __/__   _ _  _  _ _/_   Recorded: 15:16:04  Samples:  4
 /_//_/// /_\ / //_// / //_'/ //     Duration: 0.004     CPU time: 0.004
/   _/                      v5.1.2

Profile at /code/pystack/pybend/src/pybend/example/../../pybend/core/tests/profiling/middleware.py:57

0.004 Handle._run  asyncio/events.py:86
├─ 0.003 coro  starlette/middleware/base.py:136
│     [17 frames hidden]  starlette, fastapi
│        0.002 jsonable_encoder  fastapi/encoders.py:102
│        │  0.001 is_dataclass  dataclasses.py:1294
│        └─ 0.001 [self]  fastapi/encoders.py
│        0.001 run_endpoint_function  fastapi/routing.py:204
│        └─ 0.001 get_model_schema  pybend/core/api/routes_fastapi.py:169
│           └─ 0.001 Product.schema  pybend/core/models/proto_model.py:198
│              └─ 0.001 deepcopy  copy.py:118
│                    [5 frames hidden]  copy
│                       0.001 deepcopy  copy.py:118
└─ 0.001 [self]  asyncio/events.py



========================================================================
GET /Product  ->  200  (4.5ms)
========================================================================

  _     ._   __/__   _ _  _  _ _/_   Recorded: 15:16:04  Samples:  4
 /_//_/// /_\ / //_// / //_'/ //     Duration: 0.004     CPU time: 0.004
/   _/                      v5.1.2

Profile at /code/pystack/pybend/src/pybend/example/../../pybend/core/tests/profiling/middleware.py:57

0.004 Handle._run  asyncio/events.py:86
├─ 0.003 coro  starlette/middleware/base.py:136
│     [15 frames hidden]  starlette, fastapi
│        0.002 jsonable_encoder  fastapi/encoders.py:102
│        │  0.001 jsonable_encoder  fastapi/encoders.py:102
│        └─ 0.001 [self]  fastapi/encoders.py
│        0.001 run_endpoint_function  fastapi/routing.py:204
│        └─ 0.001 get_model_schema  pybend/core/api/routes_fastapi.py:169
│           └─ 0.001 Product.schema  pybend/core/models/proto_model.py:198
│              └─ 0.001 deepcopy  copy.py:118
│                    [12 frames hidden]  copy, <built-in>
└─ 0.001 RequestResponseCycle.run_asgi  uvicorn/protocols/http/h11_impl.py:401
      [3 frames hidden]  uvicorn, fastapi, starlette
         0.001 ServerErrorMiddleware.__call__  starlette/middleware/errors.py:150
         └─ 0.001 ProfilingMiddleware.__call__  pybend/core/tests/profiling/middleware.py:35
            └─ 0.001 JWTAuthMiddleware.__call__  starlette/middleware/base.py:98
               └─ 0.001 JWTAuthMiddleware.dispatch  pybend/core/api/backend.py:92
                  └─ 0.001 call_next  starlette/middleware/base.py:109
                        [2 frames hidden]  anyio
                           0.001 Event.wait  asyncio/locks.py:199
                           └─ 0.001 [await]  asyncio/locks.py



========================================================================
GET /Product  ->  200  (4.4ms)
========================================================================

  _     ._   __/__   _ _  _  _ _/_   Recorded: 15:16:04  Samples:  4
 /_//_/// /_\ / //_// / //_'/ //     Duration: 0.004     CPU time: 0.004
/   _/                      v5.1.2

Profile at /code/pystack/pybend/src/pybend/example/../../pybend/core/tests/profiling/middleware.py:57

0.004 Handle._run  asyncio/events.py:86
├─ 0.003 coro  starlette/middleware/base.py:136
│     [16 frames hidden]  starlette, fastapi
│        0.002 jsonable_encoder  fastapi/encoders.py:102
│        │  0.001 jsonable_encoder  fastapi/encoders.py:102
│        └─ 0.001 [self]  fastapi/encoders.py
│        0.001 run_endpoint_function  fastapi/routing.py:204
│        └─ 0.001 get_model_schema  pybend/core/api/routes_fastapi.py:169
│           └─ 0.001 Product.schema  pybend/core/models/proto_model.py:198
│              └─ 0.001 deepcopy  copy.py:118
│                    [8 frames hidden]  copy
│                       0.001 _deepcopy_dict  copy.py:217
└─ 0.001 RequestResponseCycle.run_asgi  uvicorn/protocols/http/h11_impl.py:401
      [3 frames hidden]  uvicorn, fastapi, starlette
         0.001 ServerErrorMiddleware.__call__  starlette/middleware/errors.py:150
         └─ 0.001 ProfilingMiddleware.__call__  pybend/core/tests/profiling/middleware.py:35
            └─ 0.001 JWTAuthMiddleware.__call__  starlette/middleware/base.py:98
               └─ 0.001 _StreamingResponse.__call__  starlette/middleware/base.py:205
                  └─ 0.001 send_wrapper  pybend/core/tests/profiling/middleware.py:48
                     └─ 0.001 _send  starlette/middleware/errors.py:157
                           [2 frames hidden]  uvicorn, asyncio
                              0.001 socket.send  <built-in>



========================================================================
GET /User  ->  200  (6.3ms)
========================================================================

  _     ._   __/__   _ _  _  _ _/_   Recorded: 15:16:04  Samples:  6
 /_//_/// /_\ / //_// / //_'/ //     Duration: 0.006     CPU time: 0.006
/   _/                      v5.1.2

Profile at /code/pystack/pybend/src/pybend/example/../../pybend/core/tests/profiling/middleware.py:57

0.005 Handle._run  asyncio/events.py:86
└─ 0.005 coro  starlette/middleware/base.py:136
      [22 frames hidden]  starlette, fastapi, dataclasses, copy
         0.004 run_endpoint_function  fastapi/routing.py:204
         └─ 0.004 get_model_schema  pybend/core/api/routes_fastapi.py:169
            └─ 0.004 User.schema  pybend/core/models/proto_model.py:198
               └─ 0.004 User.run_pipeline  pybend/core/models/proto_schema.py:105
                  ├─ 0.002 User.defs  pybend/core/models/proto_schema.py:173
                  │  ├─ 0.001 collect_all_referenced_models  pybend/core/utils/introspection.py:63
                  │  │  └─ 0.001 User.__pybend_methods_json_signature__  pybend/core/models/proto_model.py:140
                  │  │     └─ 0.001 get_type_hints  typing.py:2186
                  │  │           [2 frames hidden]  typing, <built-in>
                  │  └─ 0.001 User.referenced_json_schema  pybend/core/models/proto_model.py:215
                  │     └─ 0.001 User.model_json_schema  pydantic/main.py:413
                  │           [7 frames hidden]  pydantic
                  ├─ 0.001 User.ui  pybend/core/models/proto_schema.py:215
                  │  └─ 0.001 collect_all_referenced_models  pybend/core/utils/introspection.py:63
                  │     └─ 0.001 User.__pybend_methods_json_signature__  pybend/core/models/proto_model.py:140
                  │        └─ 0.001 get_type_hints  typing.py:2186
                  │              [5 frames hidden]  typing, <built-in>
                  └─ 0.001 User.base  pybend/core/models/proto_schema.py:146
                     └─ 0.001 User.model_json_schema  pydantic/main.py:413
                           [4 frames hidden]  pydantic
                              0.001 new_handler_func  pydantic/json_schema.py:520
                              └─ 0.001 User.__get_pydantic_json_schema__  pybend/core/models/proto_model.py:237
                                 └─ 0.001 User.__get_pydantic_json_schema__  pydantic/main.py:628
                                       [31 frames hidden]  pydantic



========================================================================
GET /User  ->  200  (2.3ms)
========================================================================

  _     ._   __/__   _ _  _  _ _/_   Recorded: 15:16:04  Samples:  2
 /_//_/// /_\ / //_// / //_'/ //     Duration: 0.002     CPU time: 0.002
/   _/                      v5.1.2

Profile at /code/pystack/pybend/src/pybend/example/../../pybend/core/tests/profiling/middleware.py:57

0.002 Handle._run  asyncio/events.py:86
├─ 0.001 RequestResponseCycle.run_asgi  uvicorn/protocols/http/h11_impl.py:401
│     [3 frames hidden]  uvicorn, fastapi, starlette
│        0.001 ServerErrorMiddleware.__call__  starlette/middleware/errors.py:150
│        └─ 0.001 ProfilingMiddleware.__call__  pybend/core/tests/profiling/middleware.py:35
│           └─ 0.001 JWTAuthMiddleware.__call__  starlette/middleware/base.py:98
│              └─ 0.001 TaskGroup.__aexit__  anyio/_backends/_asyncio.py:735
└─ 0.001 coro  starlette/middleware/base.py:136
      [15 frames hidden]  starlette, fastapi
         0.001 is_dataclass  dataclasses.py:1294



========================================================================
GET /User  ->  200  (2.1ms)
========================================================================

  _     ._   __/__   _ _  _  _ _/_   Recorded: 15:16:04  Samples:  2
 /_//_/// /_\ / //_// / //_'/ //     Duration: 0.002     CPU time: 0.002
/   _/                      v5.1.2

Profile at /code/pystack/pybend/src/pybend/example/../../pybend/core/tests/profiling/middleware.py:57

0.001 Handle._run  asyncio/events.py:86
├─ 0.001 coro  starlette/middleware/base.py:136
│     [19 frames hidden]  starlette, fastapi
│        0.001 is_dataclass  dataclasses.py:1294
└─ 0.000 [self]  asyncio/events.py



========================================================================
GET /products  ->  200  (3.0ms)
========================================================================

  _     ._   __/__   _ _  _  _ _/_   Recorded: 15:16:04  Samples:  3
 /_//_/// /_\ / //_// / //_'/ //     Duration: 0.003     CPU time: 0.003
/   _/                      v5.1.2

Profile at /code/pystack/pybend/src/pybend/example/../../pybend/core/tests/profiling/middleware.py:57

0.003 Handle._run  asyncio/events.py:86
├─ 0.002 coro  starlette/middleware/base.py:136
│     [14 frames hidden]  starlette, fastapi
│        0.002 wrapped_app  starlette/_exception_handler.py:31
│        │  0.001 isinstance  <built-in>
│        └─ 0.001 [self]  starlette/_exception_handler.py
└─ 0.001 RequestResponseCycle.run_asgi  uvicorn/protocols/http/h11_impl.py:401
      [3 frames hidden]  uvicorn, fastapi, starlette
         0.001 ServerErrorMiddleware.__call__  starlette/middleware/errors.py:150
         └─ 0.001 ProfilingMiddleware.__call__  pybend/core/tests/profiling/middleware.py:35
            └─ 0.001 JWTAuthMiddleware.__call__  starlette/middleware/base.py:98
               └─ 0.001 _StreamingResponse.__call__  starlette/middleware/base.py:205
                  └─ 0.001 send_wrapper  pybend/core/tests/profiling/middleware.py:48
                     └─ 0.001 _send  starlette/middleware/errors.py:157
                           [2 frames hidden]  uvicorn
                              0.001 _UnixSelectorEventLoop.call_later  asyncio/base_events.py:743



========================================================================
GET /products  ->  200  (3.7ms)
========================================================================

  _     ._   __/__   _ _  _  _ _/_   Recorded: 15:16:04  Samples:  4
 /_//_/// /_\ / //_// / //_'/ //     Duration: 0.004     CPU time: 0.004
/   _/                      v5.1.2

Profile at /code/pystack/pybend/src/pybend/example/../../pybend/core/tests/profiling/middleware.py:57

0.003 Handle._run  asyncio/events.py:86
└─ 0.003 coro  starlette/middleware/base.py:136
      [15 frames hidden]  starlette, fastapi
         0.003 APIRouter.__call__  starlette/routing.py:710
         │  0.001 isinstance  <built-in>
         │  0.001 run_endpoint_function  fastapi/routing.py:204
         │  └─ 0.001 list_all_instances  pybend/core/api/routes_fastapi.py:93
         │     └─ 0.001 Product.list  pybend/core/models/storable_mixin.py:91
         │        └─ 0.001 SQLiteStorage.list  pybend/core/storage/sqlite_storage.py:124
         │           └─ 0.001 Product.__init__  pybend/core/models/proto_model.py:97
         │              └─ 0.001 SchemaValidator.validate_python  <built-in>
         └─ 0.001 [self]  starlette/routing.py



========================================================================
GET /products  ->  200  (7.9ms)
========================================================================

  _     ._   __/__   _ _  _  _ _/_   Recorded: 15:16:04  Samples:  8
 /_//_/// /_\ / //_// / //_'/ //     Duration: 0.008     CPU time: 0.008
/   _/                      v5.1.2

Profile at /code/pystack/pybend/src/pybend/example/../../pybend/core/tests/profiling/middleware.py:57

0.008 Handle._run  asyncio/events.py:86
├─ 0.007 coro  starlette/middleware/base.py:136
│     [22 frames hidden]  starlette, fastapi, <built-in>, pydantic
│        0.003 run_endpoint_function  fastapi/routing.py:204
│        └─ 0.003 list_all_instances  pybend/core/api/routes_fastapi.py:93
│           └─ 0.003 Product.list  pybend/core/models/storable_mixin.py:91
│              └─ 0.003 SQLiteStorage.list  pybend/core/storage/sqlite_storage.py:124
│                 └─ 0.003 SQLiteStorage._populate_fields  pybend/core/storage/sqlite_storage.py:320
│                    ├─ 0.001 Product.__getattr__  pydantic/main.py:781
│                    ├─ 0.001 [self]  pybend/core/storage/sqlite_storage.py
│                    └─ 0.001 Cursor.execute  <built-in>
└─ 0.001 _SelectorSocketTransport._call_connection_lost  asyncio/selector_events.py:1191
      [6 frames hidden]  asyncio, uvicorn, h11



========================================================================
GET /products  ->  200  (17.1ms)
========================================================================

  _     ._   __/__   _ _  _  _ _/_   Recorded: 15:16:04  Samples:  17
 /_//_/// /_\ / //_// / //_'/ //     Duration: 0.017     CPU time: 0.017
/   _/                      v5.1.2

Profile at /code/pystack/pybend/src/pybend/example/../../pybend/core/tests/profiling/middleware.py:57

0.017 Handle._run  asyncio/events.py:86
├─ 0.016 coro  starlette/middleware/base.py:136
│     [32 frames hidden]  starlette, fastapi, <built-in>, pydan...
│        0.006 run_endpoint_function  fastapi/routing.py:204
│        └─ 0.006 list_all_instances  pybend/core/api/routes_fastapi.py:93
│           └─ 0.006 Product.list  pybend/core/models/storable_mixin.py:91
│              └─ 0.006 SQLiteStorage.list  pybend/core/storage/sqlite_storage.py:124
│                 ├─ 0.005 SQLiteStorage._populate_fields  pybend/core/storage/sqlite_storage.py:320
│                 │  ├─ 0.002 ProductComment.__init__  pybend/core/models/proto_model.py:97
│                 │  │  ├─ 0.001 SchemaValidator.validate_python  <built-in>
│                 │  │  └─ 0.001 ProductComment.__setattr__  pydantic/main.py:813
│                 │  ├─ 0.001 Cursor.execute  <built-in>
│                 │  ├─ 0.001 ProductComment.model_dump  pybend/core/models/proto_model.py:118
│                 │  │  └─ 0.001 ProductComment.model_dump  pydantic/main.py:309
│                 │  └─ 0.001 [self]  pybend/core/storage/sqlite_storage.py
│                 └─ 0.001 [self]  pybend/core/storage/sqlite_storage.py
└─ 0.001 RequestResponseCycle.run_asgi  uvicorn/protocols/http/h11_impl.py:401
      [3 frames hidden]  uvicorn, fastapi, starlette
         0.001 ServerErrorMiddleware.__call__  starlette/middleware/errors.py:150
         └─ 0.001 ProfilingMiddleware.__call__  pybend/core/tests/profiling/middleware.py:35
            └─ 0.001 JWTAuthMiddleware.__call__  starlette/middleware/base.py:98
               └─ 0.001 _StreamingResponse.__call__  starlette/middleware/base.py:205
                  └─ 0.001 send_wrapper  pybend/core/tests/profiling/middleware.py:48
                     └─ 0.001 _send  starlette/middleware/errors.py:157
                           [3 frames hidden]  uvicorn, h11



========================================================================
GET /products  ->  200  (17.5ms)
========================================================================

  _     ._   __/__   _ _  _  _ _/_   Recorded: 15:16:04  Samples:  18
 /_//_/// /_\ / //_// / //_'/ //     Duration: 0.018     CPU time: 0.017
/   _/                      v5.1.2

Profile at /code/pystack/pybend/src/pybend/example/../../pybend/core/tests/profiling/middleware.py:57

0.017 Handle._run  asyncio/events.py:86
├─ 0.016 coro  starlette/middleware/base.py:136
│     [25 frames hidden]  starlette, fastapi, dataclasses, pyda...
│        0.008 jsonable_encoder  fastapi/encoders.py:102
│        └─ 0.004 [self]  fastapi/encoders.py
│        0.006 run_endpoint_function  fastapi/routing.py:204
│        └─ 0.006 list_all_instances  pybend/core/api/routes_fastapi.py:93
│           └─ 0.006 Product.list  pybend/core/models/storable_mixin.py:91
│              └─ 0.006 SQLiteStorage.list  pybend/core/storage/sqlite_storage.py:124
│                 └─ 0.006 SQLiteStorage._populate_fields  pybend/core/storage/sqlite_storage.py:320
│                    ├─ 0.004 SQLiteStorage._populate_fields  pybend/core/storage/sqlite_storage.py:320
│                    │  ├─ 0.002 Cursor.execute  <built-in>
│                    │  ├─ 0.001 [self]  pybend/core/storage/sqlite_storage.py
│                    │  └─ 0.001 CommentLike.model_dump  pybend/core/models/proto_model.py:118
│                    ├─ 0.001 Cursor.fetchall  <built-in>
│                    └─ 0.001 ProductLike.__init__  pybend/core/models/proto_model.py:97
│                       └─ 0.001 SchemaValidator.validate_python  <built-in>
└─ 0.001 RequestResponseCycle.run_asgi  uvicorn/protocols/http/h11_impl.py:401
      [3 frames hidden]  uvicorn, fastapi, starlette
         0.001 ServerErrorMiddleware.__call__  starlette/middleware/errors.py:150
         └─ 0.001 ProfilingMiddleware.__call__  pybend/core/tests/profiling/middleware.py:35
            └─ 0.001 JWTAuthMiddleware.__call__  starlette/middleware/base.py:98
                  [2 frames hidden]  starlette



========================================================================
GET /products  ->  200  (45.7ms)
========================================================================

  _     ._   __/__   _ _  _  _ _/_   Recorded: 15:16:04  Samples:  46
 /_//_/// /_\ / //_// / //_'/ //     Duration: 0.046     CPU time: 0.046
/   _/                      v5.1.2

Profile at /code/pystack/pybend/src/pybend/example/../../pybend/core/tests/profiling/middleware.py:57

0.045 Handle._run  asyncio/events.py:86
├─ 0.044 coro  starlette/middleware/base.py:136
│     [44 frames hidden]  starlette, fastapi, <built-in>, datac...
│        0.016 run_endpoint_function  fastapi/routing.py:204
│        └─ 0.016 list_all_instances  pybend/core/api/routes_fastapi.py:93
│           └─ 0.016 Product.list  pybend/core/models/storable_mixin.py:91
│              └─ 0.016 SQLiteStorage.list  pybend/core/storage/sqlite_storage.py:124
│                 ├─ 0.015 SQLiteStorage._populate_fields  pybend/core/storage/sqlite_storage.py:320
│                 │  ├─ 0.010 SQLiteStorage._populate_fields  pybend/core/storage/sqlite_storage.py:320
│                 │  │  ├─ 0.003 User.__init__  pybend/core/models/proto_model.py:97
│                 │  │  │  ├─ 0.002 [self]  pybend/core/models/proto_model.py
│                 │  │  │  └─ 0.001 User.__setattr__  pydantic/main.py:813
│                 │  │  ├─ 0.002 [self]  pybend/core/storage/sqlite_storage.py
│                 │  │  ├─ 0.002 Cursor.execute  <built-in>
│                 │  │  ├─ 0.002 ProductComment.__getattr__  pydantic/main.py:781
│                 │  │  │     [3 frames hidden]  pydantic, <built-in>
│                 │  │  └─ 0.001 Cursor.fetchall  <built-in>
│                 │  ├─ 0.003 ProductComment.__init__  pybend/core/models/proto_model.py:97
│                 │  │  ├─ 0.001 <lambda>  pybend/core/utils/typer.py:87
│                 │  │  ├─ 0.001 Mapping.__instancecheck__  <frozen abc>:117
│                 │  │  │  └─ 0.001 _abc_instancecheck  <built-in>
│                 │  │  └─ 0.001 ProductLike.__setattr__  pydantic/main.py:813
│                 │  ├─ 0.001 Cursor.execute  <built-in>
│                 │  └─ 0.001 [self]  pybend/core/storage/sqlite_storage.py
│                 └─ 0.001 [self]  pybend/core/storage/sqlite_storage.py
└─ 0.001 RequestResponseCycle.run_asgi  uvicorn/protocols/http/h11_impl.py:401
      [3 frames hidden]  uvicorn, fastapi, starlette
         0.001 ServerErrorMiddleware.__call__  starlette/middleware/errors.py:150
         └─ 0.001 ProfilingMiddleware.__call__  pybend/core/tests/profiling/middleware.py:35
            └─ 0.001 JWTAuthMiddleware.__call__  starlette/middleware/base.py:98
               └─ 0.001 _StreamingResponse.__call__  starlette/middleware/base.py:205
                  └─ 0.001 send_wrapper  pybend/core/tests/profiling/middleware.py:48
                     └─ 0.001 _send  starlette/middleware/errors.py:157
                        └─ 0.001 RequestResponseCycle.send  uvicorn/protocols/http/h11_impl.py:447



========================================================================
GET /products  ->  200  (3.9ms)
========================================================================

  _     ._   __/__   _ _  _  _ _/_   Recorded: 15:16:04  Samples:  4
 /_//_/// /_\ / //_// / //_'/ //     Duration: 0.004     CPU time: 0.004
/   _/                      v5.1.2

Profile at /code/pystack/pybend/src/pybend/example/../../pybend/core/tests/profiling/middleware.py:57

0.003 Handle._run  asyncio/events.py:86
├─ 0.002 coro  starlette/middleware/base.py:136
│     [14 frames hidden]  starlette, fastapi
│        0.001 run_endpoint_function  fastapi/routing.py:204
│        └─ 0.001 list_all_instances  pybend/core/api/routes_fastapi.py:93
│           └─ 0.001 Product.list  pybend/core/models/storable_mixin.py:91
│              └─ 0.001 SQLiteStorage.list  pybend/core/storage/sqlite_storage.py:124
│                 └─ 0.001 Product.__init__  pybend/core/models/proto_model.py:97
│        0.001 jsonable_encoder  fastapi/encoders.py:102
├─ 0.001 [self]  asyncio/events.py
└─ 0.000 RequestResponseCycle.run_asgi  uvicorn/protocols/http/h11_impl.py:401
      [3 frames hidden]  uvicorn, fastapi, starlette
         0.000 ServerErrorMiddleware.__call__  starlette/middleware/errors.py:150
         └─ 0.000 ProfilingMiddleware.__call__  pybend/core/tests/profiling/middleware.py:35
            └─ 0.000 JWTAuthMiddleware.__call__  starlette/middleware/base.py:98
               └─ 0.000 JWTAuthMiddleware.dispatch  pybend/core/api/backend.py:92
                  └─ 0.000 decode_token  pybend/core/authorize/auth.py:57
                     └─ 0.000 PyJWT.decode  jwt/api_jwt.py:306
                           [6 frames hidden]  jwt, base64, <built-in>



========================================================================
GET /users  ->  200  (2.2ms)
========================================================================

  _     ._   __/__   _ _  _  _ _/_   Recorded: 15:16:04  Samples:  3
 /_//_/// /_\ / //_// / //_'/ //     Duration: 0.002     CPU time: 0.002
/   _/                      v5.1.2

Profile at /code/pystack/pybend/src/pybend/example/../../pybend/core/tests/profiling/middleware.py:57

0.002 Handle._run  asyncio/events.py:86
├─ 0.001 RequestResponseCycle.run_asgi  uvicorn/protocols/http/h11_impl.py:401
│     [3 frames hidden]  uvicorn, fastapi, starlette
│        0.001 [self]  uvicorn/protocols/http/h11_impl.py
│        0.000 ServerErrorMiddleware.__call__  starlette/middleware/errors.py:150
│        └─ 0.000 ProfilingMiddleware.__call__  pybend/core/tests/profiling/middleware.py:35
│           └─ 0.000 JWTAuthMiddleware.__call__  starlette/middleware/base.py:98
│              └─ 0.000 JWTAuthMiddleware.dispatch  pybend/core/api/backend.py:92
│                 └─ 0.000 URL.path  starlette/datastructures.py:78
│                       [2 frames hidden]  starlette, urllib
└─ 0.001 coro  starlette/middleware/base.py:136
      [15 frames hidden]  starlette, fastapi, dataclasses
         0.001 isinstance  <built-in>



========================================================================
GET /products/1  ->  200  (1.6ms)
========================================================================

  _     ._   __/__   _ _  _  _ _/_   Recorded: 15:16:04  Samples:  2
 /_//_/// /_\ / //_// / //_'/ //     Duration: 0.002     CPU time: 0.002
/   _/                      v5.1.2

Profile at /code/pystack/pybend/src/pybend/example/../../pybend/core/tests/profiling/middleware.py:57

0.001 Handle._run  asyncio/events.py:86
├─ 0.001 [self]  asyncio/events.py
└─ 0.000 RequestResponseCycle.run_asgi  uvicorn/protocols/http/h11_impl.py:401
      [3 frames hidden]  uvicorn, fastapi, starlette
         0.000 ServerErrorMiddleware.__call__  starlette/middleware/errors.py:150
         └─ 0.000 ProfilingMiddleware.__call__  pybend/core/tests/profiling/middleware.py:35
            └─ 0.000 JWTAuthMiddleware.__call__  starlette/middleware/base.py:98
               └─ 0.000 JWTAuthMiddleware.dispatch  pybend/core/api/backend.py:92
                  └─ 0.000 decode_token  pybend/core/authorize/auth.py:57
                     └─ 0.000 PyJWT.decode  jwt/api_jwt.py:306
                           [5 frames hidden]  jwt, json



========================================================================
GET /products/2  ->  200  (1.6ms)
========================================================================

  _     ._   __/__   _ _  _  _ _/_   Recorded: 15:16:04  Samples:  2
 /_//_/// /_\ / //_// / //_'/ //     Duration: 0.002     CPU time: 0.002
/   _/                      v5.1.2

Profile at /code/pystack/pybend/src/pybend/example/../../pybend/core/tests/profiling/middleware.py:57

0.001 NoneType._run  asyncio/events.py:86
├─ 0.001 [self]  asyncio/events.py
└─ 0.000 coro  starlette/middleware/base.py:136
      [9 frames hidden]  starlette
         0.000 app  fastapi/routing.py:240



========================================================================
GET /products/3  ->  200  (1.5ms)
========================================================================

  _     ._   __/__   _ _  _  _ _/_   Recorded: 15:16:04  Samples:  1
 /_//_/// /_\ / //_// / //_'/ //     Duration: 0.001     CPU time: 0.001
/   _/                      v5.1.2

Profile at /code/pystack/pybend/src/pybend/example/../../pybend/core/tests/profiling/middleware.py:57

0.001 ProfilingMiddleware.__call__  pybend/core/tests/profiling/middleware.py:35
└─ 0.001 JWTAuthMiddleware.__call__  starlette/middleware/base.py:98
   └─ 0.001 JWTAuthMiddleware.dispatch  pybend/core/api/backend.py:92
      └─ 0.001 call_next  starlette/middleware/base.py:109
            [3 frames hidden]  anyio, asyncio
               0.001 deque.remove  <built-in>



========================================================================
GET /products/1  ->  200  (2.2ms)
========================================================================

  _     ._   __/__   _ _  _  _ _/_   Recorded: 15:16:04  Samples:  2
 /_//_/// /_\ / //_// / //_'/ //     Duration: 0.002     CPU time: 0.002
/   _/                      v5.1.2

Profile at /code/pystack/pybend/src/pybend/example/../../pybend/core/tests/profiling/middleware.py:57

0.002 Handle._run  asyncio/events.py:86
└─ 0.002 coro  starlette/middleware/base.py:136
      [10 frames hidden]  starlette, fastapi
         0.001 [self]  starlette/middleware/base.py
         0.001 run_endpoint_function  fastapi/routing.py:204
         └─ 0.001 read_instance  pybend/core/api/routes_fastapi.py:184
            └─ 0.001 Product.get  pybend/core/models/storable_mixin.py:102
               └─ 0.001 SQLiteStorage.get  pybend/core/storage/sqlite_storage.py:240
                  └─ 0.001 SQLiteStorage._populate_fields  pybend/core/storage/sqlite_storage.py:320
                     └─ 0.001 _validate_identifier  pybend/core/storage/sqlite_storage.py:22
                        └─ 0.001 match  re/__init__.py:164
                           └─ 0.001 _compile  re/__init__.py:280
                              └─ 0.001 isinstance  <built-in>



========================================================================
GET /products/2  ->  200  (2.3ms)
========================================================================

  _     ._   __/__   _ _  _  _ _/_   Recorded: 15:16:04  Samples:  3
 /_//_/// /_\ / //_// / //_'/ //     Duration: 0.002     CPU time: 0.002
/   _/                      v5.1.2

Profile at /code/pystack/pybend/src/pybend/example/../../pybend/core/tests/profiling/middleware.py:57

0.002 Handle._run  asyncio/events.py:86
├─ 0.001 _SelectorSocketTransport._call_connection_lost  asyncio/selector_events.py:1191
│     [5 frames hidden]  asyncio, uvicorn, h11
│        0.001 ConnectionState.process_event  h11/_state.py:275
├─ 0.001 coro  starlette/middleware/base.py:136
│     [14 frames hidden]  starlette, fastapi
│        0.001 jsonable_encoder  fastapi/encoders.py:102
└─ 0.000 RequestResponseCycle.run_asgi  uvicorn/protocols/http/h11_impl.py:401
      [3 frames hidden]  uvicorn, fastapi, starlette
         0.000 ServerErrorMiddleware.__call__  starlette/middleware/errors.py:150
         └─ 0.000 ProfilingMiddleware.__call__  pybend/core/tests/profiling/middleware.py:35
            └─ 0.000 Profiler.start  pyinstrument/profiler.py:118
                  [3 frames hidden]  pyinstrument



========================================================================
GET /products/3  ->  200  (2.6ms)
========================================================================

  _     ._   __/__   _ _  _  _ _/_   Recorded: 15:16:04  Samples:  3
 /_//_/// /_\ / //_// / //_'/ //     Duration: 0.003     CPU time: 0.003
/   _/                      v5.1.2

Profile at /code/pystack/pybend/src/pybend/example/../../pybend/core/tests/profiling/middleware.py:57

0.002 Handle._run  asyncio/events.py:86
├─ 0.001 coro  starlette/middleware/base.py:136
│     [19 frames hidden]  starlette, fastapi, pydantic, typing,...
│        0.001 [self]  starlette/middleware/base.py
└─ 0.001 _SelectorSocketTransport._call_connection_lost  asyncio/selector_events.py:1191
      [3 frames hidden]  asyncio, socket
         0.001 socket.close  <built-in>



========================================================================
GET /products/1  ->  200  (6.6ms)
========================================================================

  _     ._   __/__   _ _  _  _ _/_   Recorded: 15:16:04  Samples:  6
 /_//_/// /_\ / //_// / //_'/ //     Duration: 0.007     CPU time: 0.007
/   _/                      v5.1.2

Profile at /code/pystack/pybend/src/pybend/example/../../pybend/core/tests/profiling/middleware.py:57

0.006 Handle._run  asyncio/events.py:86
├─ 0.005 coro  starlette/middleware/base.py:136
│     [19 frames hidden]  starlette, fastapi, <built-in>
│        0.004 run_endpoint_function  fastapi/routing.py:204
│        └─ 0.004 read_instance  pybend/core/api/routes_fastapi.py:184
│           └─ 0.004 Product.get  pybend/core/models/storable_mixin.py:102
│              └─ 0.004 SQLiteStorage.get  pybend/core/storage/sqlite_storage.py:240
│                 └─ 0.004 SQLiteStorage._populate_fields  pybend/core/storage/sqlite_storage.py:320
│                    ├─ 0.003 SQLiteStorage._populate_fields  pybend/core/storage/sqlite_storage.py:320
│                    │  ├─ 0.002 User.__init__  pybend/core/models/proto_model.py:97
│                    │  └─ 0.001 Cursor.execute  <built-in>
│                    └─ 0.001 Cursor.execute  <built-in>
└─ 0.001 RequestResponseCycle.run_asgi  uvicorn/protocols/http/h11_impl.py:401
      [3 frames hidden]  uvicorn, fastapi, starlette
         0.001 ServerErrorMiddleware.__call__  starlette/middleware/errors.py:150
         └─ 0.001 ProfilingMiddleware.__call__  pybend/core/tests/profiling/middleware.py:35
            └─ 0.001 JWTAuthMiddleware.__call__  starlette/middleware/base.py:98
               └─ 0.001 _StreamingResponse.__call__  starlette/middleware/base.py:205
                  └─ 0.001 send_wrapper  pybend/core/tests/profiling/middleware.py:48
                     └─ 0.001 _send  starlette/middleware/errors.py:157
                           [4 frames hidden]  uvicorn, h11



========================================================================
GET /products/2  ->  200  (3.4ms)
========================================================================

  _     ._   __/__   _ _  _  _ _/_   Recorded: 15:16:04  Samples:  3
 /_//_/// /_\ / //_// / //_'/ //     Duration: 0.003     CPU time: 0.003
/   _/                      v5.1.2

Profile at /code/pystack/pybend/src/pybend/example/../../pybend/core/tests/profiling/middleware.py:57

0.003 Handle._run  asyncio/events.py:86
├─ 0.002 coro  starlette/middleware/base.py:136
│     [16 frames hidden]  starlette, fastapi
│        0.001 jsonable_encoder  fastapi/encoders.py:102
│        0.001 run_endpoint_function  fastapi/routing.py:204
│        └─ 0.001 read_instance  pybend/core/api/routes_fastapi.py:184
│           └─ 0.001 Product.get  pybend/core/models/storable_mixin.py:102
│              └─ 0.001 SQLiteStorage.get  pybend/core/storage/sqlite_storage.py:240
│                 └─ 0.001 SQLiteStorage._populate_fields  pybend/core/storage/sqlite_storage.py:320
│                    └─ 0.001 ProductComment.__init__  pybend/core/models/proto_model.py:97
└─ 0.001 RequestResponseCycle.run_asgi  uvicorn/protocols/http/h11_impl.py:401
      [3 frames hidden]  uvicorn, fastapi, starlette
         0.001 ServerErrorMiddleware.__call__  starlette/middleware/errors.py:150
         └─ 0.001 ProfilingMiddleware.__call__  pybend/core/tests/profiling/middleware.py:35
            └─ 0.001 JWTAuthMiddleware.__call__  starlette/middleware/base.py:98
               └─ 0.001 _StreamingResponse.__call__  starlette/middleware/base.py:205
                  └─ 0.001 send_wrapper  pybend/core/tests/profiling/middleware.py:48
                     └─ 0.001 _send  starlette/middleware/errors.py:157
                           [4 frames hidden]  uvicorn, h11
                              0.001 Response.__init__  h11/_events.py:137



========================================================================
GET /products/3  ->  200  (3.1ms)
========================================================================

  _     ._   __/__   _ _  _  _ _/_   Recorded: 15:16:04  Samples:  3
 /_//_/// /_\ / //_// / //_'/ //     Duration: 0.003     CPU time: 0.003
/   _/                      v5.1.2

Profile at /code/pystack/pybend/src/pybend/example/../../pybend/core/tests/profiling/middleware.py:57

0.002 Handle._run  asyncio/events.py:86
├─ 0.001 coro  starlette/middleware/base.py:136
│     [19 frames hidden]  starlette, fastapi
│        0.001 str.startswith  <built-in>
└─ 0.001 RequestResponseCycle.run_asgi  uvicorn/protocols/http/h11_impl.py:401
      [3 frames hidden]  uvicorn, fastapi, starlette
         0.001 ServerErrorMiddleware.__call__  starlette/middleware/errors.py:150
         └─ 0.001 ProfilingMiddleware.__call__  pybend/core/tests/profiling/middleware.py:35
            └─ 0.001 JWTAuthMiddleware.__call__  starlette/middleware/base.py:98
               └─ 0.001 _StreamingResponse.__call__  starlette/middleware/base.py:205
                  └─ 0.001 send_wrapper  pybend/core/tests/profiling/middleware.py:48
                     └─ 0.001 _send  starlette/middleware/errors.py:157
                           [5 frames hidden]  uvicorn, logging
                              0.001 StreamHandler.handle  logging/__init__.py:1011



========================================================================
GET /users/1  ->  200  (1.4ms)
========================================================================

  _     ._   __/__   _ _  _  _ _/_   Recorded: 15:16:04  Samples:  2
 /_//_/// /_\ / //_// / //_'/ //     Duration: 0.001     CPU time: 0.001
/   _/                      v5.1.2

Profile at /code/pystack/pybend/src/pybend/example/../../pybend/core/tests/profiling/middleware.py:57

0.001 _UnixSelectorEventLoop._run_once  asyncio/base_events.py:1910
├─ 0.001 [self]  asyncio/base_events.py
└─ 0.000 Handle._run  asyncio/events.py:86
      [4 frames hidden]  starlette, <frozen _collections_abc>



========================================================================
GET /products/1/comments  ->  200  (3.6ms)
========================================================================

  _     ._   __/__   _ _  _  _ _/_   Recorded: 15:16:04  Samples:  4
 /_//_/// /_\ / //_// / //_'/ //     Duration: 0.004     CPU time: 0.004
/   _/                      v5.1.2

Profile at /code/pystack/pybend/src/pybend/example/../../pybend/core/tests/profiling/middleware.py:57

0.003 Handle._run  asyncio/events.py:86
├─ 0.002 coro  starlette/middleware/base.py:136
│     [10 frames hidden]  starlette, fastapi
│        0.002 run_endpoint_function  fastapi/routing.py:204
│        └─ 0.002 list_all_instances  pybend/core/api/routes_fastapi.py:93
│           └─ 0.002 ProductComment.list  pybend/core/models/storable_mixin.py:91
│              └─ 0.002 SQLiteStorage.list  pybend/core/storage/sqlite_storage.py:124
│                 ├─ 0.001 _GeneratorContextManager.__exit__  contextlib.py:141
│                 │  └─ 0.001 SQLiteStorage._connection  pybend/core/storage/sqlite_storage.py:68
│                 │     └─ 0.001 SQLiteStorage._put_conn  pybend/core/storage/sqlite_storage.py:61
│                 │        └─ 0.001 Queue.put_nowait  queue.py:185
│                 └─ 0.001 dict.get  <built-in>
└─ 0.001 RequestResponseCycle.run_asgi  uvicorn/protocols/http/h11_impl.py:401
      [4 frames hidden]  uvicorn, fastapi, starlette
         0.001 ServerErrorMiddleware.__call__  starlette/middleware/errors.py:150
         └─ 0.001 ProfilingMiddleware.__call__  pybend/core/tests/profiling/middleware.py:35
            └─ 0.001 JWTAuthMiddleware.__call__  starlette/middleware/base.py:98
               └─ 0.001 _StreamingResponse.__call__  starlette/middleware/base.py:205
                  └─ 0.001 send_wrapper  pybend/core/tests/profiling/middleware.py:48
                     └─ 0.001 _send  starlette/middleware/errors.py:157
                           [2 frames hidden]  uvicorn, h11
                              0.001 bytes.join  <built-in>



========================================================================
GET /products/2/comments  ->  200  (3.4ms)
========================================================================

  _     ._   __/__   _ _  _  _ _/_   Recorded: 15:16:04  Samples:  3
 /_//_/// /_\ / //_// / //_'/ //     Duration: 0.003     CPU time: 0.003
/   _/                      v5.1.2

Profile at /code/pystack/pybend/src/pybend/example/../../pybend/core/tests/profiling/middleware.py:57

0.003 Handle._run  asyncio/events.py:86
├─ 0.002 coro  starlette/middleware/base.py:136
│     [10 frames hidden]  starlette, fastapi
│        0.002 run_endpoint_function  fastapi/routing.py:204
│        └─ 0.002 list_all_instances  pybend/core/api/routes_fastapi.py:93
│           └─ 0.002 ProductComment.list  pybend/core/models/storable_mixin.py:91
│              └─ 0.002 SQLiteStorage.list  pybend/core/storage/sqlite_storage.py:124
│                 ├─ 0.001 ProductComment.__init__  pybend/core/models/proto_model.py:97
│                 └─ 0.001 dict.get  <built-in>
└─ 0.001 RequestResponseCycle.run_asgi  uvicorn/protocols/http/h11_impl.py:401
      [3 frames hidden]  uvicorn, fastapi, starlette
         0.001 ServerErrorMiddleware.__call__  starlette/middleware/errors.py:150
         └─ 0.001 ProfilingMiddleware.__call__  pybend/core/tests/profiling/middleware.py:35
            └─ 0.001 JWTAuthMiddleware.__call__  starlette/middleware/base.py:98
               └─ 0.001 _StreamingResponse.__call__  starlette/middleware/base.py:205
                  └─ 0.001 send_wrapper  pybend/core/tests/profiling/middleware.py:48
                     └─ 0.001 _send  starlette/middleware/errors.py:157
                           [5 frames hidden]  uvicorn, h11
                              0.001 Connection._get_io_object  h11/_connection.py:320



========================================================================
GET /products/1/favorites  ->  200  (2.1ms)
========================================================================

  _     ._   __/__   _ _  _  _ _/_   Recorded: 15:16:04  Samples:  2
 /_//_/// /_\ / //_// / //_'/ //     Duration: 0.002     CPU time: 0.002
/   _/                      v5.1.2

Profile at /code/pystack/pybend/src/pybend/example/../../pybend/core/tests/profiling/middleware.py:57

0.002 NoneType._run  asyncio/events.py:86
├─ 0.001 [self]  asyncio/events.py
└─ 0.001 coro  starlette/middleware/base.py:136
      [10 frames hidden]  starlette, fastapi
         0.001 run_endpoint_function  fastapi/routing.py:204
         └─ 0.001 list_all_instances  pybend/core/api/routes_fastapi.py:93
            └─ 0.001 ProductLike.list  pybend/core/models/storable_mixin.py:91
               └─ 0.001 SQLiteStorage.list  pybend/core/storage/sqlite_storage.py:124



========================================================================
GET /products/2/favorites  ->  200  (2.1ms)
========================================================================

  _     ._   __/__   _ _  _  _ _/_   Recorded: 15:16:04  Samples:  2
 /_//_/// /_\ / //_// / //_'/ //     Duration: 0.002     CPU time: 0.002
/   _/                      v5.1.2

Profile at /code/pystack/pybend/src/pybend/example/../../pybend/core/tests/profiling/middleware.py:57

0.001 Handle._run  asyncio/events.py:86
├─ 0.001 RequestResponseCycle.run_asgi  uvicorn/protocols/http/h11_impl.py:401
│     [3 frames hidden]  uvicorn, fastapi, starlette
│        0.001 ServerErrorMiddleware.__call__  starlette/middleware/errors.py:150
│        └─ 0.001 ProfilingMiddleware.__call__  pybend/core/tests/profiling/middleware.py:35
│           └─ 0.001 JWTAuthMiddleware.__call__  starlette/middleware/base.py:98
│              └─ 0.001 _StreamingResponse.__call__  starlette/middleware/base.py:205
│                 └─ 0.001 send_wrapper  pybend/core/tests/profiling/middleware.py:48
│                    └─ 0.001 _send  starlette/middleware/errors.py:157
│                          [8 frames hidden]  uvicorn, logging
│                             0.001 TextIOWrapper.flush  <built-in>
└─ 0.001 coro  starlette/middleware/base.py:136
      [10 frames hidden]  starlette, fastapi
         0.001 run_endpoint_function  fastapi/routing.py:204
         └─ 0.001 list_all_instances  pybend/core/api/routes_fastapi.py:93
            └─ 0.001 ProductLike.list  pybend/core/models/storable_mixin.py:91
               └─ 0.001 SQLiteStorage.list  pybend/core/storage/sqlite_storage.py:124
                  └─ 0.001 Cursor.fetchall  <built-in>



========================================================================
POST /users/login  ->  200  (186.7ms)
========================================================================

  _     ._   __/__   _ _  _  _ _/_   Recorded: 15:16:04  Samples:  3
 /_//_/// /_\ / //_// / //_'/ //     Duration: 0.187     CPU time: 0.187
/   _/                      v5.1.2

Profile at /code/pystack/pybend/src/pybend/example/../../pybend/core/tests/profiling/middleware.py:57

0.186 Handle._run  asyncio/events.py:86
└─ 0.186 coro  starlette/middleware/base.py:136
      [10 frames hidden]  starlette, fastapi
         0.185 run_endpoint_function  fastapi/routing.py:204
         └─ 0.185 post_no_id  pybend/core/api/routes_fastapi.py:336
            └─ 0.185 User.login  pybend/core/models/base_user.py:74
               └─ 0.185 verify_password  pybend/core/authorize/auth.py:42
                  └─ 0.185 checkpw  <built-in>



========================================================================
POST /products  ->  201  (27.4ms)
========================================================================

  _     ._   __/__   _ _  _  _ _/_   Recorded: 15:16:04  Samples:  9
 /_//_/// /_\ / //_// / //_'/ //     Duration: 0.027     CPU time: 0.009
/   _/                      v5.1.2

Profile at /code/pystack/pybend/src/pybend/example/../../pybend/core/tests/profiling/middleware.py:57

0.026 Handle._run  asyncio/events.py:86
├─ 0.024 coro  starlette/middleware/base.py:136
│     [74 frames hidden]  starlette, fastapi, <string>, pydanti...
│        0.020 run_endpoint_function  fastapi/routing.py:204
│        └─ 0.020 create_instance  pybend/core/api/routes_fastapi.py:60
│           └─ 0.020 Product.create  pybend/core/models/storable_mixin.py:63
│              └─ 0.020 SQLiteStorage.create  pybend/core/storage/sqlite_storage.py:93
│                 ├─ 0.020 Connection.commit  <built-in>
│                 └─ 0.000 Logger.info  logging/__init__.py:1529
│                       [5 frames hidden]  logging
└─ 0.002 RequestResponseCycle.run_asgi  uvicorn/protocols/http/h11_impl.py:401
      [3 frames hidden]  uvicorn, fastapi, starlette
         0.002 ServerErrorMiddleware.__call__  starlette/middleware/errors.py:150
         └─ 0.002 ProfilingMiddleware.__call__  pybend/core/tests/profiling/middleware.py:35
            └─ 0.002 JWTAuthMiddleware.__call__  starlette/middleware/base.py:98
                  [3 frames hidden]  starlette, anyio
                     0.002 _StreamingResponse.__call__  starlette/middleware/base.py:205
                     └─ 0.001 send_wrapper  pybend/core/tests/profiling/middleware.py:48
                        └─ 0.001 _send  starlette/middleware/errors.py:157
                              [5 frames hidden]  uvicorn, logging



========================================================================
POST /products  ->  201  (8.0ms)
========================================================================

  _     ._   __/__   _ _  _  _ _/_   Recorded: 15:16:04  Samples:  3
 /_//_/// /_\ / //_// / //_'/ //     Duration: 0.008     CPU time: 0.003
/   _/                      v5.1.2

Profile at /code/pystack/pybend/src/pybend/example/../../pybend/core/tests/profiling/middleware.py:57

0.007 Handle._run  asyncio/events.py:86
└─ 0.007 coro  starlette/middleware/base.py:136
      [18 frames hidden]  starlette, fastapi, anyio, sniffio
         0.006 run_endpoint_function  fastapi/routing.py:204
         └─ 0.006 create_instance  pybend/core/api/routes_fastapi.py:60
            └─ 0.006 Product.create  pybend/core/models/storable_mixin.py:63
               └─ 0.006 SQLiteStorage.create  pybend/core/storage/sqlite_storage.py:93
                  └─ 0.006 Connection.commit  <built-in>



========================================================================
POST /products  ->  201  (7.7ms)
========================================================================

  _     ._   __/__   _ _  _  _ _/_   Recorded: 15:16:04  Samples:  3
 /_//_/// /_\ / //_// / //_'/ //     Duration: 0.008     CPU time: 0.002
/   _/                      v5.1.2

Profile at /code/pystack/pybend/src/pybend/example/../../pybend/core/tests/profiling/middleware.py:57

0.007 _UnixSelectorEventLoop._run_once  asyncio/base_events.py:1910
├─ 0.007 Handle._run  asyncio/events.py:86
│     [15 frames hidden]  starlette, fastapi, uvicorn
│        0.006 run_endpoint_function  fastapi/routing.py:204
│        └─ 0.006 create_instance  pybend/core/api/routes_fastapi.py:60
│           └─ 0.006 Product.create  pybend/core/models/storable_mixin.py:63
│              └─ 0.006 SQLiteStorage.create  pybend/core/storage/sqlite_storage.py:93
│                 └─ 0.006 Connection.commit  <built-in>
│        0.001 ServerErrorMiddleware.__call__  starlette/middleware/errors.py:150
│        └─ 0.001 ProfilingMiddleware.__call__  pybend/core/tests/profiling/middleware.py:35
│           └─ 0.001 JWTAuthMiddleware.__call__  starlette/middleware/base.py:98
│              └─ 0.001 _StreamingResponse.__call__  starlette/middleware/base.py:205
│                 └─ 0.001 send_wrapper  pybend/core/tests/profiling/middleware.py:48
│                    └─ 0.001 _send  starlette/middleware/errors.py:157
│                          [2 frames hidden]  uvicorn, asyncio
└─ 0.000 EpollSelector.select  selectors.py:451



========================================================================
POST /products/1/comment  ->  200  (7.9ms)
========================================================================

  _     ._   __/__   _ _  _  _ _/_   Recorded: 15:16:04  Samples:  3
 /_//_/// /_\ / //_// / //_'/ //     Duration: 0.008     CPU time: 0.003
/   _/                      v5.1.2

Profile at /code/pystack/pybend/src/pybend/example/../../pybend/core/tests/profiling/middleware.py:57

0.008 Handle._run  asyncio/events.py:86
├─ 0.006 coro  starlette/middleware/base.py:136
│     [10 frames hidden]  starlette, fastapi
│        0.006 run_endpoint_function  fastapi/routing.py:204
│        └─ 0.006 post_with_id  pybend/core/api/routes_fastapi.py:300
│           └─ 0.006 Product.comment  models/product.py:62
│              └─ 0.006 Comment.save  pybend/core/models/storable_mixin.py:36
│                 └─ 0.006 Comment.create  pybend/core/models/storable_mixin.py:63
│                    └─ 0.006 ProductComment.create  pybend/core/models/storable_mixin.py:63
│                       └─ 0.006 SQLiteStorage.create  pybend/core/storage/sqlite_storage.py:93
│                          └─ 0.006 Connection.commit  <built-in>
├─ 0.001 _SelectorSocketTransport._read_ready  asyncio/selector_events.py:969
│     [6 frames hidden]  asyncio
└─ 0.001 [self]  asyncio/events.py



========================================================================
POST /products/2/comment  ->  200  (7.7ms)
========================================================================

  _     ._   __/__   _ _  _  _ _/_   Recorded: 15:16:04  Samples:  4
 /_//_/// /_\ / //_// / //_'/ //     Duration: 0.008     CPU time: 0.003
/   _/                      v5.1.2

Profile at /code/pystack/pybend/src/pybend/example/../../pybend/core/tests/profiling/middleware.py:57

0.007 Handle._run  asyncio/events.py:86
├─ 0.006 coro  starlette/middleware/base.py:136
│     [10 frames hidden]  starlette, fastapi
│        0.006 run_endpoint_function  fastapi/routing.py:204
│        └─ 0.006 post_with_id  pybend/core/api/routes_fastapi.py:300
│           └─ 0.006 Product.comment  models/product.py:62
│              └─ 0.006 Comment.save  pybend/core/models/storable_mixin.py:36
│                 └─ 0.006 Comment.create  pybend/core/models/storable_mixin.py:63
│                    ├─ 0.005 ProductComment.create  pybend/core/models/storable_mixin.py:63
│                    │  └─ 0.005 SQLiteStorage.create  pybend/core/storage/sqlite_storage.py:93
│                    │     └─ 0.005 Connection.commit  <built-in>
│                    └─ 0.001 ProductComment.__init__  pybend/core/models/proto_model.py:97
└─ 0.001 RequestResponseCycle.run_asgi  uvicorn/protocols/http/h11_impl.py:401
      [3 frames hidden]  uvicorn, fastapi, starlette
         0.001 ServerErrorMiddleware.__call__  starlette/middleware/errors.py:150
         └─ 0.001 ProfilingMiddleware.__call__  pybend/core/tests/profiling/middleware.py:35
            └─ 0.001 JWTAuthMiddleware.__call__  starlette/middleware/base.py:98
                  [2 frames hidden]  starlette



========================================================================
POST /products/1/favorite  ->  200  (7.6ms)
========================================================================

  _     ._   __/__   _ _  _  _ _/_   Recorded: 15:16:04  Samples:  3
 /_//_/// /_\ / //_// / //_'/ //     Duration: 0.008     CPU time: 0.002
/   _/                      v5.1.2

Profile at /code/pystack/pybend/src/pybend/example/../../pybend/core/tests/profiling/middleware.py:57

0.007 Handle._run  asyncio/events.py:86
├─ 0.006 coro  starlette/middleware/base.py:136
│     [10 frames hidden]  starlette, fastapi
│        0.006 run_endpoint_function  fastapi/routing.py:204
│        └─ 0.006 post_with_id  pybend/core/api/routes_fastapi.py:300
│           └─ 0.006 Product.favorite  models/product.py:72
│              └─ 0.006 ProductLike.delete  pybend/core/models/storable_mixin.py:125
│                 └─ 0.006 SQLiteStorage.delete  pybend/core/storage/sqlite_storage.py:584
│                    └─ 0.006 Connection.commit  <built-in>
├─ 0.001 _SelectorSocketTransport._call_connection_lost  asyncio/selector_events.py:1191
│  └─ 0.001 _SelectorSocketTransport._call_connection_lost  asyncio/selector_events.py:908
└─ 0.000 RequestResponseCycle.run_asgi  uvicorn/protocols/http/h11_impl.py:401
      [3 frames hidden]  uvicorn, fastapi, starlette
         0.000 ServerErrorMiddleware.__call__  starlette/middleware/errors.py:150
         └─ 0.000 ProfilingMiddleware.__call__  pybend/core/tests/profiling/middleware.py:35
            └─ 0.000 JWTAuthMiddleware.__call__  starlette/middleware/base.py:98
               └─ 0.000 JWTAuthMiddleware.dispatch  pybend/core/api/backend.py:92
                  └─ 0.000 call_next  starlette/middleware/base.py:109
                        [3 frames hidden]  anyio



========================================================================
POST /products/2/favorite  ->  200  (7.7ms)
========================================================================

  _     ._   __/__   _ _  _  _ _/_   Recorded: 15:16:04  Samples:  3
 /_//_/// /_\ / //_// / //_'/ //     Duration: 0.008     CPU time: 0.002
/   _/                      v5.1.2

Profile at /code/pystack/pybend/src/pybend/example/../../pybend/core/tests/profiling/middleware.py:57

0.007 Handle._run  asyncio/events.py:86
├─ 0.006 coro  starlette/middleware/base.py:136
│     [10 frames hidden]  starlette, fastapi
│        0.006 run_endpoint_function  fastapi/routing.py:204
│        └─ 0.006 post_with_id  pybend/core/api/routes_fastapi.py:300
│           └─ 0.006 Product.favorite  models/product.py:72
│              └─ 0.006 Like.save  pybend/core/models/storable_mixin.py:36
│                 └─ 0.006 Like.create  pybend/core/models/storable_mixin.py:63
│                    └─ 0.006 ProductLike.create  pybend/core/models/storable_mixin.py:63
│                       └─ 0.006 SQLiteStorage.create  pybend/core/storage/sqlite_storage.py:93
│                          ├─ 0.006 Connection.commit  <built-in>
│                          └─ 0.000 Logger.info  logging/__init__.py:1529
│                                [6 frames hidden]  logging, <built-in>
└─ 0.001 [self]  asyncio/events.py



========================================================================
POST /products/3/favorite  ->  200  (8.0ms)
========================================================================

  _     ._   __/__   _ _  _  _ _/_   Recorded: 15:16:04  Samples:  3
 /_//_/// /_\ / //_// / //_'/ //     Duration: 0.008     CPU time: 0.003
/   _/                      v5.1.2

Profile at /code/pystack/pybend/src/pybend/example/../../pybend/core/tests/profiling/middleware.py:57

0.007 Handle._run  asyncio/events.py:86
└─ 0.007 coro  starlette/middleware/base.py:136
      [31 frames hidden]  starlette, fastapi, anyio, reprlib, a...
         0.006 run_endpoint_function  fastapi/routing.py:204
         └─ 0.006 post_with_id  pybend/core/api/routes_fastapi.py:300
            └─ 0.006 Product.favorite  models/product.py:72
               └─ 0.006 Like.save  pybend/core/models/storable_mixin.py:36
                  └─ 0.006 Like.create  pybend/core/models/storable_mixin.py:63
                     └─ 0.006 ProductLike.create  pybend/core/models/storable_mixin.py:63
                        └─ 0.006 SQLiteStorage.create  pybend/core/storage/sqlite_storage.py:93
                           └─ 0.006 Connection.commit  <built-in>



========================================================================
GET /Product  ->  200  (26.2ms)
========================================================================

  _     ._   __/__   _ _  _  _ _/_   Recorded: 15:16:12  Samples:  26
 /_//_/// /_\ / //_// / //_'/ //     Duration: 0.026     CPU time: 0.026
/   _/                      v5.1.2

Profile at /code/pystack/pybend/src/pybend/example/../../pybend/core/tests/profiling/middleware.py:57

0.025 Handle._run  asyncio/events.py:86
├─ 0.022 coro  starlette/middleware/base.py:136
│     [22 frames hidden]  starlette, fastapi, dataclasses, <fro...
│        0.019 run_endpoint_function  fastapi/routing.py:204
│        └─ 0.019 get_model_schema  pybend/core/api/routes_fastapi.py:169
│           └─ 0.019 Product.schema  pybend/core/models/proto_model.py:198
│              ├─ 0.018 Product.run_pipeline  pybend/core/models/proto_schema.py:105
│              │  ├─ 0.010 Product.defs  pybend/core/models/proto_schema.py:173
│              │  │  ├─ 0.008 Product.referenced_json_schema  pybend/core/models/proto_model.py:215
│              │  │  │  └─ 0.008 Product.model_json_schema  pydantic/main.py:413
│              │  │  │        [32 frames hidden]  pydantic, <built-in>
│              │  │  │           0.003 new_handler_func  pydantic/json_schema.py:520
│              │  │  │           └─ 0.003 Comment.__get_pydantic_json_schema__  pybend/core/models/proto_model.py:237
│              │  │  │              └─ 0.003 Comment.__get_pydantic_json_schema__  pydantic/main.py:628
│              │  │  │                    [27 frames hidden]  pydantic
│              │  │  │           0.001 new_handler_func  pydantic/json_schema.py:520
│              │  │  │           └─ 0.001 Product.__get_pydantic_json_schema__  pybend/core/models/proto_model.py:237
│              │  │  │              └─ 0.001 Product.__get_pydantic_json_schema__  pydantic/main.py:628
│              │  │  │                    [32 frames hidden]  pydantic
│              │  │  │                       0.001 new_handler_func  pydantic/json_schema.py:520
│              │  │  │                       └─ 0.001 Comment.__get_pydantic_json_schema__  pybend/core/models/proto_model.py:237
│              │  │  │                          └─ 0.001 Comment.__get_pydantic_json_schema__  pydantic/main.py:628
│              │  │  │                                [26 frames hidden]  pydantic
│              │  │  ├─ 0.001 collect_all_referenced_models  pybend/core/utils/introspection.py:63
│              │  │  │  └─ 0.001 Product.__pybend_methods_json_signature__  pybend/core/models/proto_model.py:140
│              │  │  │     └─ 0.001 signature  inspect.py:3308
│              │  │  │           [4 frames hidden]  inspect
│              │  │  └─ 0.001 User.__pybend_methods_json_signature__  pybend/core/models/proto_model.py:140
│              │  │     └─ 0.001 getattr  <built-in>
│              │  ├─ 0.006 Product.base  pybend/core/models/proto_schema.py:146
│              │  │  └─ 0.006 Product.model_json_schema  pydantic/main.py:413
│              │  │        [28 frames hidden]  pydantic
│              │  │           0.004 new_handler_func  pydantic/json_schema.py:520
│              │  │           └─ 0.004 Product.__get_pydantic_json_schema__  pybend/core/models/proto_model.py:237
│              │  │              └─ 0.004 Product.__get_pydantic_json_schema__  pydantic/main.py:628
│              │  │                    [39 frames hidden]  pydantic
│              │  │                       0.001 new_handler_func  pydantic/json_schema.py:520
│              │  │                       └─ 0.001 Comment.__get_pydantic_json_schema__  pybend/core/models/proto_model.py:237
│              │  │                          └─ 0.001 Comment.__get_pydantic_json_schema__  pydantic/main.py:628
│              │  │                                [25 frames hidden]  pydantic
│              │  ├─ 0.001 Product.ui  pybend/core/models/proto_schema.py:215
│              │  │  └─ 0.001 collect_all_referenced_models  pybend/core/utils/introspection.py:63
│              │  │     └─ 0.001 Product.__pybend_methods_json_signature__  pybend/core/models/proto_model.py:140
│              │  │        └─ 0.001 getattr  <built-in>
│              │  └─ 0.001 Product.access  pybend/core/models/proto_schema.py:203
│              │     └─ 0.001 collect_all_referenced_models  pybend/core/utils/introspection.py:63
│              │        └─ 0.001 Product.__pybend_methods_json_signature__  pybend/core/models/proto_model.py:140
│              │           └─ 0.001 getattr  <built-in>
│              └─ 0.001 deepcopy  copy.py:118
│                    [12 frames hidden]  copy
└─ 0.003 RequestResponseCycle.run_asgi  uvicorn/protocols/http/h11_impl.py:401
      [3 frames hidden]  uvicorn, fastapi, starlette
         0.003 ServerErrorMiddleware.__call__  starlette/middleware/errors.py:150
         └─ 0.003 ProfilingMiddleware.__call__  pybend/core/tests/profiling/middleware.py:35
            └─ 0.003 JWTAuthMiddleware.__call__  starlette/middleware/base.py:98
                  [8 frames hidden]  anyio, importlib, dataclasses, <built...
                     0.001 JWTAuthMiddleware.dispatch  pybend/core/api/backend.py:92
                     └─ 0.001 call_next  starlette/middleware/base.py:109



========================================================================
POST /users/login  ->  200  (187.0ms)
========================================================================

  _     ._   __/__   _ _  _  _ _/_   Recorded: 15:16:12  Samples:  3
 /_//_/// /_\ / //_// / //_'/ //     Duration: 0.187     CPU time: 0.187
/   _/                      v5.1.2

Profile at /code/pystack/pybend/src/pybend/example/../../pybend/core/tests/profiling/middleware.py:57

0.186 Handle._run  asyncio/events.py:86
└─ 0.185 coro  starlette/middleware/base.py:136
      [10 frames hidden]  starlette, fastapi
         0.185 run_endpoint_function  fastapi/routing.py:204
         └─ 0.185 post_no_id  pybend/core/api/routes_fastapi.py:336
            └─ 0.185 User.login  pybend/core/models/base_user.py:74
               └─ 0.185 verify_password  pybend/core/authorize/auth.py:42
                  └─ 0.185 checkpw  <built-in>



========================================================================
GET /Product  ->  200  (4.8ms)
========================================================================

  _     ._   __/__   _ _  _  _ _/_   Recorded: 15:16:12  Samples:  5
 /_//_/// /_\ / //_// / //_'/ //     Duration: 0.005     CPU time: 0.005
/   _/                      v5.1.2

Profile at /code/pystack/pybend/src/pybend/example/../../pybend/core/tests/profiling/middleware.py:57

0.005 Handle._run  asyncio/events.py:86
├─ 0.004 coro  starlette/middleware/base.py:136
│     [16 frames hidden]  starlette, fastapi
│        0.003 jsonable_encoder  fastapi/encoders.py:102
│        │  0.001 isinstance  <built-in>
│        ├─ 0.001 ModelMetaclass.__instancecheck__  pydantic/_internal/_model_construction.py:248
│        └─ 0.001 [self]  fastapi/encoders.py
│        0.001 run_endpoint_function  fastapi/routing.py:204
│        └─ 0.001 get_model_schema  pybend/core/api/routes_fastapi.py:169
│           └─ 0.001 Product.schema  pybend/core/models/proto_model.py:198
│              └─ 0.001 deepcopy  copy.py:118
│                    [6 frames hidden]  copy
└─ 0.001 _SelectorSocketTransport._call_connection_lost  asyncio/selector_events.py:1191
      [4 frames hidden]  asyncio, uvicorn
         0.001 _UnixSelectorEventLoop._timer_handle_cancelled  asyncio/base_events.py:1905



========================================================================
GET /Product  ->  200  (4.6ms)
========================================================================

  _     ._   __/__   _ _  _  _ _/_   Recorded: 15:16:12  Samples:  4
 /_//_/// /_\ / //_// / //_'/ //     Duration: 0.005     CPU time: 0.005
/   _/                      v5.1.2

Profile at /code/pystack/pybend/src/pybend/example/../../pybend/core/tests/profiling/middleware.py:57

0.004 Handle._run  asyncio/events.py:86
├─ 0.003 coro  starlette/middleware/base.py:136
│     [16 frames hidden]  starlette, fastapi
│        0.002 jsonable_encoder  fastapi/encoders.py:102
│        └─ 0.001 [self]  fastapi/encoders.py
│           0.001 isinstance  <built-in>
│        0.001 run_endpoint_function  fastapi/routing.py:204
│        └─ 0.001 get_model_schema  pybend/core/api/routes_fastapi.py:169
│           └─ 0.001 Product.schema  pybend/core/models/proto_model.py:198
│              └─ 0.001 deepcopy  copy.py:118
│                    [9 frames hidden]  copy
│                       0.001 deepcopy  copy.py:118
└─ 0.001 RequestResponseCycle.run_asgi  uvicorn/protocols/http/h11_impl.py:401
      [3 frames hidden]  uvicorn, fastapi, starlette
         0.001 ServerErrorMiddleware.__call__  starlette/middleware/errors.py:150



========================================================================
GET /Product  ->  200  (4.8ms)
========================================================================

  _     ._   __/__   _ _  _  _ _/_   Recorded: 15:16:12  Samples:  5
 /_//_/// /_\ / //_// / //_'/ //     Duration: 0.005     CPU time: 0.005
/   _/                      v5.1.2

Profile at /code/pystack/pybend/src/pybend/example/../../pybend/core/tests/profiling/middleware.py:57

0.004 Handle._run  asyncio/events.py:86
├─ 0.003 coro  starlette/middleware/base.py:136
│     [18 frames hidden]  starlette, fastapi, dataclasses
│        0.001 isinstance  <built-in>
│        0.001 is_dataclass  dataclasses.py:1294
│        0.001 run_endpoint_function  fastapi/routing.py:204
│        └─ 0.001 get_model_schema  pybend/core/api/routes_fastapi.py:169
│           └─ 0.001 Product.schema  pybend/core/models/proto_model.py:198
│              └─ 0.001 deepcopy  copy.py:118
│                    [8 frames hidden]  copy
│                       0.001 _keep_alive  copy.py:231
└─ 0.001 RequestResponseCycle.run_asgi  uvicorn/protocols/http/h11_impl.py:401
      [3 frames hidden]  uvicorn, fastapi, starlette
         0.001 ServerErrorMiddleware.__call__  starlette/middleware/errors.py:150
         └─ 0.001 ProfilingMiddleware.__call__  pybend/core/tests/profiling/middleware.py:35
            └─ 0.001 JWTAuthMiddleware.__call__  starlette/middleware/base.py:98
               ├─ 0.001 _StreamingResponse.__call__  starlette/middleware/base.py:205
               │  └─ 0.001 send_wrapper  pybend/core/tests/profiling/middleware.py:48
               │     └─ 0.001 _send  starlette/middleware/errors.py:157
               │           [4 frames hidden]  uvicorn, h11
               │              0.001 ConnectionState.process_event  h11/_state.py:275
               └─ 0.000 JWTAuthMiddleware.dispatch  pybend/core/api/backend.py:92
                  └─ 0.000 call_next  starlette/middleware/base.py:109



========================================================================
GET /User  ->  200  (6.4ms)
========================================================================

  _     ._   __/__   _ _  _  _ _/_   Recorded: 15:16:12  Samples:  6
 /_//_/// /_\ / //_// / //_'/ //     Duration: 0.006     CPU time: 0.006
/   _/                      v5.1.2

Profile at /code/pystack/pybend/src/pybend/example/../../pybend/core/tests/profiling/middleware.py:57

0.006 Handle._run  asyncio/events.py:86
├─ 0.005 coro  starlette/middleware/base.py:136
│     [10 frames hidden]  starlette, fastapi
│        0.005 run_endpoint_function  fastapi/routing.py:204
│        └─ 0.005 get_model_schema  pybend/core/api/routes_fastapi.py:169
│           └─ 0.005 User.schema  pybend/core/models/proto_model.py:198
│              ├─ 0.004 User.run_pipeline  pybend/core/models/proto_schema.py:105
│              │  ├─ 0.002 User.defs  pybend/core/models/proto_schema.py:173
│              │  │  ├─ 0.001 User.referenced_json_schema  pybend/core/models/proto_model.py:215
│              │  │  │  └─ 0.001 User.model_json_schema  pydantic/main.py:413
│              │  │  │        [4 frames hidden]  pydantic
│              │  │  │           0.001 new_handler_func  pydantic/json_schema.py:520
│              │  │  │           └─ 0.001 User.__get_pydantic_json_schema__  pybend/core/models/proto_model.py:237
│              │  │  │              └─ 0.001 User.__get_pydantic_json_schema__  pydantic/main.py:628
│              │  │  │                    [28 frames hidden]  pydantic, <built-in>
│              │  │  └─ 0.001 User.__pybend_methods_json_signature__  pybend/core/models/proto_model.py:140
│              │  │     └─ 0.001 signature  inspect.py:3308
│              │  └─ 0.002 User.base  pybend/core/models/proto_schema.py:146
│              │     └─ 0.002 User.model_json_schema  pydantic/main.py:413
│              │           [6 frames hidden]  pydantic, <built-in>
│              │              0.001 new_handler_func  pydantic/json_schema.py:520
│              │              └─ 0.001 User.__get_pydantic_json_schema__  pybend/core/models/proto_model.py:237
│              │                 └─ 0.001 User.__get_pydantic_json_schema__  pydantic/main.py:628
│              │                       [27 frames hidden]  pydantic
│              └─ 0.001 deepcopy  copy.py:118
│                    [9 frames hidden]  copy, <built-in>
└─ 0.001 RequestResponseCycle.run_asgi  uvicorn/protocols/http/h11_impl.py:401
      [3 frames hidden]  uvicorn, fastapi, starlette
         0.001 ServerErrorMiddleware.__call__  starlette/middleware/errors.py:150
         └─ 0.001 ProfilingMiddleware.__call__  pybend/core/tests/profiling/middleware.py:35
            └─ 0.001 JWTAuthMiddleware.__call__  starlette/middleware/base.py:98
               └─ 0.001 JWTAuthMiddleware.dispatch  pybend/core/api/backend.py:92
                  └─ 0.001 call_next  starlette/middleware/base.py:109
                        [4 frames hidden]  anyio, asyncio



========================================================================
GET /User  ->  200  (2.6ms)
========================================================================

  _     ._   __/__   _ _  _  _ _/_   Recorded: 15:16:12  Samples:  3
 /_//_/// /_\ / //_// / //_'/ //     Duration: 0.003     CPU time: 0.003
/   _/                      v5.1.2

Profile at /code/pystack/pybend/src/pybend/example/../../pybend/core/tests/profiling/middleware.py:57

0.002 Handle._run  asyncio/events.py:86
├─ 0.001 coro  starlette/middleware/base.py:136
│     [22 frames hidden]  starlette, fastapi, typing
│        0.001 jsonable_encoder  fastapi/encoders.py:102
└─ 0.001 RequestResponseCycle.run_asgi  uvicorn/protocols/http/h11_impl.py:401
      [3 frames hidden]  uvicorn, fastapi, starlette
         0.001 ServerErrorMiddleware.__call__  starlette/middleware/errors.py:150
         └─ 0.001 ProfilingMiddleware.__call__  pybend/core/tests/profiling/middleware.py:35
            └─ 0.001 JWTAuthMiddleware.__call__  starlette/middleware/base.py:98



========================================================================
GET /User  ->  200  (2.9ms)
========================================================================

  _     ._   __/__   _ _  _  _ _/_   Recorded: 15:16:12  Samples:  3
 /_//_/// /_\ / //_// / //_'/ //     Duration: 0.003     CPU time: 0.003
/   _/                      v5.1.2

Profile at /code/pystack/pybend/src/pybend/example/../../pybend/core/tests/profiling/middleware.py:57

0.003 Handle._run  asyncio/events.py:86
├─ 0.002 coro  starlette/middleware/base.py:136
│     [17 frames hidden]  starlette, fastapi
│        0.001 is_dataclass  dataclasses.py:1294
│        0.001 run_endpoint_function  fastapi/routing.py:204
│        └─ 0.001 get_model_schema  pybend/core/api/routes_fastapi.py:169
│           └─ 0.001 User.schema  pybend/core/models/proto_model.py:198
│              └─ 0.001 deepcopy  copy.py:118
│                    [3 frames hidden]  copy
│                       0.001 deepcopy  copy.py:118
└─ 0.001 RequestResponseCycle.run_asgi  uvicorn/protocols/http/h11_impl.py:401
      [3 frames hidden]  uvicorn, fastapi, starlette
         0.001 ServerErrorMiddleware.__call__  starlette/middleware/errors.py:150



========================================================================
GET /products  ->  200  (3.0ms)
========================================================================

  _     ._   __/__   _ _  _  _ _/_   Recorded: 15:16:12  Samples:  3
 /_//_/// /_\ / //_// / //_'/ //     Duration: 0.003     CPU time: 0.003
/   _/                      v5.1.2

Profile at /code/pystack/pybend/src/pybend/example/../../pybend/core/tests/profiling/middleware.py:57

0.003 Handle._run  asyncio/events.py:86
└─ 0.003 coro  starlette/middleware/base.py:136
      [14 frames hidden]  starlette, fastapi
         0.001 jsonable_encoder  fastapi/encoders.py:102
         0.001 run_endpoint_function  fastapi/routing.py:204
         └─ 0.001 list_all_instances  pybend/core/api/routes_fastapi.py:93
            └─ 0.001 Product.list  pybend/core/models/storable_mixin.py:91
               └─ 0.001 SQLiteStorage.list  pybend/core/storage/sqlite_storage.py:124
                  └─ 0.001 Cursor.execute  <built-in>
         0.001 [self]  starlette/middleware/base.py



========================================================================
GET /products  ->  200  (5.0ms)
========================================================================

  _     ._   __/__   _ _  _  _ _/_   Recorded: 15:16:12  Samples:  5
 /_//_/// /_\ / //_// / //_'/ //     Duration: 0.005     CPU time: 0.005
/   _/                      v5.1.2

Profile at /code/pystack/pybend/src/pybend/example/../../pybend/core/tests/profiling/middleware.py:57

0.004 _UnixSelectorEventLoop.run_forever  asyncio/base_events.py:627
├─ 0.003 _UnixSelectorEventLoop._run_once  asyncio/base_events.py:1910
│     [18 frames hidden]  asyncio, starlette, fastapi
│        0.002 run_endpoint_function  fastapi/routing.py:204
│        └─ 0.002 list_all_instances  pybend/core/api/routes_fastapi.py:93
│           ├─ 0.001 Product.list  pybend/core/models/storable_mixin.py:91
│           │  └─ 0.001 SQLiteStorage.list  pybend/core/storage/sqlite_storage.py:124
│           │     └─ 0.001 Product.__init__  pybend/core/models/proto_model.py:97
│           └─ 0.001 _serialize  pybend/core/api/routes_fastapi.py:34
│              └─ 0.001 Product.model_dump  pybend/core/models/proto_model.py:118
│        0.001 jsonable_encoder  fastapi/encoders.py:102
└─ 0.001 [self]  asyncio/base_events.py



========================================================================
GET /products  ->  200  (15.3ms)
========================================================================

  _     ._   __/__   _ _  _  _ _/_   Recorded: 15:16:12  Samples:  15
 /_//_/// /_\ / //_// / //_'/ //     Duration: 0.015     CPU time: 0.015
/   _/                      v5.1.2

Profile at /code/pystack/pybend/src/pybend/example/../../pybend/core/tests/profiling/middleware.py:57

0.015 Handle._run  asyncio/events.py:86
├─ 0.013 coro  starlette/middleware/base.py:136
│     [27 frames hidden]  starlette, fastapi, dataclasses, <bui...
│        0.006 jsonable_encoder  fastapi/encoders.py:102
│        └─ 0.003 [self]  fastapi/encoders.py
│        0.006 run_endpoint_function  fastapi/routing.py:204
│        └─ 0.006 list_all_instances  pybend/core/api/routes_fastapi.py:93
│           └─ 0.006 Product.list  pybend/core/models/storable_mixin.py:91
│              └─ 0.006 SQLiteStorage.list  pybend/core/storage/sqlite_storage.py:124
│                 ├─ 0.004 SQLiteStorage._populate_fields  pybend/core/storage/sqlite_storage.py:320
│                 │  ├─ 0.002 Cursor.execute  <built-in>
│                 │  ├─ 0.001 Cursor.fetchall  <built-in>
│                 │  └─ 0.001 ProductComment.__init__  pybend/core/models/proto_model.py:97
│                 ├─ 0.001 _GeneratorContextManager.__exit__  contextlib.py:141
│                 └─ 0.001 [self]  pybend/core/storage/sqlite_storage.py
├─ 0.001 RequestResponseCycle.run_asgi  uvicorn/protocols/http/h11_impl.py:401
│     [3 frames hidden]  uvicorn, fastapi, starlette
│        0.001 ServerErrorMiddleware.__call__  starlette/middleware/errors.py:150
│        └─ 0.001 ProfilingMiddleware.__call__  pybend/core/tests/profiling/middleware.py:35
│           └─ 0.001 JWTAuthMiddleware.__call__  starlette/middleware/base.py:98
│              └─ 0.001 _StreamingResponse.__call__  starlette/middleware/base.py:205
│                 └─ 0.001 send_wrapper  pybend/core/tests/profiling/middleware.py:48
│                    └─ 0.001 _send  starlette/middleware/errors.py:157
│                          [3 frames hidden]  uvicorn, h11
└─ 0.001 _UnixSelectorEventLoop.call_soon  asyncio/base_events.py:785



========================================================================
GET /products  ->  200  (34.4ms)
========================================================================

  _     ._   __/__   _ _  _  _ _/_   Recorded: 15:16:12  Samples:  34
 /_//_/// /_\ / //_// / //_'/ //     Duration: 0.034     CPU time: 0.034
/   _/                      v5.1.2

Profile at /code/pystack/pybend/src/pybend/example/../../pybend/core/tests/profiling/middleware.py:57

0.034 Handle._run  asyncio/events.py:86
├─ 0.033 coro  starlette/middleware/base.py:136
│     [36 frames hidden]  starlette, fastapi, <built-in>, datac...
│        0.013 run_endpoint_function  fastapi/routing.py:204
│        └─ 0.013 list_all_instances  pybend/core/api/routes_fastapi.py:93
│           └─ 0.013 Product.list  pybend/core/models/storable_mixin.py:91
│              └─ 0.013 SQLiteStorage.list  pybend/core/storage/sqlite_storage.py:124
│                 ├─ 0.012 SQLiteStorage._populate_fields  pybend/core/storage/sqlite_storage.py:320
│                 │  ├─ 0.005 [self]  pybend/core/storage/sqlite_storage.py
│                 │  ├─ 0.002 ProductComment.model_dump  pybend/core/models/proto_model.py:118
│                 │  │  ├─ 0.001 ProductComment.model_dump  pydantic/main.py:309
│                 │  │  │  └─ 0.001 SchemaSerializer.to_python  <built-in>
│                 │  │  └─ 0.001 [self]  pybend/core/models/proto_model.py
│                 │  ├─ 0.002 ProductLike.__init__  pybend/core/models/proto_model.py:97
│                 │  │  └─ 0.002 ProductLike.__setattr__  pydantic/main.py:813
│                 │  │        [2 frames hidden]  pydantic
│                 │  ├─ 0.002 list.append  <built-in>
│                 │  └─ 0.001 Cursor.fetchall  <built-in>
│                 └─ 0.001 Product.__init__  pybend/core/models/proto_model.py:97
└─ 0.001 RequestResponseCycle.run_asgi  uvicorn/protocols/http/h11_impl.py:401
      [3 frames hidden]  uvicorn, fastapi, starlette
         0.001 ServerErrorMiddleware.__call__  starlette/middleware/errors.py:150
         └─ 0.001 ProfilingMiddleware.__call__  pybend/core/tests/profiling/middleware.py:35
            └─ 0.001 JWTAuthMiddleware.__call__  starlette/middleware/base.py:98
               └─ 0.001 _StreamingResponse.__call__  starlette/middleware/base.py:205
                  └─ 0.001 send_wrapper  pybend/core/tests/profiling/middleware.py:48
                     └─ 0.001 _send  starlette/middleware/errors.py:157
                           [2 frames hidden]  uvicorn, h11



========================================================================
GET /products  ->  200  (36.6ms)
========================================================================

  _     ._   __/__   _ _  _  _ _/_   Recorded: 15:16:12  Samples:  36
 /_//_/// /_\ / //_// / //_'/ //     Duration: 0.037     CPU time: 0.036
/   _/                      v5.1.2

Profile at /code/pystack/pybend/src/pybend/example/../../pybend/core/tests/profiling/middleware.py:57

0.036 Handle._run  asyncio/events.py:86
└─ 0.035 coro  starlette/middleware/base.py:136
      [45 frames hidden]  starlette, fastapi, dataclasses, <bui...
         0.013 run_endpoint_function  fastapi/routing.py:204
         └─ 0.013 list_all_instances  pybend/core/api/routes_fastapi.py:93
            └─ 0.013 Product.list  pybend/core/models/storable_mixin.py:91
               ├─ 0.012 SQLiteStorage.list  pybend/core/storage/sqlite_storage.py:124
               │  └─ 0.012 SQLiteStorage._populate_fields  pybend/core/storage/sqlite_storage.py:320
               │     ├─ 0.010 SQLiteStorage._populate_fields  pybend/core/storage/sqlite_storage.py:320
               │     │  ├─ 0.003 [self]  pybend/core/storage/sqlite_storage.py
               │     │  ├─ 0.003 User.__init__  pybend/core/models/proto_model.py:97
               │     │  │  ├─ 0.002 [self]  pybend/core/models/proto_model.py
               │     │  │  └─ 0.001 User.__setattr__  pydantic/main.py:813
               │     │  ├─ 0.002 User.model_dump  pybend/core/models/proto_model.py:118
               │     │  │  ├─ 0.001 [self]  pybend/core/models/proto_model.py
               │     │  │  └─ 0.001 getattr  <built-in>
               │     │  ├─ 0.001 ProductComment.__getattr__  pydantic/main.py:781
               │     │  │  └─ 0.001 hasattr  <built-in>
               │     │  └─ 0.001 _validate_identifier  pybend/core/storage/sqlite_storage.py:22
               │     │     └─ 0.001 match  re/__init__.py:164
               │     ├─ 0.001 ProductLike.__init__  pybend/core/models/proto_model.py:97
               │     └─ 0.001 str.lower  <built-in>
               └─ 0.001 [self]  pybend/core/models/storable_mixin.py



========================================================================
GET /products  ->  200  (93.6ms)
========================================================================

  _     ._   __/__   _ _  _  _ _/_   Recorded: 15:16:12  Samples:  93
 /_//_/// /_\ / //_// / //_'/ //     Duration: 0.094     CPU time: 0.094
/   _/                      v5.1.2

Profile at /code/pystack/pybend/src/pybend/example/../../pybend/core/tests/profiling/middleware.py:57

0.093 Handle._run  asyncio/events.py:86
├─ 0.092 coro  starlette/middleware/base.py:136
│     [55 frames hidden]  starlette, fastapi, <built-in>, datac...
│        0.030 run_endpoint_function  fastapi/routing.py:204
│        └─ 0.030 list_all_instances  pybend/core/api/routes_fastapi.py:93
│           └─ 0.030 Product.list  pybend/core/models/storable_mixin.py:91
│              └─ 0.030 SQLiteStorage.list  pybend/core/storage/sqlite_storage.py:124
│                 ├─ 0.029 SQLiteStorage._populate_fields  pybend/core/storage/sqlite_storage.py:320
│                 │  ├─ 0.018 SQLiteStorage._populate_fields  pybend/core/storage/sqlite_storage.py:320
│                 │  │  ├─ 0.006 [self]  pybend/core/storage/sqlite_storage.py
│                 │  │  ├─ 0.005 CommentLike.__init__  pybend/core/models/proto_model.py:97
│                 │  │  │  ├─ 0.002 [self]  pybend/core/models/proto_model.py
│                 │  │  │  ├─ 0.001 User.__setattr__  pydantic/main.py:813
│                 │  │  │  ├─ 0.001 SchemaValidator.validate_python  <built-in>
│                 │  │  │  └─ 0.001 getattr  <built-in>
│                 │  │  ├─ 0.004 CommentLike.model_dump  pybend/core/models/proto_model.py:118
│                 │  │  │  ├─ 0.003 CommentLike.model_dump  pydantic/main.py:309
│                 │  │  │  │  ├─ 0.002 SchemaSerializer.to_python  <built-in>
│                 │  │  │  │  └─ 0.001 <lambda>  pybend/core/utils/typer.py:91
│                 │  │  │  └─ 0.001 [self]  pybend/core/models/proto_model.py
│                 │  │  ├─ 0.001 Cursor.fetchall  <built-in>
│                 │  │  ├─ 0.001 ProductLike.__getattr__  pydantic/main.py:781
│                 │  │  └─ 0.001 list.append  <built-in>
│                 │  ├─ 0.003 ProductComment.model_dump  pybend/core/models/proto_model.py:118
│                 │  │  └─ 0.003 ProductComment.model_dump  pydantic/main.py:309
│                 │  │        [2 frames hidden]  <built-in>, pydantic
│                 │  ├─ 0.003 ProductComment.__init__  pybend/core/models/proto_model.py:97
│                 │  │  ├─ 0.001 [self]  pybend/core/models/proto_model.py
│                 │  │  └─ 0.001 Mapping.__instancecheck__  <frozen abc>:117
│                 │  │     └─ 0.001 _abc_instancecheck  <built-in>
│                 │  ├─ 0.002 Cursor.fetchall  <built-in>
│                 │  ├─ 0.001 Cursor.execute  <built-in>
│                 │  ├─ 0.001 len  <built-in>
│                 │  └─ 0.001 [self]  pybend/core/storage/sqlite_storage.py
│                 └─ 0.001 Product.__init__  pybend/core/models/proto_model.py:97
└─ 0.002 RequestResponseCycle.run_asgi  uvicorn/protocols/http/h11_impl.py:401
      [3 frames hidden]  uvicorn, fastapi, starlette
         0.002 ServerErrorMiddleware.__call__  starlette/middleware/errors.py:150
         └─ 0.002 ProfilingMiddleware.__call__  pybend/core/tests/profiling/middleware.py:35



========================================================================
GET /products  ->  200  (8.5ms)
========================================================================

  _     ._   __/__   _ _  _  _ _/_   Recorded: 15:16:12  Samples:  9
 /_//_/// /_\ / //_// / //_'/ //     Duration: 0.008     CPU time: 0.008
/   _/                      v5.1.2

Profile at /code/pystack/pybend/src/pybend/example/../../pybend/core/tests/profiling/middleware.py:57

0.008 Handle._run  asyncio/events.py:86
├─ 0.007 coro  starlette/middleware/base.py:136
│     [26 frames hidden]  starlette, fastapi, <built-in>, pydan...
│        0.003 run_endpoint_function  fastapi/routing.py:204
│        └─ 0.003 list_all_instances  pybend/core/api/routes_fastapi.py:93
│           ├─ 0.002 Product.list  pybend/core/models/storable_mixin.py:91
│           │  └─ 0.002 SQLiteStorage.list  pybend/core/storage/sqlite_storage.py:124
│           │     ├─ 0.001 Cursor.execute  <built-in>
│           │     └─ 0.001 Product.__init__  pybend/core/models/proto_model.py:97
│           └─ 0.001 _serialize  pybend/core/api/routes_fastapi.py:34
│              └─ 0.001 Product.model_dump  pybend/core/models/proto_model.py:118
│                 └─ 0.001 Product.model_dump  pydantic/main.py:309
│                    └─ 0.001 SchemaSerializer.to_python  <built-in>
└─ 0.001 RequestResponseCycle.run_asgi  uvicorn/protocols/http/h11_impl.py:401
      [3 frames hidden]  uvicorn, fastapi, starlette
         0.001 ServerErrorMiddleware.__call__  starlette/middleware/errors.py:150
         └─ 0.001 ProfilingMiddleware.__call__  pybend/core/tests/profiling/middleware.py:35
            └─ 0.001 JWTAuthMiddleware.__call__  starlette/middleware/base.py:98
                  [6 frames hidden]  starlette, anyio, <built-in>



========================================================================
GET /users  ->  200  (2.2ms)
========================================================================

  _     ._   __/__   _ _  _  _ _/_   Recorded: 15:16:12  Samples:  3
 /_//_/// /_\ / //_// / //_'/ //     Duration: 0.002     CPU time: 0.002
/   _/                      v5.1.2

Profile at /code/pystack/pybend/src/pybend/example/../../pybend/core/tests/profiling/middleware.py:57

0.002 _UnixSelectorEventLoop._run_once  asyncio/base_events.py:1910
├─ 0.001 Handle._run  asyncio/events.py:86
│     [17 frames hidden]  starlette, fastapi, uvicorn
│        0.001 jsonable_encoder  fastapi/encoders.py:102
│        0.000 ServerErrorMiddleware.__call__  starlette/middleware/errors.py:150
│        └─ 0.000 ProfilingMiddleware.__call__  pybend/core/tests/profiling/middleware.py:35
│           └─ 0.000 JWTAuthMiddleware.__call__  starlette/middleware/base.py:98
│                 [5 frames hidden]  anyio, <built-in>
└─ 0.001 _UnixSelectorEventLoop._process_events  asyncio/selector_events.py:750



========================================================================
GET /products/1  ->  200  (1.8ms)
========================================================================

  _     ._   __/__   _ _  _  _ _/_   Recorded: 15:16:12  Samples:  1
 /_//_/// /_\ / //_// / //_'/ //     Duration: 0.002     CPU time: 0.002
/   _/                      v5.1.2

Profile at /code/pystack/pybend/src/pybend/example/../../pybend/core/tests/profiling/middleware.py:57

0.001 Handle._run  asyncio/events.py:86
└─ 0.001 coro  starlette/middleware/base.py:136
      [10 frames hidden]  starlette, fastapi
         0.001 run_endpoint_function  fastapi/routing.py:204
         └─ 0.001 read_instance  pybend/core/api/routes_fastapi.py:184
            └─ 0.001 DefaultResolver.authorize  pybend/core/authorize/resolver.py:50
               └─ 0.001 DefaultResolver.resolve_rule  pybend/core/authorize/resolver.py:40
                  └─ 0.001 ModelMetaclass.__getattr__  pydantic/_internal/_model_construction.py:229



========================================================================
GET /products/2  ->  200  (1.9ms)
========================================================================

  _     ._   __/__   _ _  _  _ _/_   Recorded: 15:16:12  Samples:  2
 /_//_/// /_\ / //_// / //_'/ //     Duration: 0.002     CPU time: 0.002
/   _/                      v5.1.2

Profile at /code/pystack/pybend/src/pybend/example/../../pybend/core/tests/profiling/middleware.py:57

0.002 Handle._run  asyncio/events.py:86
├─ 0.001 RequestResponseCycle.run_asgi  uvicorn/protocols/http/h11_impl.py:401
│     [3 frames hidden]  uvicorn, fastapi, starlette
│        0.001 ServerErrorMiddleware.__call__  starlette/middleware/errors.py:150
│        └─ 0.001 ProfilingMiddleware.__call__  pybend/core/tests/profiling/middleware.py:35
│           └─ 0.001 JWTAuthMiddleware.__call__  starlette/middleware/base.py:98
│              └─ 0.001 MemoryObjectSendStream.__exit__  anyio/streams/memory.py:310
└─ 0.001 coro  starlette/middleware/base.py:136
      [10 frames hidden]  starlette, fastapi
         0.001 run_endpoint_function  fastapi/routing.py:204



========================================================================
GET /products/3  ->  200  (1.7ms)
========================================================================

  _     ._   __/__   _ _  _  _ _/_   Recorded: 15:16:12  Samples:  2
 /_//_/// /_\ / //_// / //_'/ //     Duration: 0.002     CPU time: 0.002
/   _/                      v5.1.2

Profile at /code/pystack/pybend/src/pybend/example/../../pybend/core/tests/profiling/middleware.py:57

0.001 Handle._run  asyncio/events.py:86
└─ 0.001 coro  starlette/middleware/base.py:136
      [12 frames hidden]  starlette, fastapi, <frozen _collecti...
         0.001 wrapped_app  starlette/_exception_handler.py:31
         └─ 0.001 [self]  starlette/_exception_handler.py
            0.000 Headers.__getitem__  starlette/datastructures.py:529



========================================================================
GET /products/1  ->  200  (3.1ms)
========================================================================

  _     ._   __/__   _ _  _  _ _/_   Recorded: 15:16:12  Samples:  3
 /_//_/// /_\ / //_// / //_'/ //     Duration: 0.003     CPU time: 0.003
/   _/                      v5.1.2

Profile at /code/pystack/pybend/src/pybend/example/../../pybend/core/tests/profiling/middleware.py:57

0.002 Handle._run  asyncio/events.py:86
├─ 0.001 coro  starlette/middleware/base.py:136
│     [17 frames hidden]  starlette, fastapi, pydantic
│        0.001 hasattr  <built-in>
│        0.000 run_endpoint_function  fastapi/routing.py:204
│        └─ 0.000 read_instance  pybend/core/api/routes_fastapi.py:184
│           └─ 0.000 Product.get  pybend/core/models/storable_mixin.py:102
│              └─ 0.000 SQLiteStorage.get  pybend/core/storage/sqlite_storage.py:240
│                 └─ 0.000 _GeneratorContextManager.__enter__  contextlib.py:132
│                    └─ 0.000 SQLiteStorage._connection  pybend/core/storage/sqlite_storage.py:68
└─ 0.001 RequestResponseCycle.run_asgi  uvicorn/protocols/http/h11_impl.py:401
      [3 frames hidden]  uvicorn, fastapi, starlette
         0.001 ServerErrorMiddleware.__call__  starlette/middleware/errors.py:150
         └─ 0.001 ProfilingMiddleware.__call__  pybend/core/tests/profiling/middleware.py:35
            └─ 0.001 JWTAuthMiddleware.__call__  starlette/middleware/base.py:98
               └─ 0.001 _StreamingResponse.__call__  starlette/middleware/base.py:205
                  └─ 0.001 send_wrapper  pybend/core/tests/profiling/middleware.py:48
                     └─ 0.001 _send  starlette/middleware/errors.py:157
                           [3 frames hidden]  uvicorn, h11
                              0.001 bytesify  h11/_util.py:127



========================================================================
GET /products/2  ->  200  (3.4ms)
========================================================================

  _     ._   __/__   _ _  _  _ _/_   Recorded: 15:16:12  Samples:  3
 /_//_/// /_\ / //_// / //_'/ //     Duration: 0.003     CPU time: 0.003
/   _/                      v5.1.2

Profile at /code/pystack/pybend/src/pybend/example/../../pybend/core/tests/profiling/middleware.py:57

0.003 Handle._run  asyncio/events.py:86
├─ 0.002 coro  starlette/middleware/base.py:136
│     [14 frames hidden]  starlette, fastapi
│        0.001 jsonable_encoder  fastapi/encoders.py:102
│        0.001 run_endpoint_function  fastapi/routing.py:204
│        └─ 0.001 read_instance  pybend/core/api/routes_fastapi.py:184
│           └─ 0.001 Product.get  pybend/core/models/storable_mixin.py:102
│              └─ 0.001 SQLiteStorage.get  pybend/core/storage/sqlite_storage.py:240
│                 └─ 0.001 SQLiteStorage._populate_fields  pybend/core/storage/sqlite_storage.py:320
│                    └─ 0.001 Cursor.fetchall  <built-in>
└─ 0.001 RequestResponseCycle.run_asgi  uvicorn/protocols/http/h11_impl.py:401
      [3 frames hidden]  uvicorn, fastapi, starlette
         0.001 ServerErrorMiddleware.__call__  starlette/middleware/errors.py:150
         └─ 0.001 ProfilingMiddleware.__call__  pybend/core/tests/profiling/middleware.py:35
            └─ 0.001 JWTAuthMiddleware.__call__  starlette/middleware/base.py:98
               └─ 0.001 _StreamingResponse.__call__  starlette/middleware/base.py:205
                  └─ 0.001 send_wrapper  pybend/core/tests/profiling/middleware.py:48
                     └─ 0.001 _send  starlette/middleware/errors.py:157
                           [4 frames hidden]  uvicorn, h11
                              0.001 Connection._extract_next_receive_event  h11/_connection.py:410



========================================================================
GET /products/3  ->  200  (2.9ms)
========================================================================

  _     ._   __/__   _ _  _  _ _/_   Recorded: 15:16:12  Samples:  3
 /_//_/// /_\ / //_// / //_'/ //     Duration: 0.003     CPU time: 0.003
/   _/                      v5.1.2

Profile at /code/pystack/pybend/src/pybend/example/../../pybend/core/tests/profiling/middleware.py:57

0.003 Handle._run  asyncio/events.py:86
├─ 0.002 coro  starlette/middleware/base.py:136
│     [17 frames hidden]  starlette, fastapi, dataclasses
│        0.001 hasattr  <built-in>
│        0.001 run_endpoint_function  fastapi/routing.py:204
│        └─ 0.001 read_instance  pybend/core/api/routes_fastapi.py:184
│           └─ 0.001 Product.get  pybend/core/models/storable_mixin.py:102
│              └─ 0.001 SQLiteStorage.get  pybend/core/storage/sqlite_storage.py:240
│                 └─ 0.001 SQLiteStorage._populate_fields  pybend/core/storage/sqlite_storage.py:320
│                    └─ 0.001 Cursor.fetchall  <built-in>
└─ 0.001 [self]  asyncio/events.py



========================================================================
GET /products/1  ->  200  (5.1ms)
========================================================================

  _     ._   __/__   _ _  _  _ _/_   Recorded: 15:16:12  Samples:  5
 /_//_/// /_\ / //_// / //_'/ //     Duration: 0.005     CPU time: 0.005
/   _/                      v5.1.2

Profile at /code/pystack/pybend/src/pybend/example/../../pybend/core/tests/profiling/middleware.py:57

0.004 Handle._run  asyncio/events.py:86
├─ 0.004 coro  starlette/middleware/base.py:136
│     [20 frames hidden]  starlette, fastapi, json
│        0.002 jsonable_encoder  fastapi/encoders.py:102
│        │  0.001 isinstance  <built-in>
│        └─ 0.001 [self]  fastapi/encoders.py
│        0.001 JSONEncoder.iterencode  json/encoder.py:205
│        0.001 run_endpoint_function  fastapi/routing.py:204
│        └─ 0.001 read_instance  pybend/core/api/routes_fastapi.py:184
│           └─ 0.001 Product.get  pybend/core/models/storable_mixin.py:102
│              └─ 0.001 SQLiteStorage.get  pybend/core/storage/sqlite_storage.py:240
│                 └─ 0.001 SQLiteStorage._populate_fields  pybend/core/storage/sqlite_storage.py:320
│                    └─ 0.001 SQLiteStorage._populate_fields  pybend/core/storage/sqlite_storage.py:320
│                       └─ 0.001 CommentLike.__init__  pybend/core/models/proto_model.py:97
└─ 0.000 RequestResponseCycle.run_asgi  uvicorn/protocols/http/h11_impl.py:401
      [3 frames hidden]  uvicorn, fastapi, starlette
         0.000 ServerErrorMiddleware.__call__  starlette/middleware/errors.py:150
         └─ 0.000 ProfilingMiddleware.__call__  pybend/core/tests/profiling/middleware.py:35
            └─ 0.000 JWTAuthMiddleware.__call__  starlette/middleware/base.py:98
               └─ 0.000 JWTAuthMiddleware.dispatch  pybend/core/api/backend.py:92
                  └─ 0.000 <genexpr>  pybend/core/api/backend.py:96



========================================================================
GET /products/2  ->  200  (5.8ms)
========================================================================

  _     ._   __/__   _ _  _  _ _/_   Recorded: 15:16:12  Samples:  6
 /_//_/// /_\ / //_// / //_'/ //     Duration: 0.006     CPU time: 0.006
/   _/                      v5.1.2

Profile at /code/pystack/pybend/src/pybend/example/../../pybend/core/tests/profiling/middleware.py:57

0.005 Handle._run  asyncio/events.py:86
└─ 0.005 coro  starlette/middleware/base.py:136
      [30 frames hidden]  starlette, fastapi, dataclasses, anyi...
         0.001 run_endpoint_function  fastapi/routing.py:204
         └─ 0.001 read_instance  pybend/core/api/routes_fastapi.py:184
            └─ 0.001 Product.get  pybend/core/models/storable_mixin.py:102
               └─ 0.001 SQLiteStorage.get  pybend/core/storage/sqlite_storage.py:240
                  └─ 0.001 SQLiteStorage._populate_fields  pybend/core/storage/sqlite_storage.py:320
                     └─ 0.001 ProductComment.__init__  pybend/core/models/proto_model.py:97
                        └─ 0.001 SchemaValidator.validate_python  <built-in>



========================================================================
GET /products/3  ->  200  (5.5ms)
========================================================================

  _     ._   __/__   _ _  _  _ _/_   Recorded: 15:16:12  Samples:  5
 /_//_/// /_\ / //_// / //_'/ //     Duration: 0.006     CPU time: 0.006
/   _/                      v5.1.2

Profile at /code/pystack/pybend/src/pybend/example/../../pybend/core/tests/profiling/middleware.py:57

0.005 Handle._run  asyncio/events.py:86
└─ 0.005 coro  starlette/middleware/base.py:136
      [22 frames hidden]  starlette, fastapi, anyio
         0.002 jsonable_encoder  fastapi/encoders.py:102
         │  0.001 jsonable_encoder  fastapi/encoders.py:102
         └─ 0.001 [self]  fastapi/encoders.py
         0.002 run_endpoint_function  fastapi/routing.py:204
         └─ 0.002 read_instance  pybend/core/api/routes_fastapi.py:184
            └─ 0.002 Product.get  pybend/core/models/storable_mixin.py:102
               └─ 0.002 SQLiteStorage.get  pybend/core/storage/sqlite_storage.py:240
                  └─ 0.002 SQLiteStorage._populate_fields  pybend/core/storage/sqlite_storage.py:320
                     ├─ 0.001 SQLiteStorage._populate_fields  pybend/core/storage/sqlite_storage.py:320
                     │  └─ 0.001 CommentLike.model_dump  pybend/core/models/proto_model.py:118
                     │     └─ 0.001 CommentLike.model_dump  pydantic/main.py:309
                     │        └─ 0.001 <lambda>  pybend/core/utils/typer.py:91
                     └─ 0.001 [self]  pybend/core/storage/sqlite_storage.py
         0.001 AsyncIOTaskInfo.has_pending_cancellation  anyio/_backends/_asyncio.py:2137



========================================================================
GET /users/1  ->  200  (1.8ms)
========================================================================

  _     ._   __/__   _ _  _  _ _/_   Recorded: 15:16:12  Samples:  2
 /_//_/// /_\ / //_// / //_'/ //     Duration: 0.002     CPU time: 0.002
/   _/                      v5.1.2

Profile at /code/pystack/pybend/src/pybend/example/../../pybend/core/tests/profiling/middleware.py:57

0.002 Handle._run  asyncio/events.py:86
├─ 0.001 _SelectorSocketTransport._call_connection_lost  asyncio/selector_events.py:1191
│     [3 frames hidden]  asyncio, socket
│        0.001 socket.close  <built-in>
└─ 0.001 coro  starlette/middleware/base.py:136
      [10 frames hidden]  starlette, fastapi
         0.001 run_endpoint_function  fastapi/routing.py:204
         └─ 0.001 read_instance  pybend/core/api/routes_fastapi.py:184



========================================================================
GET /products/1/comments  ->  200  (10.6ms)
========================================================================

  _     ._   __/__   _ _  _  _ _/_   Recorded: 15:16:12  Samples:  10
 /_//_/// /_\ / //_// / //_'/ //     Duration: 0.011     CPU time: 0.011
/   _/                      v5.1.2

Profile at /code/pystack/pybend/src/pybend/example/../../pybend/core/tests/profiling/middleware.py:57

0.010 Handle._run  asyncio/events.py:86
└─ 0.010 coro  starlette/middleware/base.py:136
      [18 frames hidden]  starlette, fastapi, json
         0.008 run_endpoint_function  fastapi/routing.py:204
         └─ 0.008 list_all_instances  pybend/core/api/routes_fastapi.py:93
            └─ 0.008 ProductComment.list  pybend/core/models/storable_mixin.py:91
               └─ 0.008 SQLiteStorage.list  pybend/core/storage/sqlite_storage.py:124
                  ├─ 0.005 ProductComment.__init__  pybend/core/models/proto_model.py:97
                  │  ├─ 0.002 [self]  pybend/core/models/proto_model.py
                  │  ├─ 0.001 ModelMetaclass.__instancecheck__  pydantic/_internal/_model_construction.py:248
                  │  │  └─ 0.001 hasattr  <built-in>
                  │  ├─ 0.001 SchemaValidator.validate_python  <built-in>
                  │  └─ 0.001 ProductComment.__setattr__  pydantic/main.py:813
                  ├─ 0.001 Cursor.execute  <built-in>
                  ├─ 0.001 [self]  pybend/core/storage/sqlite_storage.py
                  └─ 0.001 list.append  <built-in>



========================================================================
GET /products/2/comments  ->  200  (11.1ms)
========================================================================

  _     ._   __/__   _ _  _  _ _/_   Recorded: 15:16:12  Samples:  11
 /_//_/// /_\ / //_// / //_'/ //     Duration: 0.011     CPU time: 0.011
/   _/                      v5.1.2

Profile at /code/pystack/pybend/src/pybend/example/../../pybend/core/tests/profiling/middleware.py:57

0.011 Handle._run  asyncio/events.py:86
├─ 0.009 coro  starlette/middleware/base.py:136
│     [10 frames hidden]  starlette, fastapi
│        0.009 run_endpoint_function  fastapi/routing.py:204
│        └─ 0.009 list_all_instances  pybend/core/api/routes_fastapi.py:93
│           ├─ 0.008 ProductComment.list  pybend/core/models/storable_mixin.py:91
│           │  └─ 0.008 SQLiteStorage.list  pybend/core/storage/sqlite_storage.py:124
│           │     ├─ 0.004 ProductComment.__init__  pybend/core/models/proto_model.py:97
│           │     ├─ 0.002 Cursor.fetchall  <built-in>
│           │     └─ 0.002 [self]  pybend/core/storage/sqlite_storage.py
│           └─ 0.001 [self]  pybend/core/api/routes_fastapi.py
├─ 0.001 RequestResponseCycle.run_asgi  uvicorn/protocols/http/h11_impl.py:401
│     [3 frames hidden]  uvicorn, fastapi, starlette
│        0.001 ServerErrorMiddleware.__call__  starlette/middleware/errors.py:150
│        └─ 0.001 ProfilingMiddleware.__call__  pybend/core/tests/profiling/middleware.py:35
│           └─ 0.001 JWTAuthMiddleware.__call__  starlette/middleware/base.py:98
│              └─ 0.001 JWTAuthMiddleware.dispatch  pybend/core/api/backend.py:92
│                 └─ 0.001 call_next  starlette/middleware/base.py:109
│                       [4 frames hidden]  anyio, asyncio
└─ 0.001 task_done  anyio/_backends/_asyncio.py:805
      [2 frames hidden]  asyncio



========================================================================
GET /products/1/favorites  ->  200  (3.9ms)
========================================================================

  _     ._   __/__   _ _  _  _ _/_   Recorded: 15:16:12  Samples:  4
 /_//_/// /_\ / //_// / //_'/ //     Duration: 0.004     CPU time: 0.004
/   _/                      v5.1.2

Profile at /code/pystack/pybend/src/pybend/example/../../pybend/core/tests/profiling/middleware.py:57

0.003 Handle._run  asyncio/events.py:86
└─ 0.003 coro  starlette/middleware/base.py:136
      [18 frames hidden]  starlette, fastapi, anyio
         0.002 run_endpoint_function  fastapi/routing.py:204
         └─ 0.002 list_all_instances  pybend/core/api/routes_fastapi.py:93
            └─ 0.002 ProductLike.list  pybend/core/models/storable_mixin.py:91
               └─ 0.002 SQLiteStorage.list  pybend/core/storage/sqlite_storage.py:124
                  ├─ 0.001 [self]  pybend/core/storage/sqlite_storage.py
                  └─ 0.001 ProductLike.__init__  pybend/core/models/proto_model.py:97
                     └─ 0.001 ProductLike.__setattr__  pydantic/main.py:813
         0.001 Event.wait  asyncio/locks.py:199
         └─ 0.001 [await]  asyncio/locks.py



========================================================================
GET /products/2/favorites  ->  200  (3.6ms)
========================================================================

  _     ._   __/__   _ _  _  _ _/_   Recorded: 15:16:12  Samples:  4
 /_//_/// /_\ / //_// / //_'/ //     Duration: 0.004     CPU time: 0.004
/   _/                      v5.1.2

Profile at /code/pystack/pybend/src/pybend/example/../../pybend/core/tests/profiling/middleware.py:57

0.003 Handle._run  asyncio/events.py:86
├─ 0.002 coro  starlette/middleware/base.py:136
│     [13 frames hidden]  starlette, fastapi
│        0.002 run_endpoint_function  fastapi/routing.py:204
│        └─ 0.002 list_all_instances  pybend/core/api/routes_fastapi.py:93
│           ├─ 0.001 getattr  <built-in>
│           └─ 0.001 ProductLike.list  pybend/core/models/storable_mixin.py:91
│              └─ 0.001 SQLiteStorage.list  pybend/core/storage/sqlite_storage.py:124
│                 └─ 0.001 ProductLike.__init__  pybend/core/models/proto_model.py:97
└─ 0.001 _SelectorSocketTransport._call_connection_lost  asyncio/selector_events.py:1191
      [2 frames hidden]  asyncio, uvicorn
         0.001 set.discard  <built-in>



========================================================================
POST /users/login  ->  200  (196.3ms)
========================================================================

  _     ._   __/__   _ _  _  _ _/_   Recorded: 15:16:12  Samples:  4
 /_//_/// /_\ / //_// / //_'/ //     Duration: 0.196     CPU time: 0.195
/   _/                      v5.1.2

Profile at /code/pystack/pybend/src/pybend/example/../../pybend/core/tests/profiling/middleware.py:57

0.196 Handle._run  asyncio/events.py:86
└─ 0.194 coro  starlette/middleware/base.py:136
      [10 frames hidden]  starlette, fastapi
         0.194 run_endpoint_function  fastapi/routing.py:204
         └─ 0.194 post_no_id  pybend/core/api/routes_fastapi.py:336
            └─ 0.194 User.login  pybend/core/models/base_user.py:74
               └─ 0.194 verify_password  pybend/core/authorize/auth.py:42
                  └─ 0.194 checkpw  <built-in>



========================================================================
POST /products  ->  201  (25.4ms)
========================================================================

  _     ._   __/__   _ _  _  _ _/_   Recorded: 15:16:12  Samples:  7
 /_//_/// /_\ / //_// / //_'/ //     Duration: 0.025     CPU time: 0.007
/   _/                      v5.1.2

Profile at /code/pystack/pybend/src/pybend/example/../../pybend/core/tests/profiling/middleware.py:57

0.024 Handle._run  asyncio/events.py:86
├─ 0.024 coro  starlette/middleware/base.py:136
│     [79 frames hidden]  starlette, fastapi, <string>, pydanti...
│        0.020 run_endpoint_function  fastapi/routing.py:204
│        └─ 0.020 create_instance  pybend/core/api/routes_fastapi.py:60
│           └─ 0.020 Product.create  pybend/core/models/storable_mixin.py:63
│              └─ 0.020 SQLiteStorage.create  pybend/core/storage/sqlite_storage.py:93
│                 └─ 0.020 Connection.commit  <built-in>
└─ 0.000 RequestResponseCycle.run_asgi  uvicorn/protocols/http/h11_impl.py:401
      [3 frames hidden]  uvicorn, fastapi, starlette
         0.000 ServerErrorMiddleware.__call__  starlette/middleware/errors.py:150
         └─ 0.000 ProfilingMiddleware.__call__  pybend/core/tests/profiling/middleware.py:35
            └─ 0.000 JWTAuthMiddleware.__call__  starlette/middleware/base.py:98
               └─ 0.000 _StreamingResponse.__call__  starlette/middleware/base.py:205
                  └─ 0.000 send_wrapper  pybend/core/tests/profiling/middleware.py:48
                     └─ 0.000 _send  starlette/middleware/errors.py:157
                           [9 frames hidden]  uvicorn, logging



========================================================================
POST /products  ->  201  (7.8ms)
========================================================================

  _     ._   __/__   _ _  _  _ _/_   Recorded: 15:16:12  Samples:  4
 /_//_/// /_\ / //_// / //_'/ //     Duration: 0.008     CPU time: 0.003
/   _/                      v5.1.2

Profile at /code/pystack/pybend/src/pybend/example/../../pybend/core/tests/profiling/middleware.py:57

0.008 Handle._run  asyncio/events.py:86
├─ 0.007 coro  starlette/middleware/base.py:136
│     [17 frames hidden]  starlette, fastapi, anyio
│        0.006 run_endpoint_function  fastapi/routing.py:204
│        └─ 0.006 create_instance  pybend/core/api/routes_fastapi.py:60
│           └─ 0.006 Product.create  pybend/core/models/storable_mixin.py:63
│              └─ 0.006 SQLiteStorage.create  pybend/core/storage/sqlite_storage.py:93
│                 └─ 0.006 Connection.commit  <built-in>
└─ 0.001 RequestResponseCycle.run_asgi  uvicorn/protocols/http/h11_impl.py:401
      [3 frames hidden]  uvicorn, fastapi, starlette
         0.001 ServerErrorMiddleware.__call__  starlette/middleware/errors.py:150
         └─ 0.001 ProfilingMiddleware.__call__  pybend/core/tests/profiling/middleware.py:35
            └─ 0.001 Profiler.stop  pyinstrument/profiler.py:171
               └─ 0.001 StackSampler.unsubscribe  pyinstrument/stack_sampler.py:100



========================================================================
POST /products  ->  201  (7.9ms)
========================================================================

  _     ._   __/__   _ _  _  _ _/_   Recorded: 15:16:12  Samples:  3
 /_//_/// /_\ / //_// / //_'/ //     Duration: 0.008     CPU time: 0.003
/   _/                      v5.1.2

Profile at /code/pystack/pybend/src/pybend/example/../../pybend/core/tests/profiling/middleware.py:57

0.008 Handle._run  asyncio/events.py:86
├─ 0.006 coro  starlette/middleware/base.py:136
│     [10 frames hidden]  starlette, fastapi
│        0.006 run_endpoint_function  fastapi/routing.py:204
│        └─ 0.006 create_instance  pybend/core/api/routes_fastapi.py:60
│           └─ 0.006 Product.create  pybend/core/models/storable_mixin.py:63
│              └─ 0.006 SQLiteStorage.create  pybend/core/storage/sqlite_storage.py:93
│                 └─ 0.006 Connection.commit  <built-in>
├─ 0.001 RequestResponseCycle.run_asgi  uvicorn/protocols/http/h11_impl.py:401
│     [3 frames hidden]  uvicorn, fastapi, starlette
│        0.001 ServerErrorMiddleware.__call__  starlette/middleware/errors.py:150
│        └─ 0.001 ProfilingMiddleware.__call__  pybend/core/tests/profiling/middleware.py:35
│           └─ 0.001 JWTAuthMiddleware.__call__  starlette/middleware/base.py:98
└─ 0.001 [self]  asyncio/events.py



========================================================================
POST /products/1/comment  ->  200  (7.9ms)
========================================================================

  _     ._   __/__   _ _  _  _ _/_   Recorded: 15:16:12  Samples:  3
 /_//_/// /_\ / //_// / //_'/ //     Duration: 0.008     CPU time: 0.003
/   _/                      v5.1.2

Profile at /code/pystack/pybend/src/pybend/example/../../pybend/core/tests/profiling/middleware.py:57

0.008 Handle._run  asyncio/events.py:86
├─ 0.006 coro  starlette/middleware/base.py:136
│     [10 frames hidden]  starlette, fastapi
│        0.006 run_endpoint_function  fastapi/routing.py:204
│        └─ 0.006 post_with_id  pybend/core/api/routes_fastapi.py:300
│           └─ 0.006 Product.comment  models/product.py:62
│              └─ 0.006 Comment.save  pybend/core/models/storable_mixin.py:36
│                 └─ 0.006 Comment.create  pybend/core/models/storable_mixin.py:63
│                    └─ 0.006 ProductComment.create  pybend/core/models/storable_mixin.py:63
│                       └─ 0.006 SQLiteStorage.create  pybend/core/storage/sqlite_storage.py:93
│                          └─ 0.006 Connection.commit  <built-in>
├─ 0.001 task_done  anyio/_backends/_asyncio.py:805
└─ 0.001 CancelScope._deliver_cancellation  anyio/_backends/_asyncio.py:556



========================================================================
POST /products/2/comment  ->  200  (7.8ms)
========================================================================

  _     ._   __/__   _ _  _  _ _/_   Recorded: 15:16:12  Samples:  3
 /_//_/// /_\ / //_// / //_'/ //     Duration: 0.008     CPU time: 0.003
/   _/                      v5.1.2

Profile at /code/pystack/pybend/src/pybend/example/../../pybend/core/tests/profiling/middleware.py:57

0.007 Handle._run  asyncio/events.py:86
├─ 0.006 coro  starlette/middleware/base.py:136
│     [10 frames hidden]  starlette, fastapi
│        0.006 run_endpoint_function  fastapi/routing.py:204
│        └─ 0.006 post_with_id  pybend/core/api/routes_fastapi.py:300
│           └─ 0.006 Product.comment  models/product.py:62
│              └─ 0.006 Comment.save  pybend/core/models/storable_mixin.py:36
│                 └─ 0.006 Comment.create  pybend/core/models/storable_mixin.py:63
│                    └─ 0.006 ProductComment.create  pybend/core/models/storable_mixin.py:63
│                       └─ 0.006 SQLiteStorage.create  pybend/core/storage/sqlite_storage.py:93
│                          └─ 0.006 Connection.commit  <built-in>
└─ 0.001 RequestResponseCycle.run_asgi  uvicorn/protocols/http/h11_impl.py:401
      [3 frames hidden]  uvicorn, fastapi, starlette
         0.001 ServerErrorMiddleware.__call__  starlette/middleware/errors.py:150
         └─ 0.001 ProfilingMiddleware.__call__  pybend/core/tests/profiling/middleware.py:35
            └─ 0.001 JWTAuthMiddleware.__call__  starlette/middleware/base.py:98
               ├─ 0.001 [self]  starlette/middleware/base.py
               └─ 0.000 JWTAuthMiddleware.dispatch  pybend/core/api/backend.py:92
                  └─ 0.000 call_next  starlette/middleware/base.py:109
                        [5 frames hidden]  anyio, sniffio



========================================================================
POST /products/1/favorite  ->  200  (7.7ms)
========================================================================

  _     ._   __/__   _ _  _  _ _/_   Recorded: 15:16:12  Samples:  3
 /_//_/// /_\ / //_// / //_'/ //     Duration: 0.008     CPU time: 0.002
/   _/                      v5.1.2

Profile at /code/pystack/pybend/src/pybend/example/../../pybend/core/tests/profiling/middleware.py:57

0.007 Handle._run  asyncio/events.py:86
└─ 0.007 coro  starlette/middleware/base.py:136
      [13 frames hidden]  starlette, fastapi, anyio
         0.006 run_endpoint_function  fastapi/routing.py:204
         └─ 0.006 post_with_id  pybend/core/api/routes_fastapi.py:300
            └─ 0.006 Product.favorite  models/product.py:72
               └─ 0.006 ProductLike.delete  pybend/core/models/storable_mixin.py:125
                  └─ 0.006 SQLiteStorage.delete  pybend/core/storage/sqlite_storage.py:584
                     └─ 0.006 Connection.commit  <built-in>



========================================================================
POST /products/2/favorite  ->  200  (8.0ms)
========================================================================

  _     ._   __/__   _ _  _  _ _/_   Recorded: 15:16:12  Samples:  4
 /_//_/// /_\ / //_// / //_'/ //     Duration: 0.008     CPU time: 0.003
/   _/                      v5.1.2

Profile at /code/pystack/pybend/src/pybend/example/../../pybend/core/tests/profiling/middleware.py:57

0.007 Handle._run  asyncio/events.py:86
├─ 0.007 coro  starlette/middleware/base.py:136
│     [10 frames hidden]  starlette, fastapi
│        0.007 run_endpoint_function  fastapi/routing.py:204
│        └─ 0.007 post_with_id  pybend/core/api/routes_fastapi.py:300
│           ├─ 0.006 Product.favorite  models/product.py:72
│           │  └─ 0.006 Like.save  pybend/core/models/storable_mixin.py:36
│           │     └─ 0.006 Like.create  pybend/core/models/storable_mixin.py:63
│           │        └─ 0.006 ProductLike.create  pybend/core/models/storable_mixin.py:63
│           │           └─ 0.006 SQLiteStorage.create  pybend/core/storage/sqlite_storage.py:93
│           │              └─ 0.006 Connection.commit  <built-in>
│           └─ 0.001 Product.get  pybend/core/models/storable_mixin.py:102
│              └─ 0.001 SQLiteStorage.get  pybend/core/storage/sqlite_storage.py:240
│                 └─ 0.001 Cursor.fetchall  <built-in>
├─ 0.000 [self]  asyncio/events.py
└─ 0.000 RequestResponseCycle.run_asgi  uvicorn/protocols/http/h11_impl.py:401
      [3 frames hidden]  uvicorn, fastapi, starlette
         0.000 ServerErrorMiddleware.__call__  starlette/middleware/errors.py:150
         └─ 0.000 ProfilingMiddleware.__call__  pybend/core/tests/profiling/middleware.py:35
            └─ 0.000 JWTAuthMiddleware.__call__  starlette/middleware/base.py:98
               └─ 0.000 JWTAuthMiddleware.dispatch  pybend/core/api/backend.py:92
                  └─ 0.000 decode_token  pybend/core/authorize/auth.py:57
                     └─ 0.000 PyJWT.decode  jwt/api_jwt.py:306
                           [3 frames hidden]  jwt



========================================================================
POST /products/3/favorite  ->  200  (7.8ms)
========================================================================

  _     ._   __/__   _ _  _  _ _/_   Recorded: 15:16:13  Samples:  3
 /_//_/// /_\ / //_// / //_'/ //     Duration: 0.008     CPU time: 0.002
/   _/                      v5.1.2

Profile at /code/pystack/pybend/src/pybend/example/../../pybend/core/tests/profiling/middleware.py:57

0.007 _UnixSelectorEventLoop._run_once  asyncio/base_events.py:1910
├─ 0.007 Handle._run  asyncio/events.py:86
│     [11 frames hidden]  starlette, fastapi
│        0.007 run_endpoint_function  fastapi/routing.py:204
│        └─ 0.007 post_with_id  pybend/core/api/routes_fastapi.py:300
│           ├─ 0.006 Product.favorite  models/product.py:72
│           │  └─ 0.006 Like.save  pybend/core/models/storable_mixin.py:36
│           │     └─ 0.006 Like.create  pybend/core/models/storable_mixin.py:63
│           │        └─ 0.006 ProductLike.create  pybend/core/models/storable_mixin.py:63
│           │           └─ 0.006 SQLiteStorage.create  pybend/core/storage/sqlite_storage.py:93
│           │              └─ 0.006 Connection.commit  <built-in>
│           └─ 0.001 Product.get  pybend/core/models/storable_mixin.py:102
│              └─ 0.001 SQLiteStorage.get  pybend/core/storage/sqlite_storage.py:240
│                 └─ 0.001 Product.__init__  pybend/core/models/proto_model.py:97
│                    └─ 0.001 Product.__setattr__  pydantic/main.py:813
└─ 0.000 [self]  asyncio/base_events.py


########################################################################
# API Profiling: baseline
# 2026-02-28 15:16:13
########################################################################

Tier        Records Ops    Errors      Total ms     Avg ms
-------------------------------------------------------
empty             0 14     -               78.3        5.6
small            36 37     -              397.9       10.8
medium          197 37     -              469.8       12.7
large           433 37     -              514.6       13.9
full           2042 37     -              666.5       18.0
-------------------------------------------------------
TOTAL               162    -             2127.0

--- Tier: empty (14 operations, 0 records) ---
Operation                                Method Status         ms
----------------------------------------------------------------
schema_Product_cold                      GET    200         27.85
schema_Product_warm                      GET    200          6.66
schema_Product_warm2                     GET    200          6.49
schema_User_cold                         GET    200          7.84
schema_User_warm                         GET    200          5.78
schema_User_warm2                        GET    200          3.58
list_products_d0_limit_10                GET    200          2.89
list_products_d0_limit_25                GET    200          3.54
list_products_d1_limit_10                GET    200          2.18
list_products_d1_limit_25                GET    200          3.18
list_products_d2_limit_10                GET    200          2.18
list_products_d2_limit_25                GET    200          1.98
list_products_all                        GET    200          2.05
list_users                               GET    200          2.06
----------------------------------------------------------------
TOTAL                                                       78.26

--- Tier: small (37 operations, 36 records) ---
Operation                                Method Status         ms
----------------------------------------------------------------
schema_Product_cold                      GET    200          6.07
schema_Product_warm                      GET    200          7.16
schema_Product_warm2                     GET    200          6.02
schema_User_cold                         GET    200          8.21
schema_User_warm                         GET    200          7.68
schema_User_warm2                        GET    200          3.59
list_products_d0_limit_10                GET    200          3.84
list_products_d0_limit_25                GET    200          2.23
list_products_d1_limit_10                GET    200          5.04
list_products_d1_limit_25                GET    200          5.26
list_products_d2_limit_10                GET    200          7.07
list_products_d2_limit_25                GET    200          7.62
list_products_all                        GET    200          7.00
list_users                               GET    200          3.09
get_product_1_d0                         GET    200          2.22
get_product_2_d0                         GET    200          1.81
get_product_3_d0                         GET    200          2.07
get_product_1_d1                         GET    200          2.67
get_product_2_d1                         GET    200          2.79
get_product_3_d1                         GET    200          3.26
get_product_1_d2                         GET    200          3.72
get_product_2_d2                         GET    200          3.64
get_product_3_d2                         GET    200          4.20
get_user_1                               GET    200          3.04
get_product_1_comments                   GET    200          2.65
get_product_2_comments                   GET    200          2.80
get_product_1_favorites                  GET    200          2.50
get_product_2_favorites                  GET    200          2.34
login                                    POST   200        184.10
create_product_1                         POST   201         26.61
create_product_2                         POST   201         12.32
create_product_3                         POST   201          8.80
comment_on_product_1                     POST   200          9.09
comment_on_product_2                     POST   200          8.94
favorite_product_1                       POST   200          9.38
favorite_product_2                       POST   200          9.41
favorite_product_3                       POST   200          9.65
----------------------------------------------------------------
TOTAL                                                      397.89

--- Tier: medium (37 operations, 197 records) ---
Operation                                Method Status         ms
----------------------------------------------------------------
schema_Product_cold                      GET    200          5.63
schema_Product_warm                      GET    200          7.07
schema_Product_warm2                     GET    200          6.81
schema_User_cold                         GET    200          8.31
schema_User_warm                         GET    200          9.01
schema_User_warm2                        GET    200          4.01
list_products_d0_limit_10                GET    200          4.21
list_products_d0_limit_25                GET    200          3.95
list_products_d1_limit_10                GET    200          8.67
list_products_d1_limit_25                GET    200         10.81
list_products_d2_limit_10                GET    200         19.35
list_products_d2_limit_25                GET    200         22.65
list_products_all                        GET    200          7.40
list_users                               GET    200          2.97
get_product_1_d0                         GET    200          2.57
get_product_2_d0                         GET    200          1.79
get_product_3_d0                         GET    200          1.86
get_product_1_d1                         GET    200          3.62
get_product_2_d1                         GET    200          3.61
get_product_3_d1                         GET    200          3.54
get_product_1_d2                         GET    200          4.67
get_product_2_d2                         GET    200          4.34
get_product_3_d2                         GET    200          5.27
get_user_1                               GET    200          3.46
get_product_1_comments                   GET    200          4.44
get_product_2_comments                   GET    200          3.54
get_product_1_favorites                  GET    200          6.32
get_product_2_favorites                  GET    200          4.60
login                                    POST   200        193.01
create_product_1                         POST   201         26.82
create_product_2                         POST   201         12.30
create_product_3                         POST   201         11.83
comment_on_product_1                     POST   200         11.36
comment_on_product_2                     POST   200         10.70
favorite_product_1                       POST   200         10.42
favorite_product_2                       POST   200          9.58
favorite_product_3                       POST   200          9.26
----------------------------------------------------------------
TOTAL                                                      469.76

--- Tier: large (37 operations, 433 records) ---
Operation                                Method Status         ms
----------------------------------------------------------------
schema_Product_cold                      GET    200          5.70
schema_Product_warm                      GET    200          6.09
schema_Product_warm2                     GET    200          6.69
schema_User_cold                         GET    200          8.37
schema_User_warm                         GET    200          7.28
schema_User_warm2                        GET    200          3.64
list_products_d0_limit_10                GET    200          4.31
list_products_d0_limit_25                GET    200          5.33
list_products_d1_limit_10                GET    200          9.41
list_products_d1_limit_25                GET    200         19.19
list_products_d2_limit_10                GET    200         21.05
list_products_d2_limit_25                GET    200         50.54
list_products_all                        GET    200          9.61
list_users                               GET    200          4.22
get_product_1_d0                         GET    200          3.32
get_product_2_d0                         GET    200          2.64
get_product_3_d0                         GET    200          2.49
get_product_1_d1                         GET    200          2.97
get_product_2_d1                         GET    200          3.39
get_product_3_d1                         GET    200          4.85
get_product_1_d2                         GET    200          8.76
get_product_2_d2                         GET    200          5.67
get_product_3_d2                         GET    200          5.05
get_user_1                               GET    200          3.45
get_product_1_comments                   GET    200          4.18
get_product_2_comments                   GET    200          5.11
get_product_1_favorites                  GET    200          3.86
get_product_2_favorites                  GET    200          3.11
login                                    POST   200        188.49
create_product_1                         POST   201         28.94
create_product_2                         POST   201         19.18
create_product_3                         POST   201          9.82
comment_on_product_1                     POST   200          9.72
comment_on_product_2                     POST   200          9.38
favorite_product_1                       POST   200          9.46
favorite_product_2                       POST   200          9.89
favorite_product_3                       POST   200          9.44
----------------------------------------------------------------
TOTAL                                                      514.60

--- Tier: full (37 operations, 2042 records) ---
Operation                                Method Status         ms
----------------------------------------------------------------
schema_Product_cold                      GET    200          6.05
schema_Product_warm                      GET    200          6.56
schema_Product_warm2                     GET    200          6.65
schema_User_cold                         GET    200          9.30
schema_User_warm                         GET    200          8.46
schema_User_warm2                        GET    200          4.97
list_products_d0_limit_10                GET    200          4.83
list_products_d0_limit_25                GET    200          6.42
list_products_d1_limit_10                GET    200         17.11
list_products_d1_limit_25                GET    200         39.09
list_products_d2_limit_10                GET    200         41.25
list_products_d2_limit_25                GET    200         99.03
list_products_all                        GET    200         19.08
list_users                               GET    200          5.54
get_product_1_d0                         GET    200          3.71
get_product_2_d0                         GET    200          2.91
get_product_3_d0                         GET    200          3.20
get_product_1_d1                         GET    200          4.31
get_product_2_d1                         GET    200          5.65
get_product_3_d1                         GET    200          4.80
get_product_1_d2                         GET    200          6.84
get_product_2_d2                         GET    200          8.48
get_product_3_d2                         GET    200          8.27
get_user_1                               GET    200          4.16
get_product_1_comments                   GET    200         11.91
get_product_2_comments                   GET    200         13.10
get_product_1_favorites                  GET    200          6.10
get_product_2_favorites                  GET    200          5.65
login                                    POST   200        197.66
create_product_1                         POST   201         26.84
create_product_2                         POST   201         19.98
create_product_3                         POST   201         10.35
comment_on_product_1                     POST   200          9.76
comment_on_product_2                     POST   200          9.08
favorite_product_1                       POST   200          9.89
favorite_product_2                       POST   200          9.60
favorite_product_3                       POST   200          9.92
----------------------------------------------------------------
TOTAL                                                      666.51

