
========================================================================
GET /Product  ->  200  (24.3ms)
========================================================================

  _     ._   __/__   _ _  _  _ _/_   Recorded: 13:03:03  Samples:  24
 /_//_/// /_\ / //_// / //_'/ //     Duration: 0.024     CPU time: 0.024
/   _/                      v5.1.2

Profile at /code/pystack/pybend/src/pybend/example/../../pybend/core/tests/profiling/middleware.py:57

0.024 Handle._run  asyncio/events.py:86
├─ 0.020 coro  starlette/middleware/base.py:136
│     [22 frames hidden]  starlette, fastapi, <built-in>, datac...
│        0.017 run_endpoint_function  fastapi/routing.py:204
│        └─ 0.017 get_model_schema  pybend/core/api/routes_fastapi.py:169
│           └─ 0.017 Product.schema  pybend/core/models/proto_model.py:197
│              ├─ 0.008 Product.referenced_json_schema  pybend/core/models/proto_model.py:319
│              │  ├─ 0.007 Product.model_json_schema  pydantic/main.py:413
│              │  │     [38 frames hidden]  pydantic, typing, <built-in>
│              │  │        0.002 new_handler_func  pydantic/json_schema.py:520
│              │  │        └─ 0.002 Comment.__get_pydantic_json_schema__  pybend/core/models/proto_model.py:341
│              │  │           └─ 0.002 Comment.__get_pydantic_json_schema__  pydantic/main.py:628
│              │  │                 [17 frames hidden]  pydantic, re, <built-in>
│              │  │        0.002 new_handler_func  pydantic/json_schema.py:520
│              │  │        └─ 0.002 Like.__get_pydantic_json_schema__  pybend/core/models/proto_model.py:341
│              │  │           ├─ 0.001 record_model_type  pybend/core/utils/introspection.py:47
│              │  │           │  └─ 0.001 get_origin  typing.py:2310
│              │  │           │     └─ 0.001 isinstance  <built-in>
│              │  │           └─ 0.001 Product.__get_pydantic_json_schema__  pydantic/main.py:628
│              │  │                 [32 frames hidden]  pydantic
│              │  │                    0.001 new_handler_func  pydantic/json_schema.py:520
│              │  │                    └─ 0.001 Comment.__get_pydantic_json_schema__  pybend/core/models/proto_model.py:341
│              │  │                       └─ 0.001 Comment.__get_pydantic_json_schema__  pydantic/main.py:628
│              │  │                             [24 frames hidden]  pydantic
│              │  └─ 0.001 _is_self_ref  pybend/core/utils/introspection.py:206
│              │     └─ 0.001 get_args  typing.py:2340
│              ├─ 0.006 Product.model_json_schema  pydantic/main.py:413
│              │     [29 frames hidden]  pydantic, copy
│              │        0.004 new_handler_func  pydantic/json_schema.py:520
│              │        └─ 0.004 Like.__get_pydantic_json_schema__  pybend/core/models/proto_model.py:341
│              │           └─ 0.004 Like.__get_pydantic_json_schema__  pydantic/main.py:628
│              │                 [51 frames hidden]  pydantic, re
│              │                    0.002 new_handler_func  pydantic/json_schema.py:520
│              │                    └─ 0.002 Comment.__get_pydantic_json_schema__  pybend/core/models/proto_model.py:341
│              │                       └─ 0.002 Comment.__get_pydantic_json_schema__  pydantic/main.py:628
│              │                             [30 frames hidden]  pydantic, <frozen _collections_abc>, ...
│              ├─ 0.002 collect_all_referenced_models  pybend/core/utils/introspection.py:62
│              │  ├─ 0.001 collect_all_referenced_models  pybend/core/utils/introspection.py:62
│              │  │  └─ 0.001 collect_all_referenced_models  pybend/core/utils/introspection.py:62
│              │  │     └─ 0.001 User.__pybend_methods_json_signature__  pybend/core/models/proto_model.py:139
│              │  │        └─ 0.001 _Anyone.to_dict  pybend/core/authorize/rules.py:120
│              │  └─ 0.001 Product.__pybend_methods_json_signature__  pybend/core/models/proto_model.py:139
│              │     └─ 0.001 signature  inspect.py:3308
│              │           [5 frames hidden]  inspect, enum
│              └─ 0.001 deepcopy  copy.py:118
│                    [9 frames hidden]  copy
└─ 0.004 RequestResponseCycle.run_asgi  uvicorn/protocols/http/h11_impl.py:401
      [3 frames hidden]  uvicorn, fastapi, starlette
         0.004 ServerErrorMiddleware.__call__  starlette/middleware/errors.py:150
         └─ 0.004 ProfilingMiddleware.__call__  pybend/core/tests/profiling/middleware.py:35
            └─ 0.004 JWTAuthMiddleware.__call__  starlette/middleware/base.py:98
                  [10 frames hidden]  anyio, importlib, <frozen abc>, datac...
                     0.001 _StreamingResponse.__call__  starlette/middleware/base.py:205
                     └─ 0.001 send_wrapper  pybend/core/tests/profiling/middleware.py:48
                        └─ 0.001 _send  starlette/middleware/errors.py:157
                           └─ 0.001 RequestResponseCycle.send  uvicorn/protocols/http/h11_impl.py:447



========================================================================
GET /Product  ->  200  (4.8ms)
========================================================================

  _     ._   __/__   _ _  _  _ _/_   Recorded: 13:03:03  Samples:  4
 /_//_/// /_\ / //_// / //_'/ //     Duration: 0.005     CPU time: 0.005
/   _/                      v5.1.2

Profile at /code/pystack/pybend/src/pybend/example/../../pybend/core/tests/profiling/middleware.py:57

0.004 Handle._run  asyncio/events.py:86
├─ 0.003 coro  starlette/middleware/base.py:136
│     [15 frames hidden]  starlette, fastapi
│        0.002 jsonable_encoder  fastapi/encoders.py:102
│        ├─ 0.001 jsonable_encoder  fastapi/encoders.py:102
│        └─ 0.001 [self]  fastapi/encoders.py
│        0.001 run_endpoint_function  fastapi/routing.py:204
│        └─ 0.001 get_model_schema  pybend/core/api/routes_fastapi.py:169
│           └─ 0.001 Product.schema  pybend/core/models/proto_model.py:197
│              └─ 0.001 deepcopy  copy.py:118
│                    [11 frames hidden]  copy
│                       0.001 deepcopy  copy.py:118
└─ 0.001 RequestResponseCycle.run_asgi  uvicorn/protocols/http/h11_impl.py:401
      [3 frames hidden]  uvicorn, fastapi, starlette
         0.001 ServerErrorMiddleware.__call__  starlette/middleware/errors.py:150
         └─ 0.001 ProfilingMiddleware.__call__  pybend/core/tests/profiling/middleware.py:35
            └─ 0.001 JWTAuthMiddleware.__call__  starlette/middleware/base.py:98
               └─ 0.001 JWTAuthMiddleware.dispatch  pybend/core/api/backend.py:92
                  └─ 0.001 call_next  starlette/middleware/base.py:109
                        [2 frames hidden]  anyio
                           0.001 AsyncIOBackend.checkpoint  anyio/_backends/_asyncio.py:2356



========================================================================
GET /Product  ->  200  (4.6ms)
========================================================================

  _     ._   __/__   _ _  _  _ _/_   Recorded: 13:03:03  Samples:  5
 /_//_/// /_\ / //_// / //_'/ //     Duration: 0.005     CPU time: 0.005
/   _/                      v5.1.2

Profile at /code/pystack/pybend/src/pybend/example/../../pybend/core/tests/profiling/middleware.py:57

0.004 Handle._run  asyncio/events.py:86
├─ 0.004 coro  starlette/middleware/base.py:136
│     [22 frames hidden]  starlette, fastapi, dataclasses, json
│        0.001 isinstance  <built-in>
│        0.001 hasattr  <built-in>
│        0.001 JSONEncoder.iterencode  json/encoder.py:205
│        0.000 run_endpoint_function  fastapi/routing.py:204
│        └─ 0.000 get_model_schema  pybend/core/api/routes_fastapi.py:169
│           └─ 0.000 Product.schema  pybend/core/models/proto_model.py:197
│              └─ 0.000 deepcopy  copy.py:118
│                    [8 frames hidden]  copy
└─ 0.001 [self]  asyncio/events.py



========================================================================
GET /Product  ->  200  (5.2ms)
========================================================================

  _     ._   __/__   _ _  _  _ _/_   Recorded: 13:03:03  Samples:  5
 /_//_/// /_\ / //_// / //_'/ //     Duration: 0.005     CPU time: 0.005
/   _/                      v5.1.2

Profile at /code/pystack/pybend/src/pybend/example/../../pybend/core/tests/profiling/middleware.py:57

0.005 Handle._run  asyncio/events.py:86
├─ 0.004 coro  starlette/middleware/base.py:136
│     [14 frames hidden]  starlette, fastapi
│        0.003 jsonable_encoder  fastapi/encoders.py:102
│        │  0.002 jsonable_encoder  fastapi/encoders.py:102
│        │  ├─ 0.001 [self]  fastapi/encoders.py
│        │  └─ 0.001 list.append  <built-in>
│        └─ 0.001 [self]  fastapi/encoders.py
│        0.001 run_endpoint_function  fastapi/routing.py:204
│        └─ 0.001 get_model_schema  pybend/core/api/routes_fastapi.py:169
│           └─ 0.001 Product.schema  pybend/core/models/proto_model.py:197
│              └─ 0.001 deepcopy  copy.py:118
│                    [13 frames hidden]  copy
└─ 0.001 RequestResponseCycle.run_asgi  uvicorn/protocols/http/h11_impl.py:401
      [3 frames hidden]  uvicorn, fastapi, starlette
         0.001 ServerErrorMiddleware.__call__  starlette/middleware/errors.py:150
         └─ 0.001 ProfilingMiddleware.__call__  pybend/core/tests/profiling/middleware.py:35
            └─ 0.001 JWTAuthMiddleware.__call__  starlette/middleware/base.py:98
               └─ 0.001 _StreamingResponse.__call__  starlette/middleware/base.py:205



========================================================================
GET /User  ->  200  (6.5ms)
========================================================================

  _     ._   __/__   _ _  _  _ _/_   Recorded: 13:03:03  Samples:  6
 /_//_/// /_\ / //_// / //_'/ //     Duration: 0.006     CPU time: 0.006
/   _/                      v5.1.2

Profile at /code/pystack/pybend/src/pybend/example/../../pybend/core/tests/profiling/middleware.py:57

0.006 Handle._run  asyncio/events.py:86
├─ 0.005 coro  starlette/middleware/base.py:136
│     [15 frames hidden]  starlette, fastapi, <built-in>
│        0.004 run_endpoint_function  fastapi/routing.py:204
│        └─ 0.004 get_model_schema  pybend/core/api/routes_fastapi.py:169
│           └─ 0.004 User.schema  pybend/core/models/proto_model.py:197
│              ├─ 0.002 User.model_json_schema  pydantic/main.py:413
│              │     [11 frames hidden]  pydantic, typing
│              │        0.001 new_handler_func  pydantic/json_schema.py:520
│              │        └─ 0.001 User.__get_pydantic_json_schema__  pybend/core/models/proto_model.py:341
│              │           └─ 0.001 User.__get_pydantic_json_schema__  pydantic/main.py:628
│              │                 [28 frames hidden]  pydantic
│              ├─ 0.001 User.__pybend_methods_json_signature__  pybend/core/models/proto_model.py:139
│              │  └─ 0.001 get_type_hints  typing.py:2186
│              │        [2 frames hidden]  typing, <built-in>
│              └─ 0.001 User.referenced_json_schema  pybend/core/models/proto_model.py:319
│                 └─ 0.001 User.model_json_schema  pydantic/main.py:413
│                       [4 frames hidden]  pydantic
│                          0.001 new_handler_func  pydantic/json_schema.py:520
│                          └─ 0.001 User.__get_pydantic_json_schema__  pybend/core/models/proto_model.py:341
│                             └─ 0.001 get_origin  typing.py:2310
└─ 0.001 RequestResponseCycle.run_asgi  uvicorn/protocols/http/h11_impl.py:401
      [3 frames hidden]  uvicorn, fastapi, starlette
         0.001 ServerErrorMiddleware.__call__  starlette/middleware/errors.py:150
         └─ 0.001 ProfilingMiddleware.__call__  pybend/core/tests/profiling/middleware.py:35
            └─ 0.001 JWTAuthMiddleware.__call__  starlette/middleware/base.py:98
               └─ 0.001 _StreamingResponse.__call__  starlette/middleware/base.py:205
                  └─ 0.001 send_wrapper  pybend/core/tests/profiling/middleware.py:48
                     └─ 0.001 _send  starlette/middleware/errors.py:157
                           [6 frames hidden]  uvicorn, h11



========================================================================
GET /User  ->  200  (2.6ms)
========================================================================

  _     ._   __/__   _ _  _  _ _/_   Recorded: 13:03:03  Samples:  3
 /_//_/// /_\ / //_// / //_'/ //     Duration: 0.003     CPU time: 0.003
/   _/                      v5.1.2

Profile at /code/pystack/pybend/src/pybend/example/../../pybend/core/tests/profiling/middleware.py:57

0.002 Handle._run  asyncio/events.py:86
├─ 0.001 RequestResponseCycle.run_asgi  uvicorn/protocols/http/h11_impl.py:401
│     [3 frames hidden]  uvicorn, fastapi, starlette
│        0.001 ServerErrorMiddleware.__call__  starlette/middleware/errors.py:150
│        └─ 0.001 ProfilingMiddleware.__call__  pybend/core/tests/profiling/middleware.py:35
│           └─ 0.001 JWTAuthMiddleware.__call__  starlette/middleware/base.py:98
│                 [5 frames hidden]  anyio, sniffio, <built-in>
│                    0.001 _StreamingResponse.__call__  starlette/middleware/base.py:205
│                    └─ 0.001 send_wrapper  pybend/core/tests/profiling/middleware.py:48
│                       └─ 0.001 _send  starlette/middleware/errors.py:157
│                             [3 frames hidden]  uvicorn, h11
│                                0.001 ContentLengthWriter.__call__  h11/_writers.py:63
└─ 0.001 coro  starlette/middleware/base.py:136
      [14 frames hidden]  starlette, fastapi
         0.001 str.startswith  <built-in>



========================================================================
GET /User  ->  200  (2.6ms)
========================================================================

  _     ._   __/__   _ _  _  _ _/_   Recorded: 13:03:03  Samples:  2
 /_//_/// /_\ / //_// / //_'/ //     Duration: 0.003     CPU time: 0.003
/   _/                      v5.1.2

Profile at /code/pystack/pybend/src/pybend/example/../../pybend/core/tests/profiling/middleware.py:57

0.002 NoneType._run  asyncio/events.py:86
├─ 0.001 [self]  asyncio/events.py
└─ 0.001 coro  starlette/middleware/base.py:136
      [10 frames hidden]  starlette, fastapi
         0.001 run_endpoint_function  fastapi/routing.py:204
         └─ 0.001 get_model_schema  pybend/core/api/routes_fastapi.py:169
            └─ 0.001 User.schema  pybend/core/models/proto_model.py:197
               └─ 0.001 deepcopy  copy.py:118
                     [11 frames hidden]  copy
                        0.001 deepcopy  copy.py:118



========================================================================
GET /products  ->  200  (2.6ms)
========================================================================

  _     ._   __/__   _ _  _  _ _/_   Recorded: 13:03:03  Samples:  3
 /_//_/// /_\ / //_// / //_'/ //     Duration: 0.003     CPU time: 0.003
/   _/                      v5.1.2

Profile at /code/pystack/pybend/src/pybend/example/../../pybend/core/tests/profiling/middleware.py:57

0.002 Handle._run  asyncio/events.py:86
├─ 0.001 coro  starlette/middleware/base.py:136
│     [10 frames hidden]  starlette, fastapi
│        0.001 run_endpoint_function  fastapi/routing.py:204
│        └─ 0.001 list_all_instances  pybend/core/api/routes_fastapi.py:93
│           └─ 0.001 Product.list  pybend/core/models/storable_mixin.py:91
│              └─ 0.001 SQLiteStorage.list  pybend/core/storage/sqlite_storage.py:85
│                 └─ 0.001 Cursor.execute  <built-in>
└─ 0.001 RequestResponseCycle.run_asgi  uvicorn/protocols/http/h11_impl.py:401
      [3 frames hidden]  uvicorn, fastapi, starlette
         0.001 ServerErrorMiddleware.__call__  starlette/middleware/errors.py:150
         └─ 0.001 ProfilingMiddleware.__call__  pybend/core/tests/profiling/middleware.py:35
            └─ 0.001 JWTAuthMiddleware.__call__  starlette/middleware/base.py:98
               ├─ 0.001 _StreamingResponse.__call__  starlette/middleware/base.py:205
               │  └─ 0.001 send_wrapper  pybend/core/tests/profiling/middleware.py:48
               │     └─ 0.001 _send  starlette/middleware/errors.py:157
               │           [2 frames hidden]  uvicorn, asyncio
               │              0.001 socket.send  <built-in>
               └─ 0.000 JWTAuthMiddleware.dispatch  pybend/core/api/backend.py:92
                  └─ 0.000 URL.path  starlette/datastructures.py:78
                        [2 frames hidden]  starlette, urllib



========================================================================
GET /products  ->  200  (2.1ms)
========================================================================

  _     ._   __/__   _ _  _  _ _/_   Recorded: 13:03:03  Samples:  2
 /_//_/// /_\ / //_// / //_'/ //     Duration: 0.002     CPU time: 0.002
/   _/                      v5.1.2

Profile at /code/pystack/pybend/src/pybend/example/../../pybend/core/tests/profiling/middleware.py:57

0.002 Handle._run  asyncio/events.py:86
├─ 0.001 RequestResponseCycle.run_asgi  uvicorn/protocols/http/h11_impl.py:401
│     [3 frames hidden]  uvicorn, fastapi, starlette
│        0.001 ServerErrorMiddleware.__call__  starlette/middleware/errors.py:150
│        └─ 0.001 ProfilingMiddleware.__call__  pybend/core/tests/profiling/middleware.py:35
│           └─ 0.001 JWTAuthMiddleware.__call__  starlette/middleware/base.py:98
│              └─ 0.001 _StreamingResponse.__call__  starlette/middleware/base.py:205
│                 └─ 0.001 send_wrapper  pybend/core/tests/profiling/middleware.py:48
│                    └─ 0.001 _send  starlette/middleware/errors.py:157
│                          [2 frames hidden]  uvicorn, asyncio
│                             0.001 socket.send  <built-in>
└─ 0.001 coro  starlette/middleware/base.py:136
      [10 frames hidden]  starlette, fastapi
         0.001 run_endpoint_function  fastapi/routing.py:204
         └─ 0.001 list_all_instances  pybend/core/api/routes_fastapi.py:93
            └─ 0.001 Product.list  pybend/core/models/storable_mixin.py:91
               └─ 0.001 SQLiteStorage.list  pybend/core/storage/sqlite_storage.py:85
                  └─ 0.001 Cursor.execute  <built-in>



========================================================================
GET /products  ->  200  (1.6ms)
========================================================================

  _     ._   __/__   _ _  _  _ _/_   Recorded: 13:03:03  Samples:  1
 /_//_/// /_\ / //_// / //_'/ //     Duration: 0.002     CPU time: 0.002
/   _/                      v5.1.2

Profile at /code/pystack/pybend/src/pybend/example/../../pybend/core/tests/profiling/middleware.py:57

0.001 NoneType._run  asyncio/events.py:86



========================================================================
GET /products  ->  200  (1.5ms)
========================================================================

  _     ._   __/__   _ _  _  _ _/_   Recorded: 13:03:03  Samples:  1
 /_//_/// /_\ / //_// / //_'/ //     Duration: 0.002     CPU time: 0.002
/   _/                      v5.1.2

Profile at /code/pystack/pybend/src/pybend/example/../../pybend/core/tests/profiling/middleware.py:57

0.001 Handle._run  asyncio/events.py:86
└─ 0.001 Context.run  <built-in>



========================================================================
GET /products  ->  200  (1.6ms)
========================================================================

  _     ._   __/__   _ _  _  _ _/_   Recorded: 13:03:03  Samples:  1
 /_//_/// /_\ / //_// / //_'/ //     Duration: 0.002     CPU time: 0.002
/   _/                      v5.1.2

Profile at /code/pystack/pybend/src/pybend/example/../../pybend/core/tests/profiling/middleware.py:57

0.001 ProfilingMiddleware.__call__  pybend/core/tests/profiling/middleware.py:35
└─ 0.001 JWTAuthMiddleware.__call__  starlette/middleware/base.py:98
   └─ 0.001 _StreamingResponse.__call__  starlette/middleware/base.py:205
      └─ 0.001 send_wrapper  pybend/core/tests/profiling/middleware.py:48
         └─ 0.001 _send  starlette/middleware/errors.py:157
            └─ 0.001 RequestResponseCycle.send  uvicorn/protocols/http/h11_impl.py:447



========================================================================
GET /products  ->  200  (1.6ms)
========================================================================

  _     ._   __/__   _ _  _  _ _/_   Recorded: 13:03:03  Samples:  1
 /_//_/// /_\ / //_// / //_'/ //     Duration: 0.002     CPU time: 0.002
/   _/                      v5.1.2

Profile at /code/pystack/pybend/src/pybend/example/../../pybend/core/tests/profiling/middleware.py:57

0.001 Handle._run  asyncio/events.py:86
└─ 0.001 coro  starlette/middleware/base.py:136
      [14 frames hidden]  starlette, fastapi
         0.001 is_dataclass  dataclasses.py:1294



========================================================================
GET /products  ->  200  (2.2ms)
========================================================================

  _     ._   __/__   _ _  _  _ _/_   Recorded: 13:03:03  Samples:  2
 /_//_/// /_\ / //_// / //_'/ //     Duration: 0.002     CPU time: 0.002
/   _/                      v5.1.2

Profile at /code/pystack/pybend/src/pybend/example/../../pybend/core/tests/profiling/middleware.py:57

0.002 Handle._run  asyncio/events.py:86
├─ 0.001 coro  starlette/middleware/base.py:136
│     [10 frames hidden]  starlette, fastapi
│        0.001 run_endpoint_function  fastapi/routing.py:204
│        └─ 0.001 list_all_instances  pybend/core/api/routes_fastapi.py:93
│           └─ 0.001 Product.list  pybend/core/models/storable_mixin.py:91
│              └─ 0.001 SQLiteStorage.list  pybend/core/storage/sqlite_storage.py:85
└─ 0.001 _SelectorSocketTransport._read_ready  asyncio/selector_events.py:969
      [5 frames hidden]  asyncio
         0.001 _UnixSelectorEventLoop._call_soon  asyncio/base_events.py:814



========================================================================
GET /users  ->  200  (1.4ms)
========================================================================

  _     ._   __/__   _ _  _  _ _/_   Recorded: 13:03:03  Samples:  1
 /_//_/// /_\ / //_// / //_'/ //     Duration: 0.001     CPU time: 0.001
/   _/                      v5.1.2

Profile at /code/pystack/pybend/src/pybend/example/../../pybend/core/tests/profiling/middleware.py:57

0.001 Handle._run  asyncio/events.py:86
└─ 0.001 coro  starlette/middleware/base.py:136
      [8 frames hidden]  starlette
         0.001 app  starlette/routing.py:72



========================================================================
GET /Product  ->  200  (30.1ms)
========================================================================

  _     ._   __/__   _ _  _  _ _/_   Recorded: 13:03:05  Samples:  30
 /_//_/// /_\ / //_// / //_'/ //     Duration: 0.030     CPU time: 0.030
/   _/                      v5.1.2

Profile at /code/pystack/pybend/src/pybend/example/../../pybend/core/tests/profiling/middleware.py:57

0.030 _UnixSelectorEventLoop._run_once  asyncio/base_events.py:1910
├─ 0.029 Handle._run  asyncio/events.py:86
│     [32 frames hidden]  starlette, fastapi, dataclasses, anyi...
│        0.021 run_endpoint_function  fastapi/routing.py:204
│        └─ 0.021 get_model_schema  pybend/core/api/routes_fastapi.py:169
│           └─ 0.021 Product.schema  pybend/core/models/proto_model.py:197
│              ├─ 0.010 Product.referenced_json_schema  pybend/core/models/proto_model.py:319
│              │  └─ 0.010 Product.model_json_schema  pydantic/main.py:413
│              │        [29 frames hidden]  pydantic
│              │           0.003 new_handler_func  pydantic/json_schema.py:520
│              │           └─ 0.003 Comment.__get_pydantic_json_schema__  pybend/core/models/proto_model.py:341
│              │              └─ 0.003 Comment.__get_pydantic_json_schema__  pydantic/main.py:628
│              │                    [36 frames hidden]  pydantic
│              │                       0.001 new_handler_func  pydantic/json_schema.py:520
│              │                       └─ 0.001 Like.__get_pydantic_json_schema__  pybend/core/models/proto_model.py:341
│              │                          └─ 0.001 Like.__get_pydantic_json_schema__  pydantic/main.py:628
│              │                                [31 frames hidden]  pydantic, contextlib, typing
│              │           0.003 new_handler_func  pydantic/json_schema.py:520
│              │           └─ 0.003 Product.__get_pydantic_json_schema__  pybend/core/models/proto_model.py:341
│              │              └─ 0.003 Product.__get_pydantic_json_schema__  pydantic/main.py:628
│              │                    [36 frames hidden]  pydantic, <frozen abc>, <built-in>
│              │                       0.002 new_handler_func  pydantic/json_schema.py:520
│              │                       └─ 0.002 Comment.__get_pydantic_json_schema__  pybend/core/models/proto_model.py:341
│              │                          └─ 0.002 Comment.__get_pydantic_json_schema__  pydantic/main.py:628
│              │                                [25 frames hidden]  pydantic
│              ├─ 0.008 Product.model_json_schema  pydantic/main.py:413
│              │     [21 frames hidden]  pydantic, <built-in>
│              │        0.005 new_handler_func  pydantic/json_schema.py:520
│              │        └─ 0.005 Product.__get_pydantic_json_schema__  pybend/core/models/proto_model.py:341
│              │           └─ 0.005 Product.__get_pydantic_json_schema__  pydantic/main.py:628
│              │                 [45 frames hidden]  pydantic
│              │                    0.001 new_handler_func  pydantic/json_schema.py:520
│              │                    └─ 0.001 Comment.__get_pydantic_json_schema__  pybend/core/models/proto_model.py:341
│              │                       └─ 0.001 Comment.__get_pydantic_json_schema__  pydantic/main.py:628
│              │                             [23 frames hidden]  pydantic
│              ├─ 0.001 User.__pybend_methods_json_signature__  pybend/core/models/proto_model.py:139
│              │  └─ 0.001 get_type_hints  typing.py:2186
│              │        [2 frames hidden]  typing, <built-in>
│              ├─ 0.001 collect_all_referenced_models  pybend/core/utils/introspection.py:62
│              │  └─ 0.001 collect_all_referenced_models  pybend/core/utils/introspection.py:62
│              │     └─ 0.001 Comment.__pybend_methods_json_signature__  pybend/core/models/proto_model.py:139
│              │        └─ 0.001 get_type_hints  typing.py:2186
│              └─ 0.001 deepcopy  copy.py:118
│                    [12 frames hidden]  copy
│        0.004 ServerErrorMiddleware.__call__  starlette/middleware/errors.py:150
│        └─ 0.004 ProfilingMiddleware.__call__  pybend/core/tests/profiling/middleware.py:35
│           └─ 0.004 JWTAuthMiddleware.__call__  starlette/middleware/base.py:98
│                 [11 frames hidden]  anyio, importlib, dataclasses, <built...
└─ 0.001 [self]  asyncio/base_events.py



========================================================================
POST /users/login  ->  200  (191.3ms)
========================================================================

  _     ._   __/__   _ _  _  _ _/_   Recorded: 13:03:06  Samples:  5
 /_//_/// /_\ / //_// / //_'/ //     Duration: 0.191     CPU time: 0.191
/   _/                      v5.1.2

Profile at /code/pystack/pybend/src/pybend/example/../../pybend/core/tests/profiling/middleware.py:57

0.190 Handle._run  asyncio/events.py:86
└─ 0.189 coro  starlette/middleware/base.py:136
      [10 frames hidden]  starlette, fastapi
         0.189 run_endpoint_function  fastapi/routing.py:204
         └─ 0.189 post_no_id  pybend/core/api/routes_fastapi.py:336
            └─ 0.189 User.login  pybend/core/models/base_user.py:74
               └─ 0.188 verify_password  pybend/core/authorize/auth.py:42
                  └─ 0.188 checkpw  <built-in>



========================================================================
GET /Product  ->  200  (4.8ms)
========================================================================

  _     ._   __/__   _ _  _  _ _/_   Recorded: 13:03:06  Samples:  5
 /_//_/// /_\ / //_// / //_'/ //     Duration: 0.005     CPU time: 0.005
/   _/                      v5.1.2

Profile at /code/pystack/pybend/src/pybend/example/../../pybend/core/tests/profiling/middleware.py:57

0.005 Handle._run  asyncio/events.py:86
├─ 0.004 coro  starlette/middleware/base.py:136
│     [19 frames hidden]  starlette, fastapi, dataclasses
│        0.001 isinstance  <built-in>
│        0.001 isinstance  <built-in>
│        0.001 isinstance  <built-in>
│        0.001 run_endpoint_function  fastapi/routing.py:204
│        └─ 0.001 get_model_schema  pybend/core/api/routes_fastapi.py:169
│           └─ 0.001 Product.schema  pybend/core/models/proto_model.py:197
│              └─ 0.001 deepcopy  copy.py:118
│                    [9 frames hidden]  copy
└─ 0.001 [self]  asyncio/events.py



========================================================================
GET /Product  ->  200  (4.3ms)
========================================================================

  _     ._   __/__   _ _  _  _ _/_   Recorded: 13:03:06  Samples:  4
 /_//_/// /_\ / //_// / //_'/ //     Duration: 0.004     CPU time: 0.004
/   _/                      v5.1.2

Profile at /code/pystack/pybend/src/pybend/example/../../pybend/core/tests/profiling/middleware.py:57

0.004 Handle._run  asyncio/events.py:86
└─ 0.004 coro  starlette/middleware/base.py:136
      [16 frames hidden]  starlette, fastapi
         0.002 jsonable_encoder  fastapi/encoders.py:102
         │  0.001 jsonable_encoder  fastapi/encoders.py:102
         └─ 0.001 [self]  fastapi/encoders.py
         0.001 run_endpoint_function  fastapi/routing.py:204
         └─ 0.001 get_model_schema  pybend/core/api/routes_fastapi.py:169
            └─ 0.001 Product.schema  pybend/core/models/proto_model.py:197
               └─ 0.001 deepcopy  copy.py:118
                     [8 frames hidden]  copy
                        0.001 id  <built-in>
         0.001 [self]  starlette/middleware/base.py



========================================================================
GET /Product  ->  200  (4.4ms)
========================================================================

  _     ._   __/__   _ _  _  _ _/_   Recorded: 13:03:06  Samples:  4
 /_//_/// /_\ / //_// / //_'/ //     Duration: 0.004     CPU time: 0.004
/   _/                      v5.1.2

Profile at /code/pystack/pybend/src/pybend/example/../../pybend/core/tests/profiling/middleware.py:57

0.004 Handle._run  asyncio/events.py:86
├─ 0.003 coro  starlette/middleware/base.py:136
│     [17 frames hidden]  starlette, fastapi
│        0.001 jsonable_encoder  fastapi/encoders.py:102
│        0.001 is_dataclass  dataclasses.py:1294
│        0.001 run_endpoint_function  fastapi/routing.py:204
│        └─ 0.001 get_model_schema  pybend/core/api/routes_fastapi.py:169
│           └─ 0.001 Product.schema  pybend/core/models/proto_model.py:197
│              └─ 0.001 deepcopy  copy.py:118
│                    [9 frames hidden]  copy
│                       0.001 deepcopy  copy.py:118
└─ 0.001 RequestResponseCycle.run_asgi  uvicorn/protocols/http/h11_impl.py:401
      [3 frames hidden]  uvicorn, fastapi, starlette
         0.001 ServerErrorMiddleware.__call__  starlette/middleware/errors.py:150
         └─ 0.001 ProfilingMiddleware.__call__  pybend/core/tests/profiling/middleware.py:35
            └─ 0.001 JWTAuthMiddleware.__call__  starlette/middleware/base.py:98
               └─ 0.001 _StreamingResponse.__call__  starlette/middleware/base.py:205
                  └─ 0.001 send_wrapper  pybend/core/tests/profiling/middleware.py:48
                     └─ 0.001 _send  starlette/middleware/errors.py:157
                           [3 frames hidden]  uvicorn, logging
                              0.001 Logger.handle  logging/__init__.py:1686



========================================================================
GET /User  ->  200  (6.3ms)
========================================================================

  _     ._   __/__   _ _  _  _ _/_   Recorded: 13:03:06  Samples:  6
 /_//_/// /_\ / //_// / //_'/ //     Duration: 0.006     CPU time: 0.006
/   _/                      v5.1.2

Profile at /code/pystack/pybend/src/pybend/example/../../pybend/core/tests/profiling/middleware.py:57

0.005 Handle._run  asyncio/events.py:86
└─ 0.005 coro  starlette/middleware/base.py:136
      [19 frames hidden]  starlette, fastapi, anyio, <built-in>
         0.003 run_endpoint_function  fastapi/routing.py:204
         └─ 0.003 get_model_schema  pybend/core/api/routes_fastapi.py:169
            └─ 0.003 User.schema  pybend/core/models/proto_model.py:197
               ├─ 0.001 User.__pybend_methods_json_signature__  pybend/core/models/proto_model.py:139
               │  └─ 0.001 getattr  <built-in>
               ├─ 0.001 User.referenced_json_schema  pybend/core/models/proto_model.py:319
               │  └─ 0.001 User.model_json_schema  pydantic/main.py:413
               │        [4 frames hidden]  pydantic
               │           0.001 new_handler_func  pydantic/json_schema.py:520
               │           └─ 0.001 User.__get_pydantic_json_schema__  pybend/core/models/proto_model.py:341
               │              └─ 0.001 User.__get_pydantic_json_schema__  pydantic/main.py:628
               │                    [25 frames hidden]  pydantic
               ├─ 0.001 User.model_json_schema  pydantic/main.py:413
               │     [4 frames hidden]  pydantic
               │        0.001 new_handler_func  pydantic/json_schema.py:520
               │        └─ 0.001 User.__get_pydantic_json_schema__  pybend/core/models/proto_model.py:341
               │           └─ 0.001 User.__get_pydantic_json_schema__  pydantic/main.py:628
               │                 [29 frames hidden]  pydantic, contextlib
               └─ 0.000 collect_all_referenced_models  pybend/core/utils/introspection.py:62
                  └─ 0.000 User.__pybend_methods_json_signature__  pybend/core/models/proto_model.py:139
                     └─ 0.000 ModelMetaclass.__dir__  pydantic/_internal/_model_construction.py:278
                        └─ 0.000 User.__dir__  <built-in>



========================================================================
GET /User  ->  200  (2.4ms)
========================================================================

  _     ._   __/__   _ _  _  _ _/_   Recorded: 13:03:06  Samples:  2
 /_//_/// /_\ / //_// / //_'/ //     Duration: 0.002     CPU time: 0.002
/   _/                      v5.1.2

Profile at /code/pystack/pybend/src/pybend/example/../../pybend/core/tests/profiling/middleware.py:57

0.001 Handle._run  asyncio/events.py:86
└─ 0.001 coro  starlette/middleware/base.py:136
      [9 frames hidden]  starlette, fastapi
         0.001 app  starlette/routing.py:72
         └─ 0.001 [self]  starlette/routing.py
            0.000 run_endpoint_function  fastapi/routing.py:204
            └─ 0.000 get_model_schema  pybend/core/api/routes_fastapi.py:169
               └─ 0.000 User.schema  pybend/core/models/proto_model.py:197
                  └─ 0.000 deepcopy  copy.py:118
                        [9 frames hidden]  copy
                           0.000 list.append  <built-in>



========================================================================
GET /User  ->  200  (2.2ms)
========================================================================

  _     ._   __/__   _ _  _  _ _/_   Recorded: 13:03:06  Samples:  2
 /_//_/// /_\ / //_// / //_'/ //     Duration: 0.002     CPU time: 0.002
/   _/                      v5.1.2

Profile at /code/pystack/pybend/src/pybend/example/../../pybend/core/tests/profiling/middleware.py:57

0.002 Handle._run  asyncio/events.py:86
├─ 0.001 RequestResponseCycle.run_asgi  uvicorn/protocols/http/h11_impl.py:401
│     [3 frames hidden]  uvicorn, fastapi, starlette
│        0.001 ServerErrorMiddleware.__call__  starlette/middleware/errors.py:150
│        └─ 0.001 ProfilingMiddleware.__call__  pybend/core/tests/profiling/middleware.py:35
│           └─ 0.001 JWTAuthMiddleware.__call__  starlette/middleware/base.py:98
│              └─ 0.001 _StreamingResponse.__call__  starlette/middleware/base.py:205
│                 └─ 0.001 send_wrapper  pybend/core/tests/profiling/middleware.py:48
│                    └─ 0.001 _send  starlette/middleware/errors.py:157
│                       └─ 0.001 RequestResponseCycle.send  uvicorn/protocols/http/h11_impl.py:447
│                          └─ 0.001 EndOfMessage.__init__  h11/_events.py:337
└─ 0.001 coro  starlette/middleware/base.py:136
      [15 frames hidden]  starlette, fastapi
         0.001 list.append  <built-in>



========================================================================
GET /products  ->  200  (2.5ms)
========================================================================

  _     ._   __/__   _ _  _  _ _/_   Recorded: 13:03:06  Samples:  2
 /_//_/// /_\ / //_// / //_'/ //     Duration: 0.002     CPU time: 0.002
/   _/                      v5.1.2

Profile at /code/pystack/pybend/src/pybend/example/../../pybend/core/tests/profiling/middleware.py:57

0.002 Handle._run  asyncio/events.py:86
└─ 0.002 coro  starlette/middleware/base.py:136
      [9 frames hidden]  starlette, fastapi
         0.002 CORSMiddleware.__call__  starlette/middleware/cors.py:75
         └─ 0.001 [self]  starlette/middleware/cors.py
            0.001 run_endpoint_function  fastapi/routing.py:204
            └─ 0.001 list_all_instances  pybend/core/api/routes_fastapi.py:93
               └─ 0.001 Product.list  pybend/core/models/storable_mixin.py:91
                  └─ 0.001 SQLiteStorage.list  pybend/core/storage/sqlite_storage.py:85
                     └─ 0.001 Cursor.execute  <built-in>



========================================================================
GET /products  ->  200  (2.3ms)
========================================================================

  _     ._   __/__   _ _  _  _ _/_   Recorded: 13:03:06  Samples:  3
 /_//_/// /_\ / //_// / //_'/ //     Duration: 0.002     CPU time: 0.002
/   _/                      v5.1.2

Profile at /code/pystack/pybend/src/pybend/example/../../pybend/core/tests/profiling/middleware.py:57

0.002 _UnixSelectorEventLoop.run_forever  asyncio/base_events.py:627
├─ 0.002 _UnixSelectorEventLoop._run_once  asyncio/base_events.py:1910
│     [16 frames hidden]  asyncio, starlette, fastapi
│        0.001 [self]  asyncio/base_events.py
│        0.001 jsonable_encoder  fastapi/encoders.py:102
└─ 0.000 [self]  asyncio/base_events.py



========================================================================
GET /products  ->  200  (4.9ms)
========================================================================

  _     ._   __/__   _ _  _  _ _/_   Recorded: 13:03:06  Samples:  5
 /_//_/// /_\ / //_// / //_'/ //     Duration: 0.005     CPU time: 0.005
/   _/                      v5.1.2

Profile at /code/pystack/pybend/src/pybend/example/../../pybend/core/tests/profiling/middleware.py:57

0.005 Handle._run  asyncio/events.py:86
└─ 0.005 coro  starlette/middleware/base.py:136
      [20 frames hidden]  starlette, fastapi, pydantic
         0.002 jsonable_encoder  fastapi/encoders.py:102
         │  0.001 hasattr  <built-in>
         └─ 0.001 [self]  fastapi/encoders.py
         0.002 run_endpoint_function  fastapi/routing.py:204
         └─ 0.002 list_all_instances  pybend/core/api/routes_fastapi.py:93
            └─ 0.002 Product.list  pybend/core/models/storable_mixin.py:91
               └─ 0.002 SQLiteStorage.list  pybend/core/storage/sqlite_storage.py:85
                  ├─ 0.001 SQLiteStorage._populate_fields  pybend/core/storage/sqlite_storage.py:286
                  │  └─ 0.001 get_ref_fields  pybend/core/utils/introspection.py:181
                  └─ 0.001 Connection.close  <built-in>
         0.001 sender  starlette/_exception_handler.py:34



========================================================================
GET /products  ->  200  (4.8ms)
========================================================================

  _     ._   __/__   _ _  _  _ _/_   Recorded: 13:03:06  Samples:  4
 /_//_/// /_\ / //_// / //_'/ //     Duration: 0.005     CPU time: 0.005
/   _/                      v5.1.2

Profile at /code/pystack/pybend/src/pybend/example/../../pybend/core/tests/profiling/middleware.py:57

0.004 Handle._run  asyncio/events.py:86
└─ 0.004 coro  starlette/middleware/base.py:136
      [22 frames hidden]  starlette, fastapi, json
         0.002 run_endpoint_function  fastapi/routing.py:204
         └─ 0.002 list_all_instances  pybend/core/api/routes_fastapi.py:93
            └─ 0.002 Product.list  pybend/core/models/storable_mixin.py:91
               └─ 0.002 SQLiteStorage.list  pybend/core/storage/sqlite_storage.py:85
                  ├─ 0.001 SQLiteStorage._populate_fields  pybend/core/storage/sqlite_storage.py:286
                  │  └─ 0.001 dict.get  <built-in>
                  └─ 0.001 decorating_function  functools.py:518
                        [2 frames hidden]  functools, <built-in>
         0.001 JSONEncoder.iterencode  json/encoder.py:205
         0.001 jsonable_encoder  fastapi/encoders.py:102



========================================================================
GET /products  ->  200  (7.4ms)
========================================================================

  _     ._   __/__   _ _  _  _ _/_   Recorded: 13:03:06  Samples:  7
 /_//_/// /_\ / //_// / //_'/ //     Duration: 0.007     CPU time: 0.007
/   _/                      v5.1.2

Profile at /code/pystack/pybend/src/pybend/example/../../pybend/core/tests/profiling/middleware.py:57

0.007 Handle._run  asyncio/events.py:86
├─ 0.006 coro  starlette/middleware/base.py:136
│     [21 frames hidden]  starlette, fastapi
│        0.004 run_endpoint_function  fastapi/routing.py:204
│        └─ 0.004 list_all_instances  pybend/core/api/routes_fastapi.py:93
│           └─ 0.004 Product.list  pybend/core/models/storable_mixin.py:91
│              └─ 0.004 SQLiteStorage.list  pybend/core/storage/sqlite_storage.py:85
│                 ├─ 0.003 SQLiteStorage._populate_fields  pybend/core/storage/sqlite_storage.py:286
│                 │  ├─ 0.002 SQLiteStorage._populate_fields  pybend/core/storage/sqlite_storage.py:286
│                 │  │  ├─ 0.001 [self]  pybend/core/storage/sqlite_storage.py
│                 │  │  └─ 0.001 get_ref_fields  pybend/core/utils/introspection.py:181
│                 │  │     └─ 0.001 _is_self_ref  pybend/core/utils/introspection.py:206
│                 │  └─ 0.001 [self]  pybend/core/storage/sqlite_storage.py
│                 └─ 0.001 Cursor.execute  <built-in>
└─ 0.001 RequestResponseCycle.run_asgi  uvicorn/protocols/http/h11_impl.py:401
      [3 frames hidden]  uvicorn, fastapi, starlette
         0.001 ServerErrorMiddleware.__call__  starlette/middleware/errors.py:150
         └─ 0.001 ProfilingMiddleware.__call__  pybend/core/tests/profiling/middleware.py:35
            └─ 0.001 JWTAuthMiddleware.__call__  starlette/middleware/base.py:98
               └─ 0.001 _StreamingResponse.__call__  starlette/middleware/base.py:205
                  └─ 0.001 send_wrapper  pybend/core/tests/profiling/middleware.py:48
                     └─ 0.001 _send  starlette/middleware/errors.py:157
                           [2 frames hidden]  uvicorn, h11



========================================================================
GET /products  ->  200  (9.7ms)
========================================================================

  _     ._   __/__   _ _  _  _ _/_   Recorded: 13:03:06  Samples:  10
 /_//_/// /_\ / //_// / //_'/ //     Duration: 0.010     CPU time: 0.010
/   _/                      v5.1.2

Profile at /code/pystack/pybend/src/pybend/example/../../pybend/core/tests/profiling/middleware.py:57

0.009 Handle._run  asyncio/events.py:86
├─ 0.008 coro  starlette/middleware/base.py:136
│     [30 frames hidden]  starlette, fastapi, dataclasses, <bui...
│        0.005 run_endpoint_function  fastapi/routing.py:204
│        └─ 0.005 list_all_instances  pybend/core/api/routes_fastapi.py:93
│           ├─ 0.004 Product.list  pybend/core/models/storable_mixin.py:91
│           │  └─ 0.004 SQLiteStorage.list  pybend/core/storage/sqlite_storage.py:85
│           │     ├─ 0.003 SQLiteStorage._populate_fields  pybend/core/storage/sqlite_storage.py:286
│           │     │  ├─ 0.001 _validate_identifier  pybend/core/storage/sqlite_storage.py:20
│           │     │  │  └─ 0.001 match  re/__init__.py:164
│           │     │  │     └─ 0.001 Pattern.match  <built-in>
│           │     │  ├─ 0.001 ProductComment.__init__  pybend/core/models/proto_model.py:96
│           │     │  │  └─ 0.001 dict.get  <built-in>
│           │     │  └─ 0.001 ProductComment.model_dump  pybend/core/models/proto_model.py:117
│           │     │     └─ 0.001 ProductComment.model_dump  pydantic/main.py:309
│           │     └─ 0.001 [self]  pybend/core/storage/sqlite_storage.py
│           └─ 0.001 _serialize  pybend/core/api/routes_fastapi.py:34
│              └─ 0.001 Product.model_dump  pybend/core/models/proto_model.py:117
│                 └─ 0.001 Product.model_dump  pydantic/main.py:309
│                    └─ 0.001 SchemaSerializer.to_python  <built-in>
└─ 0.001 RequestResponseCycle.run_asgi  uvicorn/protocols/http/h11_impl.py:401
      [3 frames hidden]  uvicorn, fastapi, starlette
         0.001 ServerErrorMiddleware.__call__  starlette/middleware/errors.py:150
         └─ 0.001 ProfilingMiddleware.__call__  pybend/core/tests/profiling/middleware.py:35
            └─ 0.001 JWTAuthMiddleware.__call__  starlette/middleware/base.py:98
                  [2 frames hidden]  anyio
                     0.000 JWTAuthMiddleware.dispatch  pybend/core/api/backend.py:92
                     └─ 0.000 decode_token  pybend/core/authorize/auth.py:57
                        └─ 0.000 PyJWT.decode  jwt/api_jwt.py:306
                              [3 frames hidden]  jwt



========================================================================
GET /products  ->  200  (3.3ms)
========================================================================

  _     ._   __/__   _ _  _  _ _/_   Recorded: 13:03:06  Samples:  3
 /_//_/// /_\ / //_// / //_'/ //     Duration: 0.003     CPU time: 0.003
/   _/                      v5.1.2

Profile at /code/pystack/pybend/src/pybend/example/../../pybend/core/tests/profiling/middleware.py:57

0.003 Handle._run  asyncio/events.py:86
├─ 0.002 coro  starlette/middleware/base.py:136
│     [14 frames hidden]  starlette, fastapi
│        0.001 run_endpoint_function  fastapi/routing.py:204
│        └─ 0.001 list_all_instances  pybend/core/api/routes_fastapi.py:93
│           └─ 0.001 _serialize  pybend/core/api/routes_fastapi.py:34
│              └─ 0.001 Product.model_dump  pybend/core/models/proto_model.py:117
│                 └─ 0.001 Product.model_dump  pydantic/main.py:309
│                    └─ 0.001 SchemaSerializer.to_python  <built-in>
│        0.001 field_annotation_is_sequence  fastapi/_compat.py:551
└─ 0.001 RequestResponseCycle.run_asgi  uvicorn/protocols/http/h11_impl.py:401
      [3 frames hidden]  uvicorn, fastapi, starlette
         0.001 ServerErrorMiddleware.__call__  starlette/middleware/errors.py:150
         └─ 0.001 ProfilingMiddleware.__call__  pybend/core/tests/profiling/middleware.py:35
            └─ 0.001 JWTAuthMiddleware.__call__  starlette/middleware/base.py:98
               └─ 0.001 _StreamingResponse.__call__  starlette/middleware/base.py:205
                  └─ 0.001 send_wrapper  pybend/core/tests/profiling/middleware.py:48
                     └─ 0.001 _send  starlette/middleware/errors.py:157
                           [7 frames hidden]  uvicorn, logging
                              0.001 TextIOWrapper.write  <built-in>



========================================================================
GET /users  ->  200  (1.9ms)
========================================================================

  _     ._   __/__   _ _  _  _ _/_   Recorded: 13:03:06  Samples:  2
 /_//_/// /_\ / //_// / //_'/ //     Duration: 0.002     CPU time: 0.002
/   _/                      v5.1.2

Profile at /code/pystack/pybend/src/pybend/example/../../pybend/core/tests/profiling/middleware.py:57

0.001 ProfilingMiddleware.__call__  pybend/core/tests/profiling/middleware.py:35
└─ 0.001 JWTAuthMiddleware.__call__  starlette/middleware/base.py:98
   └─ 0.001 JWTAuthMiddleware.dispatch  pybend/core/api/backend.py:92
      ├─ 0.001 call_next  starlette/middleware/base.py:109
      │     [2 frames hidden]  anyio
      │        0.001 Event.wait  asyncio/locks.py:199
      └─ 0.000 URL.path  starlette/datastructures.py:78
            [2 frames hidden]  starlette, urllib



========================================================================
GET /products/1  ->  200  (2.3ms)
========================================================================

  _     ._   __/__   _ _  _  _ _/_   Recorded: 13:03:06  Samples:  2
 /_//_/// /_\ / //_// / //_'/ //     Duration: 0.002     CPU time: 0.002
/   _/                      v5.1.2

Profile at /code/pystack/pybend/src/pybend/example/../../pybend/core/tests/profiling/middleware.py:57

0.001 Handle._run  asyncio/events.py:86
└─ 0.001 coro  starlette/middleware/base.py:136
      [10 frames hidden]  starlette, fastapi
         0.001 run_endpoint_function  fastapi/routing.py:204
         └─ 0.001 read_instance  pybend/core/api/routes_fastapi.py:184
            └─ 0.001 Product.get  pybend/core/models/storable_mixin.py:102
               └─ 0.001 SQLiteStorage.get  pybend/core/storage/sqlite_storage.py:204
                  └─ 0.001 Connection.close  <built-in>
         0.000 Route.matches  starlette/routing.py:250



========================================================================
GET /products/2  ->  200  (1.8ms)
========================================================================

  _     ._   __/__   _ _  _  _ _/_   Recorded: 13:03:06  Samples:  1
 /_//_/// /_\ / //_// / //_'/ //     Duration: 0.002     CPU time: 0.002
/   _/                      v5.1.2

Profile at /code/pystack/pybend/src/pybend/example/../../pybend/core/tests/profiling/middleware.py:57

0.001 Handle._run  asyncio/events.py:86
└─ 0.001 coro  starlette/middleware/base.py:136
      [8 frames hidden]  starlette
         0.001 app  starlette/routing.py:72



========================================================================
GET /products/3  ->  200  (1.9ms)
========================================================================

  _     ._   __/__   _ _  _  _ _/_   Recorded: 13:03:06  Samples:  2
 /_//_/// /_\ / //_// / //_'/ //     Duration: 0.002     CPU time: 0.002
/   _/                      v5.1.2

Profile at /code/pystack/pybend/src/pybend/example/../../pybend/core/tests/profiling/middleware.py:57

0.002 Handle._run  asyncio/events.py:86
├─ 0.001 RequestResponseCycle.run_asgi  uvicorn/protocols/http/h11_impl.py:401
│     [3 frames hidden]  uvicorn, fastapi, starlette
│        0.001 ServerErrorMiddleware.__call__  starlette/middleware/errors.py:150
│        └─ 0.001 ProfilingMiddleware.__call__  pybend/core/tests/profiling/middleware.py:35
│           └─ 0.001 Profiler.stop  pyinstrument/profiler.py:171
│              └─ 0.001 StackSampler.unsubscribe  pyinstrument/stack_sampler.py:100
└─ 0.001 coro  starlette/middleware/base.py:136
      [10 frames hidden]  starlette, fastapi
         0.001 run_endpoint_function  fastapi/routing.py:204
         └─ 0.001 read_instance  pybend/core/api/routes_fastapi.py:184
            └─ 0.001 Product.get  pybend/core/models/storable_mixin.py:102
               └─ 0.001 SQLiteStorage.get  pybend/core/storage/sqlite_storage.py:204



========================================================================
GET /products/1  ->  200  (2.5ms)
========================================================================

  _     ._   __/__   _ _  _  _ _/_   Recorded: 13:03:06  Samples:  3
 /_//_/// /_\ / //_// / //_'/ //     Duration: 0.002     CPU time: 0.002
/   _/                      v5.1.2

Profile at /code/pystack/pybend/src/pybend/example/../../pybend/core/tests/profiling/middleware.py:57

0.002 Handle._run  asyncio/events.py:86
├─ 0.001 _SelectorSocketTransport._call_connection_lost  asyncio/selector_events.py:1191
│     [3 frames hidden]  asyncio, socket
│        0.001 socket.close  <built-in>
├─ 0.001 coro  starlette/middleware/base.py:136
│     [14 frames hidden]  starlette, fastapi
│        0.001 jsonable_encoder  fastapi/encoders.py:102
└─ 0.000 RequestResponseCycle.run_asgi  uvicorn/protocols/http/h11_impl.py:401
      [3 frames hidden]  uvicorn, fastapi, starlette
         0.000 ServerErrorMiddleware.__call__  starlette/middleware/errors.py:150
         └─ 0.000 ProfilingMiddleware.__call__  pybend/core/tests/profiling/middleware.py:35
            └─ 0.000 JWTAuthMiddleware.__call__  starlette/middleware/base.py:98
               └─ 0.000 JWTAuthMiddleware.dispatch  pybend/core/api/backend.py:92
                  └─ 0.000 call_next  starlette/middleware/base.py:109
                        [5 frames hidden]  anyio, asyncio



========================================================================
GET /products/2  ->  200  (2.4ms)
========================================================================

  _     ._   __/__   _ _  _  _ _/_   Recorded: 13:03:06  Samples:  3
 /_//_/// /_\ / //_// / //_'/ //     Duration: 0.002     CPU time: 0.002
/   _/                      v5.1.2

Profile at /code/pystack/pybend/src/pybend/example/../../pybend/core/tests/profiling/middleware.py:57

0.002 Handle._run  asyncio/events.py:86
├─ 0.001 coro  starlette/middleware/base.py:136
│     [10 frames hidden]  starlette, fastapi
│        0.001 run_endpoint_function  fastapi/routing.py:204
│        └─ 0.001 read_instance  pybend/core/api/routes_fastapi.py:184
│           └─ 0.001 Product.get  pybend/core/models/storable_mixin.py:102
│              └─ 0.001 SQLiteStorage.get  pybend/core/storage/sqlite_storage.py:204
│                 └─ 0.001 SQLiteStorage._populate_fields  pybend/core/storage/sqlite_storage.py:286
│                    └─ 0.001 Cursor.execute  <built-in>
└─ 0.001 RequestResponseCycle.run_asgi  uvicorn/protocols/http/h11_impl.py:401
      [3 frames hidden]  uvicorn, fastapi, starlette
         0.001 ServerErrorMiddleware.__call__  starlette/middleware/errors.py:150
         └─ 0.001 ProfilingMiddleware.__call__  pybend/core/tests/profiling/middleware.py:35
            ├─ 0.001 JWTAuthMiddleware.__call__  starlette/middleware/base.py:98
            │  └─ 0.001 _StreamingResponse.__call__  starlette/middleware/base.py:205
            │     └─ 0.001 send_wrapper  pybend/core/tests/profiling/middleware.py:48
            │        └─ 0.001 _send  starlette/middleware/errors.py:157
            │              [4 frames hidden]  uvicorn, h11
            │                 0.001 Connection._respond_to_state_changes  h11/_connection.py:342
            └─ 0.000 Profiler.start  pyinstrument/profiler.py:118
                  [3 frames hidden]  pyinstrument



========================================================================
GET /products/3  ->  200  (2.3ms)
========================================================================

  _     ._   __/__   _ _  _  _ _/_   Recorded: 13:03:06  Samples:  2
 /_//_/// /_\ / //_// / //_'/ //     Duration: 0.002     CPU time: 0.002
/   _/                      v5.1.2

Profile at /code/pystack/pybend/src/pybend/example/../../pybend/core/tests/profiling/middleware.py:57

0.002 Handle._run  asyncio/events.py:86
├─ 0.001 RequestResponseCycle.run_asgi  uvicorn/protocols/http/h11_impl.py:401
│     [3 frames hidden]  uvicorn, fastapi, starlette
│        0.001 ServerErrorMiddleware.__call__  starlette/middleware/errors.py:150
│        └─ 0.001 ProfilingMiddleware.__call__  pybend/core/tests/profiling/middleware.py:35
│           └─ 0.001 JWTAuthMiddleware.__call__  starlette/middleware/base.py:98
│              └─ 0.001 JWTAuthMiddleware.dispatch  pybend/core/api/backend.py:92
│                 └─ 0.001 call_next  starlette/middleware/base.py:109
│                    └─ 0.001 MemoryObjectReceiveStream.receive  anyio/streams/memory.py:114
└─ 0.001 coro  starlette/middleware/base.py:136
      [10 frames hidden]  starlette, fastapi
         0.001 run_endpoint_function  fastapi/routing.py:204
         └─ 0.001 read_instance  pybend/core/api/routes_fastapi.py:184
            └─ 0.001 Product.get  pybend/core/models/storable_mixin.py:102
               └─ 0.001 SQLiteStorage.get  pybend/core/storage/sqlite_storage.py:204



========================================================================
GET /products/1  ->  200  (3.1ms)
========================================================================

  _     ._   __/__   _ _  _  _ _/_   Recorded: 13:03:06  Samples:  3
 /_//_/// /_\ / //_// / //_'/ //     Duration: 0.003     CPU time: 0.003
/   _/                      v5.1.2

Profile at /code/pystack/pybend/src/pybend/example/../../pybend/core/tests/profiling/middleware.py:57

0.003 Handle._run  asyncio/events.py:86
└─ 0.003 coro  starlette/middleware/base.py:136
      [23 frames hidden]  starlette, fastapi, anyio
         0.001 ModelMetaclass.__instancecheck__  pydantic/_internal/_model_construction.py:248
         0.001 run_endpoint_function  fastapi/routing.py:204
         └─ 0.001 read_instance  pybend/core/api/routes_fastapi.py:184
            └─ 0.001 Product.get  pybend/core/models/storable_mixin.py:102
               └─ 0.001 SQLiteStorage.get  pybend/core/storage/sqlite_storage.py:204
                  └─ 0.001 SQLiteStorage._populate_fields  pybend/core/storage/sqlite_storage.py:286
         0.001 Event.wait  asyncio/locks.py:199
         └─ 0.001 [await]  asyncio/locks.py



========================================================================
GET /products/2  ->  200  (4.2ms)
========================================================================

  _     ._   __/__   _ _  _  _ _/_   Recorded: 13:03:06  Samples:  4
 /_//_/// /_\ / //_// / //_'/ //     Duration: 0.004     CPU time: 0.004
/   _/                      v5.1.2

Profile at /code/pystack/pybend/src/pybend/example/../../pybend/core/tests/profiling/middleware.py:57

0.003 Handle._run  asyncio/events.py:86
├─ 0.002 coro  starlette/middleware/base.py:136
│     [18 frames hidden]  starlette, fastapi
│        0.001 jsonable_encoder  fastapi/encoders.py:102
│        0.001 run_endpoint_function  fastapi/routing.py:204
│        └─ 0.001 read_instance  pybend/core/api/routes_fastapi.py:184
│           └─ 0.001 Product.get  pybend/core/models/storable_mixin.py:102
│              └─ 0.001 SQLiteStorage.get  pybend/core/storage/sqlite_storage.py:204
│                 └─ 0.001 SQLiteStorage._populate_fields  pybend/core/storage/sqlite_storage.py:286
└─ 0.001 RequestResponseCycle.run_asgi  uvicorn/protocols/http/h11_impl.py:401
      [3 frames hidden]  uvicorn, fastapi, starlette
         0.001 ServerErrorMiddleware.__call__  starlette/middleware/errors.py:150
         └─ 0.001 ProfilingMiddleware.__call__  pybend/core/tests/profiling/middleware.py:35
            └─ 0.001 JWTAuthMiddleware.__call__  starlette/middleware/base.py:98
               └─ 0.001 _StreamingResponse.__call__  starlette/middleware/base.py:205
                  └─ 0.001 send_wrapper  pybend/core/tests/profiling/middleware.py:48
                     └─ 0.001 _send  starlette/middleware/errors.py:157
                           [11 frames hidden]  uvicorn, logging, copy
                              0.001 LogRecord.__reduce_ex__  <built-in>



========================================================================
GET /products/3  ->  200  (4.3ms)
========================================================================

  _     ._   __/__   _ _  _  _ _/_   Recorded: 13:03:06  Samples:  4
 /_//_/// /_\ / //_// / //_'/ //     Duration: 0.004     CPU time: 0.004
/   _/                      v5.1.2

Profile at /code/pystack/pybend/src/pybend/example/../../pybend/core/tests/profiling/middleware.py:57

0.003 Handle._run  asyncio/events.py:86
├─ 0.002 coro  starlette/middleware/base.py:136
│     [20 frames hidden]  starlette, fastapi, pydantic, typing,...
│        0.002 run_endpoint_function  fastapi/routing.py:204
│        └─ 0.002 read_instance  pybend/core/api/routes_fastapi.py:184
│           └─ 0.002 Product.get  pybend/core/models/storable_mixin.py:102
│              └─ 0.002 SQLiteStorage.get  pybend/core/storage/sqlite_storage.py:204
│                 └─ 0.002 SQLiteStorage._populate_fields  pybend/core/storage/sqlite_storage.py:286
│                    ├─ 0.001 Cursor.execute  <built-in>
│                    └─ 0.001 Cursor.fetchall  <built-in>
└─ 0.001 RequestResponseCycle.run_asgi  uvicorn/protocols/http/h11_impl.py:401
      [3 frames hidden]  uvicorn, fastapi, starlette
         0.001 ServerErrorMiddleware.__call__  starlette/middleware/errors.py:150
         └─ 0.001 ProfilingMiddleware.__call__  pybend/core/tests/profiling/middleware.py:35
            └─ 0.001 JWTAuthMiddleware.__call__  starlette/middleware/base.py:98
               └─ 0.001 JWTAuthMiddleware.dispatch  pybend/core/api/backend.py:92
                  └─ 0.001 call_next  starlette/middleware/base.py:109
                     └─ 0.001 MemoryObjectReceiveStream.receive  anyio/streams/memory.py:114



========================================================================
GET /users/1  ->  200  (1.9ms)
========================================================================

  _     ._   __/__   _ _  _  _ _/_   Recorded: 13:03:06  Samples:  2
 /_//_/// /_\ / //_// / //_'/ //     Duration: 0.002     CPU time: 0.002
/   _/                      v5.1.2

Profile at /code/pystack/pybend/src/pybend/example/../../pybend/core/tests/profiling/middleware.py:57

0.001 Handle._run  asyncio/events.py:86
├─ 0.001 RequestResponseCycle.run_asgi  uvicorn/protocols/http/h11_impl.py:401
│     [3 frames hidden]  uvicorn, fastapi, starlette
│        0.001 ServerErrorMiddleware.__call__  starlette/middleware/errors.py:150
│        └─ 0.001 ProfilingMiddleware.__call__  pybend/core/tests/profiling/middleware.py:35
│           └─ 0.001 JWTAuthMiddleware.__call__  starlette/middleware/base.py:98
│              └─ 0.001 _StreamingResponse.__call__  starlette/middleware/base.py:205
│                 └─ 0.001 send_wrapper  pybend/core/tests/profiling/middleware.py:48
│                    └─ 0.001 _send  starlette/middleware/errors.py:157
│                          [4 frames hidden]  uvicorn, h11
│                             0.001 ContentLengthWriter.send_data  h11/_writers.py:88
└─ 0.000 coro  starlette/middleware/base.py:136
      [6 frames hidden]  starlette
         0.000 app  starlette/routing.py:69



========================================================================
GET /products/1/comments  ->  200  (2.1ms)
========================================================================

  _     ._   __/__   _ _  _  _ _/_   Recorded: 13:03:06  Samples:  2
 /_//_/// /_\ / //_// / //_'/ //     Duration: 0.002     CPU time: 0.002
/   _/                      v5.1.2

Profile at /code/pystack/pybend/src/pybend/example/../../pybend/core/tests/profiling/middleware.py:57

0.001 Handle._run  asyncio/events.py:86
├─ 0.001 coro  starlette/middleware/base.py:136
│     [13 frames hidden]  starlette, fastapi
│        0.001 jsonable_encoder  fastapi/encoders.py:102
└─ 0.000 RequestResponseCycle.run_asgi  uvicorn/protocols/http/h11_impl.py:401
      [3 frames hidden]  uvicorn, fastapi, starlette
         0.000 ServerErrorMiddleware.__call__  starlette/middleware/errors.py:150
         └─ 0.000 ProfilingMiddleware.__call__  pybend/core/tests/profiling/middleware.py:35
            └─ 0.000 JWTAuthMiddleware.__call__  starlette/middleware/base.py:98
               └─ 0.000 JWTAuthMiddleware.dispatch  pybend/core/api/backend.py:92
                  └─ 0.000 decode_token  pybend/core/authorize/auth.py:57
                     └─ 0.000 PyJWT.decode  jwt/api_jwt.py:306
                           [3 frames hidden]  jwt



========================================================================
GET /products/2/comments  ->  200  (1.9ms)
========================================================================

  _     ._   __/__   _ _  _  _ _/_   Recorded: 13:03:06  Samples:  2
 /_//_/// /_\ / //_// / //_'/ //     Duration: 0.002     CPU time: 0.002
/   _/                      v5.1.2

Profile at /code/pystack/pybend/src/pybend/example/../../pybend/core/tests/profiling/middleware.py:57

0.001 ProxyHeadersMiddleware.__call__  uvicorn/middleware/proxy_headers.py:27
├─ 0.001 FastAPI.__call__  fastapi/applications.py:1051
│  └─ 0.001 FastAPI.__call__  starlette/applications.py:108
│     └─ 0.001 ServerErrorMiddleware.__call__  starlette/middleware/errors.py:150
│        └─ 0.001 ProfilingMiddleware.__call__  pybend/core/tests/profiling/middleware.py:35
│           └─ 0.001 JWTAuthMiddleware.__call__  starlette/middleware/base.py:98
│              └─ 0.001 JWTAuthMiddleware.dispatch  pybend/core/api/backend.py:92
│                 └─ 0.001 call_next  starlette/middleware/base.py:109
│                       [2 frames hidden]  anyio
│                          0.001 Event.wait  asyncio/locks.py:199
│                          └─ 0.001 [await]  asyncio/locks.py
└─ 0.000 [self]  uvicorn/middleware/proxy_headers.py



========================================================================
GET /products/1/favorites  ->  200  (1.6ms)
========================================================================

  _     ._   __/__   _ _  _  _ _/_   Recorded: 13:03:06  Samples:  2
 /_//_/// /_\ / //_// / //_'/ //     Duration: 0.002     CPU time: 0.002
/   _/                      v5.1.2

Profile at /code/pystack/pybend/src/pybend/example/../../pybend/core/tests/profiling/middleware.py:57

0.001 _UnixSelectorEventLoop._run_once  asyncio/base_events.py:1910
├─ 0.001 Handle._run  asyncio/events.py:86
│  └─ 0.001 coro  starlette/middleware/base.py:136
│     └─ 0.001 CORSMiddleware.__call__  starlette/middleware/cors.py:75
└─ 0.000 [self]  asyncio/base_events.py



========================================================================
GET /products/2/favorites  ->  200  (1.8ms)
========================================================================

  _     ._   __/__   _ _  _  _ _/_   Recorded: 13:03:06  Samples:  2
 /_//_/// /_\ / //_// / //_'/ //     Duration: 0.002     CPU time: 0.002
/   _/                      v5.1.2

Profile at /code/pystack/pybend/src/pybend/example/../../pybend/core/tests/profiling/middleware.py:57

0.001 RequestResponseCycle.run_asgi  uvicorn/protocols/http/h11_impl.py:401
├─ 0.001 [self]  uvicorn/protocols/http/h11_impl.py
└─ 0.000 ProxyHeadersMiddleware.__call__  uvicorn/middleware/proxy_headers.py:27
      [2 frames hidden]  fastapi, starlette
         0.000 ServerErrorMiddleware.__call__  starlette/middleware/errors.py:150
         └─ 0.000 ProfilingMiddleware.__call__  pybend/core/tests/profiling/middleware.py:35
            └─ 0.000 Profiler.start  pyinstrument/profiler.py:118
                  [3 frames hidden]  pyinstrument



========================================================================
POST /users/login  ->  200  (191.8ms)
========================================================================

  _     ._   __/__   _ _  _  _ _/_   Recorded: 13:03:06  Samples:  4
 /_//_/// /_\ / //_// / //_'/ //     Duration: 0.192     CPU time: 0.192
/   _/                      v5.1.2

Profile at /code/pystack/pybend/src/pybend/example/../../pybend/core/tests/profiling/middleware.py:57

0.191 Handle._run  asyncio/events.py:86
└─ 0.191 coro  starlette/middleware/base.py:136
      [10 frames hidden]  starlette, fastapi
         0.190 run_endpoint_function  fastapi/routing.py:204
         └─ 0.190 post_no_id  pybend/core/api/routes_fastapi.py:336
            └─ 0.190 User.login  pybend/core/models/base_user.py:74
               └─ 0.190 verify_password  pybend/core/authorize/auth.py:42
                  └─ 0.190 checkpw  <built-in>



========================================================================
POST /products  ->  201  (23.3ms)
========================================================================

  _     ._   __/__   _ _  _  _ _/_   Recorded: 13:03:06  Samples:  9
 /_//_/// /_\ / //_// / //_'/ //     Duration: 0.023     CPU time: 0.007
/   _/                      v5.1.2

Profile at /code/pystack/pybend/src/pybend/example/../../pybend/core/tests/profiling/middleware.py:57

0.023 Handle._run  asyncio/events.py:86
├─ 0.021 coro  starlette/middleware/base.py:136
│     [42 frames hidden]  starlette, fastapi, <string>, pydanti...
│        0.017 run_endpoint_function  fastapi/routing.py:204
│        └─ 0.017 create_instance  pybend/core/api/routes_fastapi.py:60
│           └─ 0.017 Product.create  pybend/core/models/storable_mixin.py:63
│              └─ 0.017 SQLiteStorage.create  pybend/core/storage/sqlite_storage.py:53
│                 ├─ 0.016 Connection.commit  <built-in>
│                 └─ 0.001 Cursor.execute  <built-in>
├─ 0.001 RequestResponseCycle.run_asgi  uvicorn/protocols/http/h11_impl.py:401
│     [3 frames hidden]  uvicorn, fastapi, starlette
│        0.001 ServerErrorMiddleware.__call__  starlette/middleware/errors.py:150
│        └─ 0.001 ProfilingMiddleware.__call__  pybend/core/tests/profiling/middleware.py:35
└─ 0.001 [self]  asyncio/events.py



========================================================================
POST /products  ->  201  (11.4ms)
========================================================================

  _     ._   __/__   _ _  _  _ _/_   Recorded: 13:03:06  Samples:  4
 /_//_/// /_\ / //_// / //_'/ //     Duration: 0.011     CPU time: 0.004
/   _/                      v5.1.2

Profile at /code/pystack/pybend/src/pybend/example/../../pybend/core/tests/profiling/middleware.py:57

0.011 Handle._run  asyncio/events.py:86
├─ 0.009 coro  starlette/middleware/base.py:136
│     [10 frames hidden]  starlette, fastapi
│        0.009 run_endpoint_function  fastapi/routing.py:204
│        └─ 0.009 create_instance  pybend/core/api/routes_fastapi.py:60
│           └─ 0.009 Product.create  pybend/core/models/storable_mixin.py:63
│              └─ 0.009 SQLiteStorage.create  pybend/core/storage/sqlite_storage.py:53
│                 ├─ 0.008 Connection.commit  <built-in>
│                 └─ 0.001 Cursor.execute  <built-in>
└─ 0.001 RequestResponseCycle.run_asgi  uvicorn/protocols/http/h11_impl.py:401
      [3 frames hidden]  uvicorn, fastapi, starlette
         0.001 ServerErrorMiddleware.__call__  starlette/middleware/errors.py:150
         └─ 0.001 ProfilingMiddleware.__call__  pybend/core/tests/profiling/middleware.py:35
            └─ 0.001 JWTAuthMiddleware.__call__  starlette/middleware/base.py:98
               ├─ 0.001 _StreamingResponse.__call__  starlette/middleware/base.py:205
               │  └─ 0.001 send_wrapper  pybend/core/tests/profiling/middleware.py:48
               │     └─ 0.001 _send  starlette/middleware/errors.py:157
               │           [2 frames hidden]  uvicorn, h11
               └─ 0.001 JWTAuthMiddleware.dispatch  pybend/core/api/backend.py:92
                  └─ 0.001 call_next  starlette/middleware/base.py:109
                        [5 frames hidden]  anyio, asyncio



========================================================================
POST /products  ->  201  (11.4ms)
========================================================================

  _     ._   __/__   _ _  _  _ _/_   Recorded: 13:03:06  Samples:  4
 /_//_/// /_\ / //_// / //_'/ //     Duration: 0.011     CPU time: 0.003
/   _/                      v5.1.2

Profile at /code/pystack/pybend/src/pybend/example/../../pybend/core/tests/profiling/middleware.py:57

0.011 _UnixSelectorEventLoop._run_once  asyncio/base_events.py:1910
├─ 0.010 Handle._run  asyncio/events.py:86
│     [13 frames hidden]  starlette, fastapi
│        0.009 run_endpoint_function  fastapi/routing.py:204
│        └─ 0.009 create_instance  pybend/core/api/routes_fastapi.py:60
│           └─ 0.009 Product.create  pybend/core/models/storable_mixin.py:63
│              └─ 0.009 SQLiteStorage.create  pybend/core/storage/sqlite_storage.py:53
│                 ├─ 0.008 Connection.commit  <built-in>
│                 └─ 0.001 Cursor.execute  <built-in>
└─ 0.001 [self]  asyncio/base_events.py



========================================================================
POST /products/1/comment  ->  200  (12.1ms)
========================================================================

  _     ._   __/__   _ _  _  _ _/_   Recorded: 13:03:06  Samples:  5
 /_//_/// /_\ / //_// / //_'/ //     Duration: 0.012     CPU time: 0.004
/   _/                      v5.1.2

Profile at /code/pystack/pybend/src/pybend/example/../../pybend/core/tests/profiling/middleware.py:57

0.011 Handle._run  asyncio/events.py:86
├─ 0.011 coro  starlette/middleware/base.py:136
│     [11 frames hidden]  starlette, fastapi
│        0.010 run_endpoint_function  fastapi/routing.py:204
│        └─ 0.010 post_with_id  pybend/core/api/routes_fastapi.py:300
│           ├─ 0.009 Product.comment  models/product.py:62
│           │  └─ 0.009 Comment.save  pybend/core/models/storable_mixin.py:36
│           │     └─ 0.009 Comment.create  pybend/core/models/storable_mixin.py:63
│           │        └─ 0.009 ProductComment.create  pybend/core/models/storable_mixin.py:63
│           │           └─ 0.009 SQLiteStorage.create  pybend/core/storage/sqlite_storage.py:53
│           │              ├─ 0.008 Connection.commit  <built-in>
│           │              └─ 0.001 Cursor.execute  <built-in>
│           └─ 0.001 Product.get  pybend/core/models/storable_mixin.py:102
│              └─ 0.001 SQLiteStorage.get  pybend/core/storage/sqlite_storage.py:204
│                 └─ 0.001 get_list_fields  pybend/core/utils/introspection.py:138
└─ 0.001 RequestResponseCycle.run_asgi  uvicorn/protocols/http/h11_impl.py:401
      [3 frames hidden]  uvicorn, fastapi, starlette
         0.001 ServerErrorMiddleware.__call__  starlette/middleware/errors.py:150
         └─ 0.001 ProfilingMiddleware.__call__  pybend/core/tests/profiling/middleware.py:35
            └─ 0.001 JWTAuthMiddleware.__call__  starlette/middleware/base.py:98
               └─ 0.001 _StreamingResponse.__call__  starlette/middleware/base.py:205
                  └─ 0.001 send_wrapper  pybend/core/tests/profiling/middleware.py:48
                     └─ 0.001 _send  starlette/middleware/errors.py:157
                           [3 frames hidden]  uvicorn, asyncio, <built-in>



========================================================================
POST /products/2/comment  ->  200  (13.3ms)
========================================================================

  _     ._   __/__   _ _  _  _ _/_   Recorded: 13:03:06  Samples:  5
 /_//_/// /_\ / //_// / //_'/ //     Duration: 0.013     CPU time: 0.005
/   _/                      v5.1.2

Profile at /code/pystack/pybend/src/pybend/example/../../pybend/core/tests/profiling/middleware.py:57

0.013 Handle._run  asyncio/events.py:86
├─ 0.010 coro  starlette/middleware/base.py:136
│     [10 frames hidden]  starlette, fastapi
│        0.010 run_endpoint_function  fastapi/routing.py:204
│        └─ 0.010 post_with_id  pybend/core/api/routes_fastapi.py:300
│           ├─ 0.009 Product.comment  models/product.py:62
│           │  └─ 0.009 Comment.save  pybend/core/models/storable_mixin.py:36
│           │     └─ 0.009 Comment.create  pybend/core/models/storable_mixin.py:63
│           │        └─ 0.009 ProductComment.create  pybend/core/models/storable_mixin.py:63
│           │           └─ 0.009 SQLiteStorage.create  pybend/core/storage/sqlite_storage.py:53
│           │              └─ 0.009 Connection.commit  <built-in>
│           └─ 0.001 Product.get  pybend/core/models/storable_mixin.py:102
│              └─ 0.001 SQLiteStorage.get  pybend/core/storage/sqlite_storage.py:204
│                 └─ 0.001 Product.__init__  pybend/core/models/proto_model.py:96
├─ 0.001 TaskGroup.__aexit__  anyio/_backends/_asyncio.py:735
│  └─ 0.001 [await]  anyio/_backends/_asyncio.py
├─ 0.001 _SelectorSocketTransport._call_connection_lost  asyncio/selector_events.py:1191
│     [4 frames hidden]  asyncio, uvicorn
└─ 0.001 RequestResponseCycle.run_asgi  uvicorn/protocols/http/h11_impl.py:401
      [3 frames hidden]  uvicorn, fastapi, starlette
         0.001 ServerErrorMiddleware.__call__  starlette/middleware/errors.py:150
         └─ 0.001 ProfilingMiddleware.__call__  pybend/core/tests/profiling/middleware.py:35
            └─ 0.001 JWTAuthMiddleware.__call__  starlette/middleware/base.py:98
               └─ 0.001 _StreamingResponse.__call__  starlette/middleware/base.py:205
                  └─ 0.001 send_wrapper  pybend/core/tests/profiling/middleware.py:48
                     └─ 0.001 _send  starlette/middleware/errors.py:157
                           [3 frames hidden]  uvicorn, h11



========================================================================
POST /products/1/favorite  ->  200  (12.0ms)
========================================================================

  _     ._   __/__   _ _  _  _ _/_   Recorded: 13:03:06  Samples:  5
 /_//_/// /_\ / //_// / //_'/ //     Duration: 0.012     CPU time: 0.004
/   _/                      v5.1.2

Profile at /code/pystack/pybend/src/pybend/example/../../pybend/core/tests/profiling/middleware.py:57

0.011 _UnixSelectorEventLoop._run_once  asyncio/base_events.py:1910
├─ 0.011 Handle._run  asyncio/events.py:86
│     [15 frames hidden]  starlette, fastapi, uvicorn
│        0.010 run_endpoint_function  fastapi/routing.py:204
│        └─ 0.010 post_with_id  pybend/core/api/routes_fastapi.py:300
│           ├─ 0.009 Product.favorite  models/product.py:72
│           │  └─ 0.009 ProductLike.delete  pybend/core/models/storable_mixin.py:125
│           │     └─ 0.009 SQLiteStorage.delete  pybend/core/storage/sqlite_storage.py:553
│           │        ├─ 0.008 Connection.commit  <built-in>
│           │        └─ 0.001 Cursor.execute  <built-in>
│           └─ 0.001 Product.get  pybend/core/models/storable_mixin.py:102
│              └─ 0.001 SQLiteStorage.get  pybend/core/storage/sqlite_storage.py:204
│                 └─ 0.001 Cursor.execute  <built-in>
│        0.001 ServerErrorMiddleware.__call__  starlette/middleware/errors.py:150
│        └─ 0.001 ProfilingMiddleware.__call__  pybend/core/tests/profiling/middleware.py:35
│           └─ 0.001 JWTAuthMiddleware.__call__  starlette/middleware/base.py:98
│              └─ 0.001 _StreamingResponse.__call__  starlette/middleware/base.py:205
│                 └─ 0.001 send_wrapper  pybend/core/tests/profiling/middleware.py:48
│                    └─ 0.001 _send  starlette/middleware/errors.py:157
│                          [3 frames hidden]  uvicorn, h11
└─ 0.000 [self]  asyncio/base_events.py



========================================================================
POST /products/2/favorite  ->  200  (11.5ms)
========================================================================

  _     ._   __/__   _ _  _  _ _/_   Recorded: 13:03:06  Samples:  4
 /_//_/// /_\ / //_// / //_'/ //     Duration: 0.011     CPU time: 0.004
/   _/                      v5.1.2

Profile at /code/pystack/pybend/src/pybend/example/../../pybend/core/tests/profiling/middleware.py:57

0.011 Handle._run  asyncio/events.py:86
├─ 0.010 coro  starlette/middleware/base.py:136
│     [18 frames hidden]  starlette, fastapi, anyio, asyncio
│        0.010 run_endpoint_function  fastapi/routing.py:204
│        └─ 0.010 post_with_id  pybend/core/api/routes_fastapi.py:300
│           └─ 0.010 Product.favorite  models/product.py:72
│              ├─ 0.009 Like.save  pybend/core/models/storable_mixin.py:36
│              │  └─ 0.009 Like.create  pybend/core/models/storable_mixin.py:63
│              │     └─ 0.009 ProductLike.create  pybend/core/models/storable_mixin.py:63
│              │        └─ 0.009 SQLiteStorage.create  pybend/core/storage/sqlite_storage.py:53
│              │           └─ 0.009 Connection.commit  <built-in>
│              └─ 0.001 ProductLike.list  pybend/core/models/storable_mixin.py:91
│                 └─ 0.001 SQLiteStorage.list  pybend/core/storage/sqlite_storage.py:85
│                    └─ 0.001 get_ref_fields  pybend/core/utils/introspection.py:181
└─ 0.000 [self]  asyncio/events.py



========================================================================
POST /products/3/favorite  ->  200  (12.2ms)
========================================================================

  _     ._   __/__   _ _  _  _ _/_   Recorded: 13:03:06  Samples:  4
 /_//_/// /_\ / //_// / //_'/ //     Duration: 0.012     CPU time: 0.004
/   _/                      v5.1.2

Profile at /code/pystack/pybend/src/pybend/example/../../pybend/core/tests/profiling/middleware.py:57

0.012 Handle._run  asyncio/events.py:86
├─ 0.011 coro  starlette/middleware/base.py:136
│     [15 frames hidden]  starlette, fastapi, asyncio
│        0.010 run_endpoint_function  fastapi/routing.py:204
│        └─ 0.010 post_with_id  pybend/core/api/routes_fastapi.py:300
│           ├─ 0.009 Product.favorite  models/product.py:72
│           │  └─ 0.009 Like.save  pybend/core/models/storable_mixin.py:36
│           │     └─ 0.009 Like.create  pybend/core/models/storable_mixin.py:63
│           │        └─ 0.009 ProductLike.create  pybend/core/models/storable_mixin.py:63
│           │           └─ 0.009 SQLiteStorage.create  pybend/core/storage/sqlite_storage.py:53
│           │              └─ 0.009 Connection.commit  <built-in>
│           └─ 0.001 Product.get  pybend/core/models/storable_mixin.py:102
│              └─ 0.001 SQLiteStorage.get  pybend/core/storage/sqlite_storage.py:204
│                 └─ 0.001 Product.__init__  pybend/core/models/proto_model.py:96
│                    └─ 0.001 ModelMetaclass.__instancecheck__  pydantic/_internal/_model_construction.py:248
│                       └─ 0.001 hasattr  <built-in>
└─ 0.001 RequestResponseCycle.run_asgi  uvicorn/protocols/http/h11_impl.py:401
      [3 frames hidden]  uvicorn, fastapi, starlette
         0.001 ServerErrorMiddleware.__call__  starlette/middleware/errors.py:150
         └─ 0.001 ProfilingMiddleware.__call__  pybend/core/tests/profiling/middleware.py:35
            └─ 0.001 JWTAuthMiddleware.__call__  starlette/middleware/base.py:98
               └─ 0.001 _StreamingResponse.__call__  starlette/middleware/base.py:205
                  └─ 0.001 send_wrapper  pybend/core/tests/profiling/middleware.py:48
                     └─ 0.001 _send  starlette/middleware/errors.py:157
                           [2 frames hidden]  uvicorn



========================================================================
GET /Product  ->  200  (26.2ms)
========================================================================

  _     ._   __/__   _ _  _  _ _/_   Recorded: 13:03:10  Samples:  26
 /_//_/// /_\ / //_// / //_'/ //     Duration: 0.026     CPU time: 0.026
/   _/                      v5.1.2

Profile at /code/pystack/pybend/src/pybend/example/../../pybend/core/tests/profiling/middleware.py:57

0.026 Handle._run  asyncio/events.py:86
├─ 0.022 coro  starlette/middleware/base.py:136
│     [24 frames hidden]  starlette, fastapi, <built-in>, anyio
│        0.019 run_endpoint_function  fastapi/routing.py:204
│        └─ 0.019 get_model_schema  pybend/core/api/routes_fastapi.py:169
│           └─ 0.019 Product.schema  pybend/core/models/proto_model.py:197
│              ├─ 0.008 Product.referenced_json_schema  pybend/core/models/proto_model.py:319
│              │  └─ 0.008 Product.model_json_schema  pydantic/main.py:413
│              │        [21 frames hidden]  pydantic, <built-in>
│              │           0.004 new_handler_func  pydantic/json_schema.py:520
│              │           └─ 0.004 Product.__get_pydantic_json_schema__  pybend/core/models/proto_model.py:341
│              │              ├─ 0.003 Product.__get_pydantic_json_schema__  pydantic/main.py:628
│              │              │     [34 frames hidden]  pydantic
│              │              │        0.001 new_handler_func  pydantic/json_schema.py:520
│              │              │        └─ 0.001 Comment.__get_pydantic_json_schema__  pybend/core/models/proto_model.py:341
│              │              │           └─ 0.001 Comment.__get_pydantic_json_schema__  pydantic/main.py:628
│              │              │                 [30 frames hidden]  pydantic, contextlib, <built-in>
│              │              └─ 0.001 _is_self_ref  pybend/core/utils/introspection.py:206
│              │           0.002 new_handler_func  pydantic/json_schema.py:520
│              │           └─ 0.002 Comment.__get_pydantic_json_schema__  pybend/core/models/proto_model.py:341
│              │              └─ 0.002 Comment.__get_pydantic_json_schema__  pydantic/main.py:628
│              │                    [28 frames hidden]  pydantic
│              ├─ 0.007 Product.model_json_schema  pydantic/main.py:413
│              │     [18 frames hidden]  pydantic
│              │        0.005 new_handler_func  pydantic/json_schema.py:520
│              │        └─ 0.005 Product.__get_pydantic_json_schema__  pybend/core/models/proto_model.py:341
│              │           └─ 0.005 Product.__get_pydantic_json_schema__  pydantic/main.py:628
│              │                 [51 frames hidden]  pydantic, <frozen abc>, <built-in>
│              │                    0.001 new_handler_func  pydantic/json_schema.py:520
│              │                    └─ 0.001 Comment.__get_pydantic_json_schema__  pybend/core/models/proto_model.py:341
│              │                       └─ 0.001 Comment.__get_pydantic_json_schema__  pydantic/main.py:628
│              │                             [28 frames hidden]  pydantic, <frozen abc>
│              ├─ 0.001 access_schema  pybend/core/authorize/schema.py:11
│              ├─ 0.001 deepcopy  copy.py:118
│              │     [8 frames hidden]  copy, <built-in>
│              ├─ 0.001 collect_all_referenced_models  pybend/core/utils/introspection.py:62
│              │  └─ 0.001 collect_all_referenced_models  pybend/core/utils/introspection.py:62
│              │     └─ 0.001 Comment.__pybend_methods_json_signature__  pybend/core/models/proto_model.py:139
│              │        └─ 0.001 get_type_hints  typing.py:2186
│              │           └─ 0.001 _strip_annotations  typing.py:2285
│              └─ 0.001 User.__pybend_methods_json_signature__  pybend/core/models/proto_model.py:139
└─ 0.004 RequestResponseCycle.run_asgi  uvicorn/protocols/http/h11_impl.py:401
      [3 frames hidden]  uvicorn, fastapi, starlette
         0.004 ServerErrorMiddleware.__call__  starlette/middleware/errors.py:150
         └─ 0.004 ProfilingMiddleware.__call__  pybend/core/tests/profiling/middleware.py:35
            └─ 0.004 JWTAuthMiddleware.__call__  starlette/middleware/base.py:98
                  [7 frames hidden]  anyio, importlib, <built-in>, datacla...
                     0.001 JWTAuthMiddleware.dispatch  pybend/core/api/backend.py:92
                     └─ 0.001 call_next  starlette/middleware/base.py:109
                           [3 frames hidden]  anyio



========================================================================
POST /users/login  ->  200  (195.3ms)
========================================================================

  _     ._   __/__   _ _  _  _ _/_   Recorded: 13:03:10  Samples:  4
 /_//_/// /_\ / //_// / //_'/ //     Duration: 0.195     CPU time: 0.195
/   _/                      v5.1.2

Profile at /code/pystack/pybend/src/pybend/example/../../pybend/core/tests/profiling/middleware.py:57

0.195 Handle._run  asyncio/events.py:86
└─ 0.194 coro  starlette/middleware/base.py:136
      [10 frames hidden]  starlette, fastapi
         0.193 run_endpoint_function  fastapi/routing.py:204
         └─ 0.193 post_no_id  pybend/core/api/routes_fastapi.py:336
            └─ 0.193 User.login  pybend/core/models/base_user.py:74
               └─ 0.193 verify_password  pybend/core/authorize/auth.py:42
                  └─ 0.193 checkpw  <built-in>



========================================================================
GET /Product  ->  200  (4.8ms)
========================================================================

  _     ._   __/__   _ _  _  _ _/_   Recorded: 13:03:11  Samples:  4
 /_//_/// /_\ / //_// / //_'/ //     Duration: 0.005     CPU time: 0.005
/   _/                      v5.1.2

Profile at /code/pystack/pybend/src/pybend/example/../../pybend/core/tests/profiling/middleware.py:57

0.004 Handle._run  asyncio/events.py:86
├─ 0.003 coro  starlette/middleware/base.py:136
│     [16 frames hidden]  starlette, fastapi
│        0.002 jsonable_encoder  fastapi/encoders.py:102
│        └─ 0.001 [self]  fastapi/encoders.py
│           0.001 isinstance  <built-in>
│        0.001 run_endpoint_function  fastapi/routing.py:204
│        └─ 0.001 get_model_schema  pybend/core/api/routes_fastapi.py:169
│           └─ 0.001 Product.schema  pybend/core/models/proto_model.py:197
│              └─ 0.001 deepcopy  copy.py:118
│                    [10 frames hidden]  copy
│                       0.001 _deepcopy_dict  copy.py:217
└─ 0.001 RequestResponseCycle.run_asgi  uvicorn/protocols/http/h11_impl.py:401
      [3 frames hidden]  uvicorn, fastapi, starlette
         0.001 ServerErrorMiddleware.__call__  starlette/middleware/errors.py:150
         └─ 0.001 ProfilingMiddleware.__call__  pybend/core/tests/profiling/middleware.py:35
            └─ 0.001 JWTAuthMiddleware.__call__  starlette/middleware/base.py:98
               └─ 0.001 JWTAuthMiddleware.dispatch  pybend/core/api/backend.py:92
                  └─ 0.001 call_next  starlette/middleware/base.py:109
                     └─ 0.001 MemoryObjectReceiveStream.receive  anyio/streams/memory.py:114



========================================================================
GET /Product  ->  200  (4.6ms)
========================================================================

  _     ._   __/__   _ _  _  _ _/_   Recorded: 13:03:11  Samples:  4
 /_//_/// /_\ / //_// / //_'/ //     Duration: 0.005     CPU time: 0.005
/   _/                      v5.1.2

Profile at /code/pystack/pybend/src/pybend/example/../../pybend/core/tests/profiling/middleware.py:57

0.004 Handle._run  asyncio/events.py:86
└─ 0.004 coro  starlette/middleware/base.py:136
      [23 frames hidden]  starlette, fastapi, anyio
         0.002 jsonable_encoder  fastapi/encoders.py:102
         │  0.001 str.startswith  <built-in>
         └─ 0.001 [self]  fastapi/encoders.py
         0.001 run_endpoint_function  fastapi/routing.py:204
         └─ 0.001 get_model_schema  pybend/core/api/routes_fastapi.py:169
            └─ 0.001 Product.schema  pybend/core/models/proto_model.py:197
               └─ 0.001 deepcopy  copy.py:118
                     [8 frames hidden]  copy
                        0.001 _keep_alive  copy.py:231
         0.001 Event.set  asyncio/locks.py:181



========================================================================
GET /Product  ->  200  (5.1ms)
========================================================================

  _     ._   __/__   _ _  _  _ _/_   Recorded: 13:03:11  Samples:  5
 /_//_/// /_\ / //_// / //_'/ //     Duration: 0.005     CPU time: 0.005
/   _/                      v5.1.2

Profile at /code/pystack/pybend/src/pybend/example/../../pybend/core/tests/profiling/middleware.py:57

0.005 Handle._run  asyncio/events.py:86
├─ 0.004 coro  starlette/middleware/base.py:136
│     [13 frames hidden]  starlette, fastapi
│        0.002 jsonable_encoder  fastapi/encoders.py:102
│        └─ 0.001 [self]  fastapi/encoders.py
│           0.001 jsonable_encoder  fastapi/encoders.py:102
│        0.002 run_endpoint_function  fastapi/routing.py:204
│        └─ 0.002 get_model_schema  pybend/core/api/routes_fastapi.py:169
│           └─ 0.002 Product.schema  pybend/core/models/proto_model.py:197
│              └─ 0.002 deepcopy  copy.py:118
│                    [12 frames hidden]  copy
│                       0.001 deepcopy  copy.py:118
└─ 0.001 RequestResponseCycle.run_asgi  uvicorn/protocols/http/h11_impl.py:401
      [3 frames hidden]  uvicorn, fastapi, starlette
         0.001 ServerErrorMiddleware.__call__  starlette/middleware/errors.py:150
         └─ 0.001 ProfilingMiddleware.__call__  pybend/core/tests/profiling/middleware.py:35
            └─ 0.001 JWTAuthMiddleware.__call__  starlette/middleware/base.py:98
               └─ 0.001 _StreamingResponse.__call__  starlette/middleware/base.py:205
                  └─ 0.001 send_wrapper  pybend/core/tests/profiling/middleware.py:48
                     └─ 0.001 _send  starlette/middleware/errors.py:157
                           [4 frames hidden]  uvicorn, h11
                              0.001 Connection._respond_to_state_changes  h11/_connection.py:342



========================================================================
GET /User  ->  200  (6.0ms)
========================================================================

  _     ._   __/__   _ _  _  _ _/_   Recorded: 13:03:11  Samples:  5
 /_//_/// /_\ / //_// / //_'/ //     Duration: 0.006     CPU time: 0.006
/   _/                      v5.1.2

Profile at /code/pystack/pybend/src/pybend/example/../../pybend/core/tests/profiling/middleware.py:57

0.005 Handle._run  asyncio/events.py:86
└─ 0.005 coro  starlette/middleware/base.py:136
      [16 frames hidden]  starlette, fastapi
         0.004 run_endpoint_function  fastapi/routing.py:204
         └─ 0.004 get_model_schema  pybend/core/api/routes_fastapi.py:169
            └─ 0.004 User.schema  pybend/core/models/proto_model.py:197
               ├─ 0.002 User.model_json_schema  pydantic/main.py:413
               │     [5 frames hidden]  pydantic
               ├─ 0.001 deepcopy  copy.py:118
               │     [8 frames hidden]  copy
               │        0.001 dict.get  <built-in>
               └─ 0.001 User.referenced_json_schema  pybend/core/models/proto_model.py:319
                  └─ 0.001 User.model_json_schema  pydantic/main.py:413
                        [4 frames hidden]  pydantic
                           0.001 new_handler_func  pydantic/json_schema.py:520
                           └─ 0.001 User.__get_pydantic_json_schema__  pybend/core/models/proto_model.py:341
                              └─ 0.001 User.__get_pydantic_json_schema__  pydantic/main.py:628
                                    [27 frames hidden]  pydantic
                                       0.001 walk_core_schema  pydantic/_internal/_core_utils.py:400
         0.001 isinstance  <built-in>



========================================================================
GET /User  ->  200  (2.4ms)
========================================================================

  _     ._   __/__   _ _  _  _ _/_   Recorded: 13:03:11  Samples:  2
 /_//_/// /_\ / //_// / //_'/ //     Duration: 0.002     CPU time: 0.002
/   _/                      v5.1.2

Profile at /code/pystack/pybend/src/pybend/example/../../pybend/core/tests/profiling/middleware.py:57

0.002 NoneType._run  asyncio/events.py:86
├─ 0.001 [self]  asyncio/events.py
└─ 0.000 coro  starlette/middleware/base.py:136
      [10 frames hidden]  starlette, fastapi
         0.000 run_endpoint_function  fastapi/routing.py:204
         └─ 0.000 get_model_schema  pybend/core/api/routes_fastapi.py:169
            └─ 0.000 User.schema  pybend/core/models/proto_model.py:197
               └─ 0.000 deepcopy  copy.py:118
                     [9 frames hidden]  copy
                        0.000 deepcopy  copy.py:118



========================================================================
GET /User  ->  200  (2.2ms)
========================================================================

  _     ._   __/__   _ _  _  _ _/_   Recorded: 13:03:11  Samples:  2
 /_//_/// /_\ / //_// / //_'/ //     Duration: 0.002     CPU time: 0.002
/   _/                      v5.1.2

Profile at /code/pystack/pybend/src/pybend/example/../../pybend/core/tests/profiling/middleware.py:57

0.002 Handle._run  asyncio/events.py:86
├─ 0.001 RequestResponseCycle.run_asgi  uvicorn/protocols/http/h11_impl.py:401
│     [3 frames hidden]  uvicorn, fastapi, starlette
│        0.001 ServerErrorMiddleware.__call__  starlette/middleware/errors.py:150
│        └─ 0.001 ProfilingMiddleware.__call__  pybend/core/tests/profiling/middleware.py:35
│           └─ 0.001 JWTAuthMiddleware.__call__  starlette/middleware/base.py:98
│              └─ 0.001 _StreamingResponse.__call__  starlette/middleware/base.py:205
│                 └─ 0.001 send_wrapper  pybend/core/tests/profiling/middleware.py:48
│                    └─ 0.001 _send  starlette/middleware/errors.py:157
│                          [11 frames hidden]  uvicorn, logging, copy
│                             0.001 LogRecord.__reduce_ex__  <built-in>
└─ 0.001 coro  starlette/middleware/base.py:136
      [10 frames hidden]  starlette, fastapi
         0.001 run_endpoint_function  fastapi/routing.py:204
         └─ 0.001 get_model_schema  pybend/core/api/routes_fastapi.py:169
            └─ 0.001 User.schema  pybend/core/models/proto_model.py:197
               └─ 0.001 deepcopy  copy.py:118
                     [4 frames hidden]  copy
                        0.001 dict.get  <built-in>



========================================================================
GET /products  ->  200  (3.5ms)
========================================================================

  _     ._   __/__   _ _  _  _ _/_   Recorded: 13:03:11  Samples:  3
 /_//_/// /_\ / //_// / //_'/ //     Duration: 0.004     CPU time: 0.004
/   _/                      v5.1.2

Profile at /code/pystack/pybend/src/pybend/example/../../pybend/core/tests/profiling/middleware.py:57

0.003 Handle._run  asyncio/events.py:86
└─ 0.003 coro  starlette/middleware/base.py:136
      [14 frames hidden]  starlette, fastapi, json
         0.003 APIRouter.app  starlette/routing.py:716
         │  0.001 run_endpoint_function  fastapi/routing.py:204
         │  └─ 0.001 list_all_instances  pybend/core/api/routes_fastapi.py:93
         │     └─ 0.001 Product.list  pybend/core/models/storable_mixin.py:91
         │        └─ 0.001 SQLiteStorage.list  pybend/core/storage/sqlite_storage.py:85
         │           └─ 0.001 Cursor.execute  <built-in>
         │  0.001 JSONEncoder.iterencode  json/encoder.py:205
         └─ 0.001 [self]  starlette/routing.py



========================================================================
GET /products  ->  200  (3.1ms)
========================================================================

  _     ._   __/__   _ _  _  _ _/_   Recorded: 13:03:11  Samples:  3
 /_//_/// /_\ / //_// / //_'/ //     Duration: 0.003     CPU time: 0.003
/   _/                      v5.1.2

Profile at /code/pystack/pybend/src/pybend/example/../../pybend/core/tests/profiling/middleware.py:57

0.003 Handle._run  asyncio/events.py:86
├─ 0.002 coro  starlette/middleware/base.py:136
│     [15 frames hidden]  starlette, fastapi
│        0.001 run_endpoint_function  fastapi/routing.py:204
│        └─ 0.001 list_all_instances  pybend/core/api/routes_fastapi.py:93
│           └─ 0.001 Product.list  pybend/core/models/storable_mixin.py:91
│              └─ 0.001 SQLiteStorage.list  pybend/core/storage/sqlite_storage.py:85
│                 └─ 0.001 Cursor.execute  <built-in>
│        0.001 isinstance  <built-in>
└─ 0.001 _SelectorSocketTransport._read_ready  asyncio/selector_events.py:969
      [4 frames hidden]  asyncio
         0.001 _UnixSelectorEventLoop._remove_reader  asyncio/selector_events.py:294



========================================================================
GET /products  ->  200  (9.4ms)
========================================================================

  _     ._   __/__   _ _  _  _ _/_   Recorded: 13:03:11  Samples:  9
 /_//_/// /_\ / //_// / //_'/ //     Duration: 0.009     CPU time: 0.009
/   _/                      v5.1.2

Profile at /code/pystack/pybend/src/pybend/example/../../pybend/core/tests/profiling/middleware.py:57

0.009 Handle._run  asyncio/events.py:86
├─ 0.008 coro  starlette/middleware/base.py:136
│     [31 frames hidden]  starlette, fastapi, dataclasses, <bui...
│        0.003 run_endpoint_function  fastapi/routing.py:204
│        └─ 0.003 list_all_instances  pybend/core/api/routes_fastapi.py:93
│           └─ 0.003 Product.list  pybend/core/models/storable_mixin.py:91
│              └─ 0.003 SQLiteStorage.list  pybend/core/storage/sqlite_storage.py:85
│                 └─ 0.003 SQLiteStorage._populate_fields  pybend/core/storage/sqlite_storage.py:286
│                    ├─ 0.001 ProductLike.model_dump  pybend/core/models/proto_model.py:117
│                    ├─ 0.001 list.append  <built-in>
│                    └─ 0.001 get_list_fields  pybend/core/utils/introspection.py:138
└─ 0.001 RequestResponseCycle.run_asgi  uvicorn/protocols/http/h11_impl.py:401
      [3 frames hidden]  uvicorn, fastapi, starlette
         0.001 ServerErrorMiddleware.__call__  starlette/middleware/errors.py:150
         └─ 0.001 ProfilingMiddleware.__call__  pybend/core/tests/profiling/middleware.py:35
            └─ 0.001 JWTAuthMiddleware.__call__  starlette/middleware/base.py:98
               └─ 0.001 _StreamingResponse.__call__  starlette/middleware/base.py:205
                  └─ 0.001 send_wrapper  pybend/core/tests/profiling/middleware.py:48
                     └─ 0.001 _send  starlette/middleware/errors.py:157
                           [3 frames hidden]  uvicorn, asyncio, <built-in>



========================================================================
GET /products  ->  200  (10.5ms)
========================================================================

  _     ._   __/__   _ _  _  _ _/_   Recorded: 13:03:11  Samples:  11
 /_//_/// /_\ / //_// / //_'/ //     Duration: 0.010     CPU time: 0.010
/   _/                      v5.1.2

Profile at /code/pystack/pybend/src/pybend/example/../../pybend/core/tests/profiling/middleware.py:57

0.010 Handle._run  asyncio/events.py:86
├─ 0.009 coro  starlette/middleware/base.py:136
│     [21 frames hidden]  starlette, fastapi, pydantic
│        0.004 run_endpoint_function  fastapi/routing.py:204
│        └─ 0.004 list_all_instances  pybend/core/api/routes_fastapi.py:93
│           └─ 0.004 Product.list  pybend/core/models/storable_mixin.py:91
│              └─ 0.004 SQLiteStorage.list  pybend/core/storage/sqlite_storage.py:85
│                 ├─ 0.003 SQLiteStorage._populate_fields  pybend/core/storage/sqlite_storage.py:286
│                 │  ├─ 0.002 ProductLike.__init__  pybend/core/models/proto_model.py:96
│                 │  │  ├─ 0.001 SchemaValidator.validate_python  <built-in>
│                 │  │  └─ 0.001 ProductComment.__setattr__  pydantic/main.py:813
│                 │  └─ 0.001 get_ref_fields  pybend/core/utils/introspection.py:181
│                 │     └─ 0.001 _is_self_ref  pybend/core/utils/introspection.py:206
│                 │        └─ 0.001 _AnnotatedAlias.__eq__  typing.py:2016
│                 └─ 0.001 [self]  pybend/core/storage/sqlite_storage.py
└─ 0.001 RequestResponseCycle.run_asgi  uvicorn/protocols/http/h11_impl.py:401
      [3 frames hidden]  uvicorn, fastapi, starlette
         0.001 ServerErrorMiddleware.__call__  starlette/middleware/errors.py:150
         └─ 0.001 ProfilingMiddleware.__call__  pybend/core/tests/profiling/middleware.py:35
            └─ 0.001 JWTAuthMiddleware.__call__  starlette/middleware/base.py:98
               ├─ 0.001 _StreamingResponse.__call__  starlette/middleware/base.py:205
               │  └─ 0.001 send_wrapper  pybend/core/tests/profiling/middleware.py:48
               │     └─ 0.001 _send  starlette/middleware/errors.py:157
               │           [3 frames hidden]  uvicorn, asyncio, <built-in>
               └─ 0.000 JWTAuthMiddleware.dispatch  pybend/core/api/backend.py:92



========================================================================
GET /products  ->  200  (20.4ms)
========================================================================

  _     ._   __/__   _ _  _  _ _/_   Recorded: 13:03:11  Samples:  20
 /_//_/// /_\ / //_// / //_'/ //     Duration: 0.020     CPU time: 0.020
/   _/                      v5.1.2

Profile at /code/pystack/pybend/src/pybend/example/../../pybend/core/tests/profiling/middleware.py:57

0.020 Handle._run  asyncio/events.py:86
└─ 0.020 coro  starlette/middleware/base.py:136
      [30 frames hidden]  starlette, fastapi, <built-in>, datac...
         0.009 run_endpoint_function  fastapi/routing.py:204
         └─ 0.009 list_all_instances  pybend/core/api/routes_fastapi.py:93
            └─ 0.009 Product.list  pybend/core/models/storable_mixin.py:91
               └─ 0.009 SQLiteStorage.list  pybend/core/storage/sqlite_storage.py:85
                  └─ 0.009 SQLiteStorage._populate_fields  pybend/core/storage/sqlite_storage.py:286
                     ├─ 0.007 SQLiteStorage._populate_fields  pybend/core/storage/sqlite_storage.py:286
                     │  ├─ 0.002 Cursor.fetchall  <built-in>
                     │  ├─ 0.002 [self]  pybend/core/storage/sqlite_storage.py
                     │  ├─ 0.001 Cursor.execute  <built-in>
                     │  ├─ 0.001 get_list_fields  pybend/core/utils/introspection.py:138
                     │  │  └─ 0.001 _unwrap_listref  pybend/core/utils/introspection.py:121
                     │  │     └─ 0.001 _GenericAlias.__getattr__  typing.py:1178
                     │  │        └─ 0.001 _is_dunder  typing.py:1134
                     │  └─ 0.001 get_ref_fields  pybend/core/utils/introspection.py:181
                     │     └─ 0.001 get_origin  typing.py:2310
                     ├─ 0.001 _validate_identifier  pybend/core/storage/sqlite_storage.py:20
                     │  └─ 0.001 match  re/__init__.py:164
                     │     └─ 0.001 Pattern.match  <built-in>
                     └─ 0.001 PopulateSpec.child_spec  pybend/core/utils/populate.py:45
                        └─ 0.001 PopulateSpec.__init__  <string>:2



========================================================================
GET /products  ->  200  (24.3ms)
========================================================================

  _     ._   __/__   _ _  _  _ _/_   Recorded: 13:03:11  Samples:  24
 /_//_/// /_\ / //_// / //_'/ //     Duration: 0.024     CPU time: 0.024
/   _/                      v5.1.2

Profile at /code/pystack/pybend/src/pybend/example/../../pybend/core/tests/profiling/middleware.py:57

0.024 Handle._run  asyncio/events.py:86
├─ 0.023 coro  starlette/middleware/base.py:136
│     [36 frames hidden]  starlette, fastapi, dataclasses, <bui...
│        0.011 run_endpoint_function  fastapi/routing.py:204
│        └─ 0.011 list_all_instances  pybend/core/api/routes_fastapi.py:93
│           └─ 0.011 Product.list  pybend/core/models/storable_mixin.py:91
│              └─ 0.011 SQLiteStorage.list  pybend/core/storage/sqlite_storage.py:85
│                 ├─ 0.010 SQLiteStorage._populate_fields  pybend/core/storage/sqlite_storage.py:286
│                 │  ├─ 0.008 SQLiteStorage._populate_fields  pybend/core/storage/sqlite_storage.py:286
│                 │  │  ├─ 0.003 get_ref_fields  pybend/core/utils/introspection.py:181
│                 │  │  │  ├─ 0.002 _is_self_ref  pybend/core/utils/introspection.py:206
│                 │  │  │  │  ├─ 0.001 _GenericAlias.__getattr__  typing.py:1178
│                 │  │  │  │  │     [2 frames hidden]  typing, <built-in>
│                 │  │  │  │  └─ 0.001 get_args  typing.py:2340
│                 │  │  │  └─ 0.001 get_origin  typing.py:2310
│                 │  │  ├─ 0.002 CommentLike.__init__  pybend/core/models/proto_model.py:96
│                 │  │  │  ├─ 0.001 SchemaValidator.validate_python  <built-in>
│                 │  │  │  └─ 0.001 [self]  pybend/core/models/proto_model.py
│                 │  │  ├─ 0.001 get_list_fields  pybend/core/utils/introspection.py:138
│                 │  │  ├─ 0.001 _validate_identifier  pybend/core/storage/sqlite_storage.py:20
│                 │  │  └─ 0.001 getattr  <built-in>
│                 │  ├─ 0.001 ProductComment.__init__  pybend/core/models/proto_model.py:96
│                 │  │  └─ 0.001 ModelMetaclass.__instancecheck__  pydantic/_internal/_model_construction.py:248
│                 │  └─ 0.001 dict.get  <built-in>
│                 └─ 0.001 [self]  pybend/core/storage/sqlite_storage.py
└─ 0.001 RequestResponseCycle.run_asgi  uvicorn/protocols/http/h11_impl.py:401
      [3 frames hidden]  uvicorn, fastapi, starlette
         0.001 ServerErrorMiddleware.__call__  starlette/middleware/errors.py:150
         └─ 0.001 ProfilingMiddleware.__call__  pybend/core/tests/profiling/middleware.py:35
            └─ 0.001 JWTAuthMiddleware.__call__  starlette/middleware/base.py:98
               └─ 0.001 _StreamingResponse.__call__  starlette/middleware/base.py:205
                  └─ 0.001 send_wrapper  pybend/core/tests/profiling/middleware.py:48
                     └─ 0.001 _send  starlette/middleware/errors.py:157
                           [3 frames hidden]  uvicorn, asyncio, <built-in>



========================================================================
GET /products  ->  200  (3.1ms)
========================================================================

  _     ._   __/__   _ _  _  _ _/_   Recorded: 13:03:11  Samples:  3
 /_//_/// /_\ / //_// / //_'/ //     Duration: 0.003     CPU time: 0.003
/   _/                      v5.1.2

Profile at /code/pystack/pybend/src/pybend/example/../../pybend/core/tests/profiling/middleware.py:57

0.003 Handle._run  asyncio/events.py:86
├─ 0.002 coro  starlette/middleware/base.py:136
│     [14 frames hidden]  starlette, fastapi
│        0.001 jsonable_encoder  fastapi/encoders.py:102
│        0.001 run_endpoint_function  fastapi/routing.py:204
│        └─ 0.001 list_all_instances  pybend/core/api/routes_fastapi.py:93
│           └─ 0.001 Product.list  pybend/core/models/storable_mixin.py:91
│              └─ 0.001 SQLiteStorage.list  pybend/core/storage/sqlite_storage.py:85
│                 └─ 0.001 Cursor.execute  <built-in>
└─ 0.001 RequestResponseCycle.run_asgi  uvicorn/protocols/http/h11_impl.py:401
      [3 frames hidden]  uvicorn, fastapi, starlette
         0.001 ServerErrorMiddleware.__call__  starlette/middleware/errors.py:150
         └─ 0.001 ProfilingMiddleware.__call__  pybend/core/tests/profiling/middleware.py:35
            └─ 0.001 JWTAuthMiddleware.__call__  starlette/middleware/base.py:98
               └─ 0.001 TaskGroup.__aexit__  anyio/_backends/_asyncio.py:735
                  └─ 0.001 _UnixSelectorEventLoop.create_future  asyncio/base_events.py:447



========================================================================
GET /users  ->  200  (2.8ms)
========================================================================

  _     ._   __/__   _ _  _  _ _/_   Recorded: 13:03:11  Samples:  2
 /_//_/// /_\ / //_// / //_'/ //     Duration: 0.003     CPU time: 0.003
/   _/                      v5.1.2

Profile at /code/pystack/pybend/src/pybend/example/../../pybend/core/tests/profiling/middleware.py:57

0.002 Handle._run  asyncio/events.py:86
└─ 0.002 coro  starlette/middleware/base.py:136
      [13 frames hidden]  starlette, fastapi
         0.001 jsonable_encoder  fastapi/encoders.py:102
         0.001 run_endpoint_function  fastapi/routing.py:204
         └─ 0.001 list_all_instances  pybend/core/api/routes_fastapi.py:93
            └─ 0.001 _build_context  pybend/core/api/routes_fastapi.py:25
               └─ 0.001 _get_user  pybend/core/api/routes_fastapi.py:20
                  └─ 0.001 Request.state  starlette/requests.py:172
                     └─ 0.001 hasattr  <built-in>



========================================================================
GET /products/1  ->  200  (2.0ms)
========================================================================

  _     ._   __/__   _ _  _  _ _/_   Recorded: 13:03:11  Samples:  2
 /_//_/// /_\ / //_// / //_'/ //     Duration: 0.002     CPU time: 0.002
/   _/                      v5.1.2

Profile at /code/pystack/pybend/src/pybend/example/../../pybend/core/tests/profiling/middleware.py:57

0.001 Handle._run  asyncio/events.py:86
├─ 0.001 RequestResponseCycle.run_asgi  uvicorn/protocols/http/h11_impl.py:401
│     [3 frames hidden]  uvicorn, fastapi, starlette
│        0.001 ServerErrorMiddleware.__call__  starlette/middleware/errors.py:150
│        └─ 0.001 ProfilingMiddleware.__call__  pybend/core/tests/profiling/middleware.py:35
│           └─ 0.001 JWTAuthMiddleware.__call__  starlette/middleware/base.py:98
│              └─ 0.001 _StreamingResponse.__call__  starlette/middleware/base.py:205
│                 └─ 0.001 send_wrapper  pybend/core/tests/profiling/middleware.py:48
│                    └─ 0.001 _send  starlette/middleware/errors.py:157
│                          [2 frames hidden]  uvicorn, asyncio
│                             0.001 socket.send  <built-in>
└─ 0.000 coro  starlette/middleware/base.py:136
      [7 frames hidden]  starlette, fastapi
         0.000 get_route_path  starlette/_utils.py:85



========================================================================
GET /products/2  ->  200  (1.8ms)
========================================================================

  _     ._   __/__   _ _  _  _ _/_   Recorded: 13:03:11  Samples:  1
 /_//_/// /_\ / //_// / //_'/ //     Duration: 0.002     CPU time: 0.002
/   _/                      v5.1.2

Profile at /code/pystack/pybend/src/pybend/example/../../pybend/core/tests/profiling/middleware.py:57

0.001 Handle._run  asyncio/events.py:86
└─ 0.001 coro  starlette/middleware/base.py:136
      [13 frames hidden]  starlette, fastapi
         0.001 isinstance  <built-in>



========================================================================
GET /products/3  ->  200  (1.8ms)
========================================================================

  _     ._   __/__   _ _  _  _ _/_   Recorded: 13:03:11  Samples:  2
 /_//_/// /_\ / //_// / //_'/ //     Duration: 0.002     CPU time: 0.002
/   _/                      v5.1.2

Profile at /code/pystack/pybend/src/pybend/example/../../pybend/core/tests/profiling/middleware.py:57

0.001 ProfilingMiddleware.__call__  pybend/core/tests/profiling/middleware.py:35
└─ 0.001 JWTAuthMiddleware.__call__  starlette/middleware/base.py:98
      [4 frames hidden]  anyio, asyncio
         0.001 JWTAuthMiddleware.dispatch  pybend/core/api/backend.py:92



========================================================================
GET /products/1  ->  200  (2.6ms)
========================================================================

  _     ._   __/__   _ _  _  _ _/_   Recorded: 13:03:11  Samples:  3
 /_//_/// /_\ / //_// / //_'/ //     Duration: 0.003     CPU time: 0.003
/   _/                      v5.1.2

Profile at /code/pystack/pybend/src/pybend/example/../../pybend/core/tests/profiling/middleware.py:57

0.003 _UnixSelectorEventLoop._run_once  asyncio/base_events.py:1910
├─ 0.001 Handle._run  asyncio/events.py:86
│     [18 frames hidden]  starlette, fastapi
│        0.001 isinstance  <built-in>
│        0.001 request_params_to_args  fastapi/dependencies/utils.py:740
└─ 0.001 [self]  asyncio/base_events.py



========================================================================
GET /products/2  ->  200  (2.5ms)
========================================================================

  _     ._   __/__   _ _  _  _ _/_   Recorded: 13:03:11  Samples:  3
 /_//_/// /_\ / //_// / //_'/ //     Duration: 0.002     CPU time: 0.002
/   _/                      v5.1.2

Profile at /code/pystack/pybend/src/pybend/example/../../pybend/core/tests/profiling/middleware.py:57

0.002 Handle._run  asyncio/events.py:86
├─ 0.001 coro  starlette/middleware/base.py:136
│     [13 frames hidden]  starlette, fastapi
│        0.001 jsonable_encoder  fastapi/encoders.py:102
│        0.000 run_endpoint_function  fastapi/routing.py:204
│        └─ 0.000 read_instance  pybend/core/api/routes_fastapi.py:184
│           └─ 0.000 Product.get  pybend/core/models/storable_mixin.py:102
│              └─ 0.000 SQLiteStorage.get  pybend/core/storage/sqlite_storage.py:204
└─ 0.001 RequestResponseCycle.run_asgi  uvicorn/protocols/http/h11_impl.py:401
      [3 frames hidden]  uvicorn, fastapi, starlette
         0.001 ServerErrorMiddleware.__call__  starlette/middleware/errors.py:150
         └─ 0.001 ProfilingMiddleware.__call__  pybend/core/tests/profiling/middleware.py:35
            └─ 0.001 Profiler.stop  pyinstrument/profiler.py:171
               └─ 0.001 StackSampler.unsubscribe  pyinstrument/stack_sampler.py:100



========================================================================
GET /products/3  ->  200  (2.5ms)
========================================================================

  _     ._   __/__   _ _  _  _ _/_   Recorded: 13:03:11  Samples:  3
 /_//_/// /_\ / //_// / //_'/ //     Duration: 0.003     CPU time: 0.003
/   _/                      v5.1.2

Profile at /code/pystack/pybend/src/pybend/example/../../pybend/core/tests/profiling/middleware.py:57

0.002 _UnixSelectorEventLoop._run_once  asyncio/base_events.py:1910
├─ 0.002 Handle._run  asyncio/events.py:86
│     [15 frames hidden]  uvicorn, fastapi, starlette
│        0.001 ServerErrorMiddleware.__call__  starlette/middleware/errors.py:150
│        └─ 0.001 ProfilingMiddleware.__call__  pybend/core/tests/profiling/middleware.py:35
│           └─ 0.001 JWTAuthMiddleware.__call__  starlette/middleware/base.py:98
│              └─ 0.001 Event.set  anyio/_backends/_asyncio.py:1779
│                 └─ 0.001 Event.set  asyncio/locks.py:181
│        0.001 run_endpoint_function  fastapi/routing.py:204
│        └─ 0.001 read_instance  pybend/core/api/routes_fastapi.py:184
│           └─ 0.001 _build_context  pybend/core/api/routes_fastapi.py:25
│              └─ 0.001 _get_user  pybend/core/api/routes_fastapi.py:20
│                 └─ 0.001 Request.state  starlette/requests.py:172
│                    └─ 0.001 State.__init__  starlette/datastructures.py:658
└─ 0.000 [self]  asyncio/base_events.py



========================================================================
GET /products/1  ->  200  (3.6ms)
========================================================================

  _     ._   __/__   _ _  _  _ _/_   Recorded: 13:03:11  Samples:  3
 /_//_/// /_\ / //_// / //_'/ //     Duration: 0.004     CPU time: 0.004
/   _/                      v5.1.2

Profile at /code/pystack/pybend/src/pybend/example/../../pybend/core/tests/profiling/middleware.py:57

0.003 Handle._run  asyncio/events.py:86
├─ 0.002 coro  starlette/middleware/base.py:136
│     [16 frames hidden]  starlette, fastapi
│        0.001 isinstance  <built-in>
│        0.001 run_endpoint_function  fastapi/routing.py:204
│        └─ 0.001 read_instance  pybend/core/api/routes_fastapi.py:184
│           └─ 0.001 Product.get  pybend/core/models/storable_mixin.py:102
│              └─ 0.001 SQLiteStorage.get  pybend/core/storage/sqlite_storage.py:204
│                 └─ 0.001 SQLiteStorage._populate_fields  pybend/core/storage/sqlite_storage.py:286
│                    └─ 0.001 Cursor.fetchall  <built-in>
└─ 0.001 RequestResponseCycle.run_asgi  uvicorn/protocols/http/h11_impl.py:401
      [3 frames hidden]  uvicorn, fastapi, starlette
         0.001 ServerErrorMiddleware.__call__  starlette/middleware/errors.py:150



========================================================================
GET /products/2  ->  200  (3.8ms)
========================================================================

  _     ._   __/__   _ _  _  _ _/_   Recorded: 13:03:11  Samples:  4
 /_//_/// /_\ / //_// / //_'/ //     Duration: 0.004     CPU time: 0.004
/   _/                      v5.1.2

Profile at /code/pystack/pybend/src/pybend/example/../../pybend/core/tests/profiling/middleware.py:57

0.003 Handle._run  asyncio/events.py:86
├─ 0.002 coro  starlette/middleware/base.py:136
│     [26 frames hidden]  starlette, fastapi, pydantic, typing,...
│        0.001 ModelMetaclass.__instancecheck__  pydantic/_internal/_model_construction.py:248
│        0.001 run_endpoint_function  fastapi/routing.py:204
│        └─ 0.001 read_instance  pybend/core/api/routes_fastapi.py:184
│           └─ 0.001 Product.get  pybend/core/models/storable_mixin.py:102
│              └─ 0.001 SQLiteStorage.get  pybend/core/storage/sqlite_storage.py:204
│                 └─ 0.001 SQLiteStorage._populate_fields  pybend/core/storage/sqlite_storage.py:286
│                    └─ 0.001 SQLiteStorage._populate_fields  pybend/core/storage/sqlite_storage.py:286
│                       └─ 0.001 CommentLike.model_dump  pybend/core/models/proto_model.py:117
└─ 0.001 RequestResponseCycle.run_asgi  uvicorn/protocols/http/h11_impl.py:401
      [3 frames hidden]  uvicorn, fastapi, starlette
         0.001 ServerErrorMiddleware.__call__  starlette/middleware/errors.py:150
         └─ 0.001 ProfilingMiddleware.__call__  pybend/core/tests/profiling/middleware.py:35
            └─ 0.001 JWTAuthMiddleware.__call__  starlette/middleware/base.py:98
               └─ 0.001 _StreamingResponse.__call__  starlette/middleware/base.py:205
                  └─ 0.001 send_wrapper  pybend/core/tests/profiling/middleware.py:48
                     └─ 0.001 _send  starlette/middleware/errors.py:157
                           [2 frames hidden]  uvicorn, h11
                              0.001 Connection.send_with_data_passthrough  h11/_connection.py:544



========================================================================
GET /products/3  ->  200  (4.5ms)
========================================================================

  _     ._   __/__   _ _  _  _ _/_   Recorded: 13:03:11  Samples:  5
 /_//_/// /_\ / //_// / //_'/ //     Duration: 0.004     CPU time: 0.004
/   _/                      v5.1.2

Profile at /code/pystack/pybend/src/pybend/example/../../pybend/core/tests/profiling/middleware.py:57

0.004 Handle._run  asyncio/events.py:86
├─ 0.003 coro  starlette/middleware/base.py:136
│     [16 frames hidden]  starlette, fastapi
│        0.002 run_endpoint_function  fastapi/routing.py:204
│        └─ 0.002 read_instance  pybend/core/api/routes_fastapi.py:184
│           └─ 0.002 Product.get  pybend/core/models/storable_mixin.py:102
│              └─ 0.002 SQLiteStorage.get  pybend/core/storage/sqlite_storage.py:204
│                 └─ 0.002 SQLiteStorage._populate_fields  pybend/core/storage/sqlite_storage.py:286
│                    ├─ 0.001 dict.setdefault  <built-in>
│                    └─ 0.001 ProductLike.__init__  pybend/core/models/proto_model.py:96
│                       └─ 0.001 SchemaValidator.validate_python  <built-in>
│        0.001 str.startswith  <built-in>
├─ 0.001 task_done  anyio/_backends/_asyncio.py:805
│  └─ 0.001 WeakKeyDictionary.__getitem__  weakref.py:414
└─ 0.000 RequestResponseCycle.run_asgi  uvicorn/protocols/http/h11_impl.py:401
      [3 frames hidden]  uvicorn, fastapi, starlette
         0.000 ServerErrorMiddleware.__call__  starlette/middleware/errors.py:150
         └─ 0.000 ProfilingMiddleware.__call__  pybend/core/tests/profiling/middleware.py:35
            └─ 0.000 JWTAuthMiddleware.__call__  starlette/middleware/base.py:98
               └─ 0.000 JWTAuthMiddleware.dispatch  pybend/core/api/backend.py:92
                  └─ 0.000 decode_token  pybend/core/authorize/auth.py:57
                     └─ 0.000 PyJWT.decode  jwt/api_jwt.py:306



========================================================================
GET /users/1  ->  200  (1.9ms)
========================================================================

  _     ._   __/__   _ _  _  _ _/_   Recorded: 13:03:11  Samples:  2
 /_//_/// /_\ / //_// / //_'/ //     Duration: 0.002     CPU time: 0.002
/   _/                      v5.1.2

Profile at /code/pystack/pybend/src/pybend/example/../../pybend/core/tests/profiling/middleware.py:57

0.001 ProfilingMiddleware.__call__  pybend/core/tests/profiling/middleware.py:35
└─ 0.001 JWTAuthMiddleware.__call__  starlette/middleware/base.py:98
   ├─ 0.001 _StreamingResponse.__call__  starlette/middleware/base.py:205
   │  └─ 0.001 send_wrapper  pybend/core/tests/profiling/middleware.py:48
   │     └─ 0.001 _send  starlette/middleware/errors.py:157
   │           [8 frames hidden]  uvicorn, logging
   │              0.001 TextIOWrapper.flush  <built-in>
   └─ 0.000 JWTAuthMiddleware.dispatch  pybend/core/api/backend.py:92
      └─ 0.000 call_next  starlette/middleware/base.py:109
            [4 frames hidden]  anyio
               0.000 current_async_library  sniffio/_impl.py:25



========================================================================
GET /products/1/comments  ->  200  (3.5ms)
========================================================================

  _     ._   __/__   _ _  _  _ _/_   Recorded: 13:03:11  Samples:  4
 /_//_/// /_\ / //_// / //_'/ //     Duration: 0.003     CPU time: 0.003
/   _/                      v5.1.2

Profile at /code/pystack/pybend/src/pybend/example/../../pybend/core/tests/profiling/middleware.py:57

0.003 Handle._run  asyncio/events.py:86
├─ 0.002 coro  starlette/middleware/base.py:136
│     [14 frames hidden]  starlette, fastapi
│        0.001 isinstance  <built-in>
│        0.001 run_endpoint_function  fastapi/routing.py:204
│        └─ 0.001 list_all_instances  pybend/core/api/routes_fastapi.py:93
│           └─ 0.001 ProductComment.list  pybend/core/models/storable_mixin.py:91
│              └─ 0.001 SQLiteStorage.list  pybend/core/storage/sqlite_storage.py:85
│                 └─ 0.001 list.append  <built-in>
└─ 0.001 RequestResponseCycle.run_asgi  uvicorn/protocols/http/h11_impl.py:401
      [3 frames hidden]  uvicorn, fastapi, starlette
         0.001 ServerErrorMiddleware.__call__  starlette/middleware/errors.py:150
         └─ 0.001 ProfilingMiddleware.__call__  pybend/core/tests/profiling/middleware.py:35
            └─ 0.001 JWTAuthMiddleware.__call__  starlette/middleware/base.py:98
               ├─ 0.001 _StreamingResponse.__call__  starlette/middleware/base.py:205
               │  └─ 0.001 send_wrapper  pybend/core/tests/profiling/middleware.py:48
               │     └─ 0.001 _send  starlette/middleware/errors.py:157
               │           [3 frames hidden]  uvicorn, asyncio
               │              0.001 _UnixSelectorEventLoop.call_at  asyncio/base_events.py:767
               └─ 0.000 [self]  starlette/middleware/base.py



========================================================================
GET /products/2/comments  ->  200  (4.6ms)
========================================================================

  _     ._   __/__   _ _  _  _ _/_   Recorded: 13:03:11  Samples:  5
 /_//_/// /_\ / //_// / //_'/ //     Duration: 0.005     CPU time: 0.005
/   _/                      v5.1.2

Profile at /code/pystack/pybend/src/pybend/example/../../pybend/core/tests/profiling/middleware.py:57

0.004 Handle._run  asyncio/events.py:86
├─ 0.003 coro  starlette/middleware/base.py:136
│     [16 frames hidden]  starlette, fastapi, dataclasses, <bui...
│        0.002 run_endpoint_function  fastapi/routing.py:204
│        └─ 0.002 list_all_instances  pybend/core/api/routes_fastapi.py:93
│           └─ 0.002 ProductComment.list  pybend/core/models/storable_mixin.py:91
│              └─ 0.002 SQLiteStorage.list  pybend/core/storage/sqlite_storage.py:85
│                 ├─ 0.001 ProductComment.__init__  pybend/core/models/proto_model.py:96
│                 │  └─ 0.001 ModelMetaclass.__instancecheck__  pydantic/_internal/_model_construction.py:248
│                 └─ 0.001 Cursor.execute  <built-in>
└─ 0.001 RequestResponseCycle.run_asgi  uvicorn/protocols/http/h11_impl.py:401
      [3 frames hidden]  uvicorn, fastapi, starlette
         0.001 ServerErrorMiddleware.__call__  starlette/middleware/errors.py:150
         └─ 0.001 ProfilingMiddleware.__call__  pybend/core/tests/profiling/middleware.py:35
            └─ 0.001 JWTAuthMiddleware.__call__  starlette/middleware/base.py:98
               ├─ 0.001 _StreamingResponse.__call__  starlette/middleware/base.py:205
               │  └─ 0.001 send_wrapper  pybend/core/tests/profiling/middleware.py:48
               │     └─ 0.001 _send  starlette/middleware/errors.py:157
               │           [3 frames hidden]  uvicorn
               │              0.001 Connection.next_event  h11/_connection.py:438
               └─ 0.000 JWTAuthMiddleware.dispatch  pybend/core/api/backend.py:92
                  └─ 0.000 decode_token  pybend/core/authorize/auth.py:57
                     └─ 0.000 PyJWT.decode  jwt/api_jwt.py:306
                           [2 frames hidden]  jwt



========================================================================
GET /products/1/favorites  ->  200  (2.1ms)
========================================================================

  _     ._   __/__   _ _  _  _ _/_   Recorded: 13:03:11  Samples:  2
 /_//_/// /_\ / //_// / //_'/ //     Duration: 0.002     CPU time: 0.002
/   _/                      v5.1.2

Profile at /code/pystack/pybend/src/pybend/example/../../pybend/core/tests/profiling/middleware.py:57

0.001 Handle._run  asyncio/events.py:86
├─ 0.001 coro  starlette/middleware/base.py:136
│     [10 frames hidden]  starlette, fastapi
│        0.001 run_endpoint_function  fastapi/routing.py:204
│        └─ 0.001 list_all_instances  pybend/core/api/routes_fastapi.py:93
│           └─ 0.001 ProductLike.list  pybend/core/models/storable_mixin.py:91
│              └─ 0.001 SQLiteStorage.list  pybend/core/storage/sqlite_storage.py:85
│                 └─ 0.001 ProductLike.__init__  pybend/core/models/proto_model.py:96
│                    └─ 0.001 SchemaValidator.validate_python  <built-in>
└─ 0.000 RequestResponseCycle.run_asgi  uvicorn/protocols/http/h11_impl.py:401
      [3 frames hidden]  uvicorn, fastapi, starlette
         0.000 ServerErrorMiddleware.__call__  starlette/middleware/errors.py:150
         └─ 0.000 ProfilingMiddleware.__call__  pybend/core/tests/profiling/middleware.py:35
            └─ 0.000 JWTAuthMiddleware.__call__  starlette/middleware/base.py:98
                  [2 frames hidden]  starlette



========================================================================
GET /products/2/favorites  ->  200  (2.3ms)
========================================================================

  _     ._   __/__   _ _  _  _ _/_   Recorded: 13:03:11  Samples:  3
 /_//_/// /_\ / //_// / //_'/ //     Duration: 0.002     CPU time: 0.002
/   _/                      v5.1.2

Profile at /code/pystack/pybend/src/pybend/example/../../pybend/core/tests/profiling/middleware.py:57

0.002 Handle._run  asyncio/events.py:86
├─ 0.001 coro  starlette/middleware/base.py:136
│     [4 frames hidden]  starlette
│        0.001 APIRouter.app  starlette/routing.py:716
├─ 0.001 _SelectorSocketTransport._call_connection_lost  asyncio/selector_events.py:1191
│     [6 frames hidden]  asyncio, uvicorn, h11
│        0.001 Connection._get_io_object  h11/_connection.py:320
└─ 0.000 RequestResponseCycle.run_asgi  uvicorn/protocols/http/h11_impl.py:401
      [3 frames hidden]  uvicorn, fastapi, starlette
         0.000 ServerErrorMiddleware.__call__  starlette/middleware/errors.py:150
         └─ 0.000 ProfilingMiddleware.__call__  pybend/core/tests/profiling/middleware.py:35
            └─ 0.000 JWTAuthMiddleware.__call__  starlette/middleware/base.py:98
                  [4 frames hidden]  anyio



========================================================================
POST /users/login  ->  200  (190.3ms)
========================================================================

  _     ._   __/__   _ _  _  _ _/_   Recorded: 13:03:11  Samples:  3
 /_//_/// /_\ / //_// / //_'/ //     Duration: 0.190     CPU time: 0.190
/   _/                      v5.1.2

Profile at /code/pystack/pybend/src/pybend/example/../../pybend/core/tests/profiling/middleware.py:57

0.189 Handle._run  asyncio/events.py:86
└─ 0.189 coro  starlette/middleware/base.py:136
      [10 frames hidden]  starlette, fastapi
         0.189 run_endpoint_function  fastapi/routing.py:204
         └─ 0.189 post_no_id  pybend/core/api/routes_fastapi.py:336
            └─ 0.189 User.login  pybend/core/models/base_user.py:74
               └─ 0.189 verify_password  pybend/core/authorize/auth.py:42
                  └─ 0.189 checkpw  <built-in>



========================================================================
POST /products  ->  201  (22.7ms)
========================================================================

  _     ._   __/__   _ _  _  _ _/_   Recorded: 13:03:11  Samples:  8
 /_//_/// /_\ / //_// / //_'/ //     Duration: 0.023     CPU time: 0.007
/   _/                      v5.1.2

Profile at /code/pystack/pybend/src/pybend/example/../../pybend/core/tests/profiling/middleware.py:57

0.023 Handle._run  asyncio/events.py:86
├─ 0.021 coro  starlette/middleware/base.py:136
│     [37 frames hidden]  starlette, fastapi, <string>, pydanti...
│        0.018 run_endpoint_function  fastapi/routing.py:204
│        └─ 0.018 create_instance  pybend/core/api/routes_fastapi.py:60
│           ├─ 0.017 Product.create  pybend/core/models/storable_mixin.py:63
│           │  └─ 0.017 SQLiteStorage.create  pybend/core/storage/sqlite_storage.py:53
│           │     └─ 0.017 Connection.commit  <built-in>
│           └─ 0.001 Product.__init__  pybend/core/models/proto_model.py:96
│              └─ 0.001 SchemaValidator.validate_python  <built-in>
├─ 0.001 RequestResponseCycle.run_asgi  uvicorn/protocols/http/h11_impl.py:401
│     [3 frames hidden]  uvicorn, fastapi, starlette
│        0.001 ServerErrorMiddleware.__call__  starlette/middleware/errors.py:150
│        └─ 0.001 ProfilingMiddleware.__call__  pybend/core/tests/profiling/middleware.py:35
│           └─ 0.001 Profiler.stop  pyinstrument/profiler.py:171
│              └─ 0.001 StackSampler.unsubscribe  pyinstrument/stack_sampler.py:100
└─ 0.000 [self]  asyncio/events.py



========================================================================
POST /products  ->  201  (11.1ms)
========================================================================

  _     ._   __/__   _ _  _  _ _/_   Recorded: 13:03:11  Samples:  4
 /_//_/// /_\ / //_// / //_'/ //     Duration: 0.011     CPU time: 0.003
/   _/                      v5.1.2

Profile at /code/pystack/pybend/src/pybend/example/../../pybend/core/tests/profiling/middleware.py:57

0.011 Handle._run  asyncio/events.py:86
├─ 0.010 coro  starlette/middleware/base.py:136
│     [11 frames hidden]  starlette, fastapi
│        0.009 run_endpoint_function  fastapi/routing.py:204
│        └─ 0.009 create_instance  pybend/core/api/routes_fastapi.py:60
│           └─ 0.009 Product.create  pybend/core/models/storable_mixin.py:63
│              └─ 0.009 SQLiteStorage.create  pybend/core/storage/sqlite_storage.py:53
│                 └─ 0.009 Connection.commit  <built-in>
└─ 0.001 [self]  asyncio/events.py



========================================================================
POST /products  ->  201  (11.7ms)
========================================================================

  _     ._   __/__   _ _  _  _ _/_   Recorded: 13:03:11  Samples:  5
 /_//_/// /_\ / //_// / //_'/ //     Duration: 0.012     CPU time: 0.004
/   _/                      v5.1.2

Profile at /code/pystack/pybend/src/pybend/example/../../pybend/core/tests/profiling/middleware.py:57

0.011 Handle._run  asyncio/events.py:86
├─ 0.010 coro  starlette/middleware/base.py:136
│     [13 frames hidden]  starlette, fastapi
│        0.009 run_endpoint_function  fastapi/routing.py:204
│        └─ 0.009 create_instance  pybend/core/api/routes_fastapi.py:60
│           └─ 0.009 Product.create  pybend/core/models/storable_mixin.py:63
│              └─ 0.009 SQLiteStorage.create  pybend/core/storage/sqlite_storage.py:53
│                 ├─ 0.009 Connection.commit  <built-in>
│                 └─ 0.000 Logger.info  logging/__init__.py:1529
│                       [10 frames hidden]  logging
└─ 0.001 RequestResponseCycle.run_asgi  uvicorn/protocols/http/h11_impl.py:401
      [3 frames hidden]  uvicorn, fastapi, starlette
         0.001 ServerErrorMiddleware.__call__  starlette/middleware/errors.py:150
         └─ 0.001 ProfilingMiddleware.__call__  pybend/core/tests/profiling/middleware.py:35
            └─ 0.001 JWTAuthMiddleware.__call__  starlette/middleware/base.py:98
               ├─ 0.001 _StreamingResponse.__call__  starlette/middleware/base.py:205
               │  └─ 0.001 send_wrapper  pybend/core/tests/profiling/middleware.py:48
               │     └─ 0.001 _send  starlette/middleware/errors.py:157
               │           [2 frames hidden]  uvicorn
               └─ 0.000 JWTAuthMiddleware.dispatch  pybend/core/api/backend.py:92
                  └─ 0.000 decode_token  pybend/core/authorize/auth.py:57
                     └─ 0.000 PyJWT.decode  jwt/api_jwt.py:306
                           [5 frames hidden]  jwt



========================================================================
POST /products/1/comment  ->  200  (11.8ms)
========================================================================

  _     ._   __/__   _ _  _  _ _/_   Recorded: 13:03:11  Samples:  5
 /_//_/// /_\ / //_// / //_'/ //     Duration: 0.012     CPU time: 0.004
/   _/                      v5.1.2

Profile at /code/pystack/pybend/src/pybend/example/../../pybend/core/tests/profiling/middleware.py:57

0.011 Handle._run  asyncio/events.py:86
├─ 0.010 coro  starlette/middleware/base.py:136
│     [11 frames hidden]  starlette, fastapi
│        0.010 run_endpoint_function  fastapi/routing.py:204
│        └─ 0.010 post_with_id  pybend/core/api/routes_fastapi.py:300
│           ├─ 0.009 Product.comment  models/product.py:62
│           │  └─ 0.009 Comment.save  pybend/core/models/storable_mixin.py:36
│           │     └─ 0.009 Comment.create  pybend/core/models/storable_mixin.py:63
│           │        └─ 0.009 ProductComment.create  pybend/core/models/storable_mixin.py:63
│           │           └─ 0.009 SQLiteStorage.create  pybend/core/storage/sqlite_storage.py:53
│           │              └─ 0.009 Connection.commit  <built-in>
│           └─ 0.001 Product.get  pybend/core/models/storable_mixin.py:102
│              └─ 0.001 SQLiteStorage.get  pybend/core/storage/sqlite_storage.py:204
│                 └─ 0.001 Cursor.execute  <built-in>
└─ 0.001 RequestResponseCycle.run_asgi  uvicorn/protocols/http/h11_impl.py:401
      [3 frames hidden]  uvicorn, fastapi, starlette
         0.001 ServerErrorMiddleware.__call__  starlette/middleware/errors.py:150
         └─ 0.001 ProfilingMiddleware.__call__  pybend/core/tests/profiling/middleware.py:35
            └─ 0.001 JWTAuthMiddleware.__call__  starlette/middleware/base.py:98
               └─ 0.001 _StreamingResponse.__call__  starlette/middleware/base.py:205
                  └─ 0.001 send_wrapper  pybend/core/tests/profiling/middleware.py:48
                     └─ 0.001 _send  starlette/middleware/errors.py:157
                           [2 frames hidden]  uvicorn



========================================================================
POST /products/2/comment  ->  200  (12.2ms)
========================================================================

  _     ._   __/__   _ _  _  _ _/_   Recorded: 13:03:11  Samples:  4
 /_//_/// /_\ / //_// / //_'/ //     Duration: 0.012     CPU time: 0.003
/   _/                      v5.1.2

Profile at /code/pystack/pybend/src/pybend/example/../../pybend/core/tests/profiling/middleware.py:57

0.012 Handle._run  asyncio/events.py:86
├─ 0.010 coro  starlette/middleware/base.py:136
│     [10 frames hidden]  starlette, fastapi
│        0.010 run_endpoint_function  fastapi/routing.py:204
│        └─ 0.010 post_with_id  pybend/core/api/routes_fastapi.py:300
│           └─ 0.010 Product.comment  models/product.py:62
│              └─ 0.010 Comment.save  pybend/core/models/storable_mixin.py:36
│                 └─ 0.010 Comment.create  pybend/core/models/storable_mixin.py:63
│                    └─ 0.010 ProductComment.create  pybend/core/models/storable_mixin.py:63
│                       └─ 0.010 SQLiteStorage.create  pybend/core/storage/sqlite_storage.py:53
│                          ├─ 0.009 Connection.commit  <built-in>
│                          └─ 0.001 Logger.info  logging/__init__.py:1529
│                                [2 frames hidden]  logging
├─ 0.001 [self]  asyncio/events.py
└─ 0.001 wrap  starlette/middleware/base.py:116
      [3 frames hidden]  anyio, asyncio



========================================================================
POST /products/1/favorite  ->  200  (11.6ms)
========================================================================

  _     ._   __/__   _ _  _  _ _/_   Recorded: 13:03:11  Samples:  5
 /_//_/// /_\ / //_// / //_'/ //     Duration: 0.012     CPU time: 0.004
/   _/                      v5.1.2

Profile at /code/pystack/pybend/src/pybend/example/../../pybend/core/tests/profiling/middleware.py:57

0.011 Handle._run  asyncio/events.py:86
├─ 0.011 coro  starlette/middleware/base.py:136
│     [11 frames hidden]  starlette, fastapi
│        0.010 run_endpoint_function  fastapi/routing.py:204
│        └─ 0.010 post_with_id  pybend/core/api/routes_fastapi.py:300
│           ├─ 0.009 Product.favorite  models/product.py:72
│           │  └─ 0.009 ProductLike.delete  pybend/core/models/storable_mixin.py:125
│           │     └─ 0.009 SQLiteStorage.delete  pybend/core/storage/sqlite_storage.py:553
│           │        └─ 0.009 Connection.commit  <built-in>
│           └─ 0.001 Product.get  pybend/core/models/storable_mixin.py:102
│              └─ 0.001 SQLiteStorage.get  pybend/core/storage/sqlite_storage.py:204
│                 └─ 0.001 dict.get  <built-in>
└─ 0.000 RequestResponseCycle.run_asgi  uvicorn/protocols/http/h11_impl.py:401



========================================================================
POST /products/2/favorite  ->  200  (11.8ms)
========================================================================

  _     ._   __/__   _ _  _  _ _/_   Recorded: 13:03:11  Samples:  5
 /_//_/// /_\ / //_// / //_'/ //     Duration: 0.012     CPU time: 0.004
/   _/                      v5.1.2

Profile at /code/pystack/pybend/src/pybend/example/../../pybend/core/tests/profiling/middleware.py:57

0.011 Handle._run  asyncio/events.py:86
├─ 0.010 coro  starlette/middleware/base.py:136
│     [10 frames hidden]  starlette, fastapi
│        0.010 run_endpoint_function  fastapi/routing.py:204
│        └─ 0.010 post_with_id  pybend/core/api/routes_fastapi.py:300
│           └─ 0.010 Product.favorite  models/product.py:72
│              ├─ 0.009 Like.save  pybend/core/models/storable_mixin.py:36
│              │  └─ 0.009 Like.create  pybend/core/models/storable_mixin.py:63
│              │     └─ 0.009 ProductLike.create  pybend/core/models/storable_mixin.py:63
│              │        └─ 0.009 SQLiteStorage.create  pybend/core/storage/sqlite_storage.py:53
│              │           └─ 0.009 Connection.commit  <built-in>
│              └─ 0.001 [self]  models/product.py
├─ 0.001 task_done  anyio/_backends/_asyncio.py:805
│  └─ 0.001 set.remove  <built-in>
└─ 0.001 RequestResponseCycle.run_asgi  uvicorn/protocols/http/h11_impl.py:401
      [3 frames hidden]  uvicorn, fastapi, starlette
         0.001 ServerErrorMiddleware.__call__  starlette/middleware/errors.py:150
         └─ 0.001 ProfilingMiddleware.__call__  pybend/core/tests/profiling/middleware.py:35
            └─ 0.001 JWTAuthMiddleware.__call__  starlette/middleware/base.py:98
               └─ 0.000 _StreamingResponse.__call__  starlette/middleware/base.py:205
                  └─ 0.000 send_wrapper  pybend/core/tests/profiling/middleware.py:48
                     └─ 0.000 _send  starlette/middleware/errors.py:157
                           [4 frames hidden]  uvicorn, h11



========================================================================
POST /products/3/favorite  ->  200  (11.3ms)
========================================================================

  _     ._   __/__   _ _  _  _ _/_   Recorded: 13:03:11  Samples:  4
 /_//_/// /_\ / //_// / //_'/ //     Duration: 0.011     CPU time: 0.003
/   _/                      v5.1.2

Profile at /code/pystack/pybend/src/pybend/example/../../pybend/core/tests/profiling/middleware.py:57

0.010 Handle._run  asyncio/events.py:86
├─ 0.009 coro  starlette/middleware/base.py:136
│     [10 frames hidden]  starlette, fastapi
│        0.009 run_endpoint_function  fastapi/routing.py:204
│        └─ 0.009 post_with_id  pybend/core/api/routes_fastapi.py:300
│           └─ 0.009 Product.favorite  models/product.py:72
│              └─ 0.009 Like.save  pybend/core/models/storable_mixin.py:36
│                 └─ 0.009 Like.create  pybend/core/models/storable_mixin.py:63
│                    ├─ 0.008 ProductLike.create  pybend/core/models/storable_mixin.py:63
│                    │  └─ 0.008 SQLiteStorage.create  pybend/core/storage/sqlite_storage.py:53
│                    │     └─ 0.008 Connection.commit  <built-in>
│                    └─ 0.001 ProductLike.__init__  pybend/core/models/proto_model.py:96
└─ 0.001 RequestResponseCycle.run_asgi  uvicorn/protocols/http/h11_impl.py:401
      [3 frames hidden]  uvicorn, fastapi, starlette
         0.001 ServerErrorMiddleware.__call__  starlette/middleware/errors.py:150
         └─ 0.001 ProfilingMiddleware.__call__  pybend/core/tests/profiling/middleware.py:35
            └─ 0.001 JWTAuthMiddleware.__call__  starlette/middleware/base.py:98
               ├─ 0.001 _StreamingResponse.__call__  starlette/middleware/base.py:205
               │  └─ 0.001 send_wrapper  pybend/core/tests/profiling/middleware.py:48
               │     └─ 0.001 _send  starlette/middleware/errors.py:157
               │           [4 frames hidden]  uvicorn, h11
               └─ 0.000 JWTAuthMiddleware.dispatch  pybend/core/api/backend.py:92
                  └─ 0.000 call_next  starlette/middleware/base.py:109
                        [4 frames hidden]  anyio, asyncio



========================================================================
GET /Product  ->  200  (30.2ms)
========================================================================

  _     ._   __/__   _ _  _  _ _/_   Recorded: 13:03:18  Samples:  29
 /_//_/// /_\ / //_// / //_'/ //     Duration: 0.030     CPU time: 0.030
/   _/                      v5.1.2

Profile at /code/pystack/pybend/src/pybend/example/../../pybend/core/tests/profiling/middleware.py:57

0.029 Handle._run  asyncio/events.py:86
├─ 0.024 coro  starlette/middleware/base.py:136
│     [18 frames hidden]  starlette, fastapi, <built-in>
│        0.022 run_endpoint_function  fastapi/routing.py:204
│        └─ 0.022 get_model_schema  pybend/core/api/routes_fastapi.py:169
│           └─ 0.022 Product.schema  pybend/core/models/proto_model.py:197
│              ├─ 0.009 Product.referenced_json_schema  pybend/core/models/proto_model.py:319
│              │  └─ 0.009 Product.model_json_schema  pydantic/main.py:413
│              │        [19 frames hidden]  pydantic, typing, collections
│              │           0.003 new_handler_func  pydantic/json_schema.py:520
│              │           └─ 0.003 Product.__get_pydantic_json_schema__  pybend/core/models/proto_model.py:341
│              │              └─ 0.003 Product.__get_pydantic_json_schema__  pydantic/main.py:628
│              │                    [40 frames hidden]  pydantic, <built-in>, typing
│              │                       0.001 new_handler_func  pydantic/json_schema.py:520
│              │                       └─ 0.001 Comment.__get_pydantic_json_schema__  pybend/core/models/proto_model.py:341
│              │                          └─ 0.001 Comment.__get_pydantic_json_schema__  pydantic/main.py:628
│              │                                [30 frames hidden]  pydantic, contextlib
│              │           0.003 new_handler_func  pydantic/json_schema.py:520
│              │           └─ 0.003 Comment.__get_pydantic_json_schema__  pybend/core/models/proto_model.py:341
│              │              └─ 0.003 Comment.__get_pydantic_json_schema__  pydantic/main.py:628
│              │                    [42 frames hidden]  pydantic, typing
│              │                       0.001 new_handler_func  pydantic/json_schema.py:520
│              │                       └─ 0.001 Like.__get_pydantic_json_schema__  pybend/core/models/proto_model.py:341
│              │                          └─ 0.001 Like.__get_pydantic_json_schema__  pydantic/main.py:628
│              │                                [22 frames hidden]  pydantic
│              ├─ 0.009 Product.model_json_schema  pydantic/main.py:413
│              │     [17 frames hidden]  pydantic
│              │        0.007 new_handler_func  pydantic/json_schema.py:520
│              │        └─ 0.007 Product.__get_pydantic_json_schema__  pybend/core/models/proto_model.py:341
│              │           └─ 0.007 Product.__get_pydantic_json_schema__  pydantic/main.py:628
│              │                 [61 frames hidden]  pydantic, <built-in>, re
│              │                    0.002 new_handler_func  pydantic/json_schema.py:520
│              │                    └─ 0.002 Comment.__get_pydantic_json_schema__  pybend/core/models/proto_model.py:341
│              │                       └─ 0.002 Comment.__get_pydantic_json_schema__  pydantic/main.py:628
│              │                             [30 frames hidden]  pydantic, <frozen abc>, <built-in>
│              ├─ 0.002 deepcopy  copy.py:118
│              │     [10 frames hidden]  copy
│              ├─ 0.001 collect_all_referenced_models  pybend/core/utils/introspection.py:62
│              │  └─ 0.001 collect_all_referenced_models  pybend/core/utils/introspection.py:62
│              │     └─ 0.001 Comment.__pybend_methods_json_signature__  pybend/core/models/proto_model.py:139
│              │        └─ 0.001 signature  inspect.py:3308
│              │              [2 frames hidden]  inspect
│              └─ 0.001 Product.__pybend_methods_json_signature__  pybend/core/models/proto_model.py:139
│                 └─ 0.001 signature  inspect.py:3308
│                       [2 frames hidden]  inspect
└─ 0.005 RequestResponseCycle.run_asgi  uvicorn/protocols/http/h11_impl.py:401
      [3 frames hidden]  uvicorn, fastapi, starlette
         0.005 ServerErrorMiddleware.__call__  starlette/middleware/errors.py:150
         └─ 0.005 ProfilingMiddleware.__call__  pybend/core/tests/profiling/middleware.py:35
            └─ 0.005 JWTAuthMiddleware.__call__  starlette/middleware/base.py:98
                  [10 frames hidden]  anyio, importlib, <built-in>, datacla...
                     0.001 _StreamingResponse.__call__  starlette/middleware/base.py:205
                     └─ 0.001 send_wrapper  pybend/core/tests/profiling/middleware.py:48
                        └─ 0.001 _send  starlette/middleware/errors.py:157
                              [5 frames hidden]  uvicorn, logging
                     0.001 JWTAuthMiddleware.dispatch  pybend/core/api/backend.py:92
                     └─ 0.001 call_next  starlette/middleware/base.py:109
                           [2 frames hidden]  anyio



========================================================================
POST /users/login  ->  200  (189.6ms)
========================================================================

  _     ._   __/__   _ _  _  _ _/_   Recorded: 13:03:18  Samples:  4
 /_//_/// /_\ / //_// / //_'/ //     Duration: 0.190     CPU time: 0.189
/   _/                      v5.1.2

Profile at /code/pystack/pybend/src/pybend/example/../../pybend/core/tests/profiling/middleware.py:57

0.189 Handle._run  asyncio/events.py:86
└─ 0.187 coro  starlette/middleware/base.py:136
      [10 frames hidden]  starlette, fastapi
         0.187 run_endpoint_function  fastapi/routing.py:204
         └─ 0.187 post_no_id  pybend/core/api/routes_fastapi.py:336
            └─ 0.187 User.login  pybend/core/models/base_user.py:74
               └─ 0.186 verify_password  pybend/core/authorize/auth.py:42
                  └─ 0.186 checkpw  <built-in>



========================================================================
GET /Product  ->  200  (4.5ms)
========================================================================

  _     ._   __/__   _ _  _  _ _/_   Recorded: 13:03:18  Samples:  4
 /_//_/// /_\ / //_// / //_'/ //     Duration: 0.005     CPU time: 0.004
/   _/                      v5.1.2

Profile at /code/pystack/pybend/src/pybend/example/../../pybend/core/tests/profiling/middleware.py:57

0.004 Handle._run  asyncio/events.py:86
├─ 0.003 coro  starlette/middleware/base.py:136
│     [17 frames hidden]  starlette, fastapi
│        0.001 jsonable_encoder  fastapi/encoders.py:102
│        0.001 is_dataclass  dataclasses.py:1294
│        0.001 run_endpoint_function  fastapi/routing.py:204
│        └─ 0.001 get_model_schema  pybend/core/api/routes_fastapi.py:169
│           └─ 0.001 Product.schema  pybend/core/models/proto_model.py:197
│              └─ 0.001 deepcopy  copy.py:118
│                    [12 frames hidden]  copy
│                       0.001 dict.get  <built-in>
└─ 0.001 RequestResponseCycle.run_asgi  uvicorn/protocols/http/h11_impl.py:401
      [3 frames hidden]  uvicorn, fastapi, starlette
         0.001 ServerErrorMiddleware.__call__  starlette/middleware/errors.py:150
         └─ 0.001 ProfilingMiddleware.__call__  pybend/core/tests/profiling/middleware.py:35
            └─ 0.001 JWTAuthMiddleware.__call__  starlette/middleware/base.py:98
               └─ 0.001 _StreamingResponse.__call__  starlette/middleware/base.py:205
                  └─ 0.001 send_wrapper  pybend/core/tests/profiling/middleware.py:48
                     └─ 0.001 _send  starlette/middleware/errors.py:157
                           [9 frames hidden]  uvicorn, logging
                              0.001 AccessFormatter.formatMessage  uvicorn/logging.py:97



========================================================================
GET /Product  ->  200  (4.4ms)
========================================================================

  _     ._   __/__   _ _  _  _ _/_   Recorded: 13:03:18  Samples:  4
 /_//_/// /_\ / //_// / //_'/ //     Duration: 0.004     CPU time: 0.004
/   _/                      v5.1.2

Profile at /code/pystack/pybend/src/pybend/example/../../pybend/core/tests/profiling/middleware.py:57

0.004 Handle._run  asyncio/events.py:86
├─ 0.003 coro  starlette/middleware/base.py:136
│     [16 frames hidden]  starlette, fastapi
│        0.002 jsonable_encoder  fastapi/encoders.py:102
│        ├─ 0.001 jsonable_encoder  fastapi/encoders.py:102
│        └─ 0.001 [self]  fastapi/encoders.py
│        0.001 run_endpoint_function  fastapi/routing.py:204
│        └─ 0.001 get_model_schema  pybend/core/api/routes_fastapi.py:169
│           └─ 0.001 Product.schema  pybend/core/models/proto_model.py:197
│              └─ 0.001 deepcopy  copy.py:118
│                    [9 frames hidden]  copy
│                       0.001 deepcopy  copy.py:118
└─ 0.001 RequestResponseCycle.run_asgi  uvicorn/protocols/http/h11_impl.py:401
      [3 frames hidden]  uvicorn, fastapi, starlette
         0.001 ServerErrorMiddleware.__call__  starlette/middleware/errors.py:150
         └─ 0.001 ProfilingMiddleware.__call__  pybend/core/tests/profiling/middleware.py:35
            └─ 0.001 JWTAuthMiddleware.__call__  starlette/middleware/base.py:98
               └─ 0.001 _StreamingResponse.__call__  starlette/middleware/base.py:205
                  └─ 0.001 send_wrapper  pybend/core/tests/profiling/middleware.py:48
                     └─ 0.001 _send  starlette/middleware/errors.py:157
                           [5 frames hidden]  uvicorn, h11
                              0.001 bytesify  h11/_util.py:127



========================================================================
GET /Product  ->  200  (4.3ms)
========================================================================

  _     ._   __/__   _ _  _  _ _/_   Recorded: 13:03:18  Samples:  4
 /_//_/// /_\ / //_// / //_'/ //     Duration: 0.004     CPU time: 0.004
/   _/                      v5.1.2

Profile at /code/pystack/pybend/src/pybend/example/../../pybend/core/tests/profiling/middleware.py:57

0.004 Handle._run  asyncio/events.py:86
├─ 0.003 coro  starlette/middleware/base.py:136
│     [14 frames hidden]  starlette, fastapi
│        0.002 jsonable_encoder  fastapi/encoders.py:102
│        ├─ 0.001 jsonable_encoder  fastapi/encoders.py:102
│        └─ 0.001 [self]  fastapi/encoders.py
│        0.001 run_endpoint_function  fastapi/routing.py:204
│        └─ 0.001 get_model_schema  pybend/core/api/routes_fastapi.py:169
│           └─ 0.001 Product.schema  pybend/core/models/proto_model.py:197
│              └─ 0.001 deepcopy  copy.py:118
│                    [15 frames hidden]  copy
│                       0.001 deepcopy  copy.py:118
└─ 0.001 RequestResponseCycle.run_asgi  uvicorn/protocols/http/h11_impl.py:401
      [3 frames hidden]  uvicorn, fastapi, starlette
         0.001 ServerErrorMiddleware.__call__  starlette/middleware/errors.py:150
         └─ 0.001 ProfilingMiddleware.__call__  pybend/core/tests/profiling/middleware.py:35
            └─ 0.001 JWTAuthMiddleware.__call__  starlette/middleware/base.py:98
               └─ 0.001 _StreamingResponse.__call__  starlette/middleware/base.py:205
                  └─ 0.001 send_wrapper  pybend/core/tests/profiling/middleware.py:48
                     └─ 0.001 _send  starlette/middleware/errors.py:157
                           [4 frames hidden]  uvicorn, logging
                              0.001 LogRecord.__init__  logging/__init__.py:298



========================================================================
GET /User  ->  200  (5.7ms)
========================================================================

  _     ._   __/__   _ _  _  _ _/_   Recorded: 13:03:18  Samples:  5
 /_//_/// /_\ / //_// / //_'/ //     Duration: 0.006     CPU time: 0.006
/   _/                      v5.1.2

Profile at /code/pystack/pybend/src/pybend/example/../../pybend/core/tests/profiling/middleware.py:57

0.005 Handle._run  asyncio/events.py:86
├─ 0.004 coro  starlette/middleware/base.py:136
│     [10 frames hidden]  starlette, fastapi
│        0.004 run_endpoint_function  fastapi/routing.py:204
│        └─ 0.004 get_model_schema  pybend/core/api/routes_fastapi.py:169
│           └─ 0.004 User.schema  pybend/core/models/proto_model.py:197
│              ├─ 0.002 User.model_json_schema  pydantic/main.py:413
│              │     [7 frames hidden]  pydantic
│              │        0.001 new_handler_func  pydantic/json_schema.py:520
│              │        └─ 0.001 User.__get_pydantic_json_schema__  pybend/core/models/proto_model.py:341
│              │           └─ 0.001 User.__get_pydantic_json_schema__  pydantic/main.py:628
│              │                 [25 frames hidden]  pydantic
│              ├─ 0.001 deepcopy  copy.py:118
│              │     [10 frames hidden]  copy
│              │        0.001 _keep_alive  copy.py:231
│              └─ 0.001 User.referenced_json_schema  pybend/core/models/proto_model.py:319
│                 └─ 0.001 User.model_json_schema  pydantic/main.py:413
│                       [4 frames hidden]  pydantic
│                          0.001 new_handler_func  pydantic/json_schema.py:520
│                          └─ 0.001 User.__get_pydantic_json_schema__  pybend/core/models/proto_model.py:341
│                             └─ 0.001 User.__get_pydantic_json_schema__  pydantic/main.py:628
│                                   [13 frames hidden]  pydantic
│                                      0.001 GenerateJsonSchema.mode  pydantic/json_schema.py:309
└─ 0.001 RequestResponseCycle.run_asgi  uvicorn/protocols/http/h11_impl.py:401
      [3 frames hidden]  uvicorn, fastapi, starlette
         0.001 ServerErrorMiddleware.__call__  starlette/middleware/errors.py:150
         └─ 0.001 ProfilingMiddleware.__call__  pybend/core/tests/profiling/middleware.py:35
            └─ 0.001 JWTAuthMiddleware.__call__  starlette/middleware/base.py:98
               └─ 0.001 _StreamingResponse.__call__  starlette/middleware/base.py:205



========================================================================
GET /User  ->  200  (2.7ms)
========================================================================

  _     ._   __/__   _ _  _  _ _/_   Recorded: 13:03:18  Samples:  2
 /_//_/// /_\ / //_// / //_'/ //     Duration: 0.003     CPU time: 0.003
/   _/                      v5.1.2

Profile at /code/pystack/pybend/src/pybend/example/../../pybend/core/tests/profiling/middleware.py:57

0.002 Handle._run  asyncio/events.py:86
└─ 0.002 coro  starlette/middleware/base.py:136
      [17 frames hidden]  starlette, fastapi
         0.002 jsonable_encoder  fastapi/encoders.py:102
         │  0.001 ModelMetaclass.__instancecheck__  pydantic/_internal/_model_construction.py:248
         └─ 0.001 [self]  fastapi/encoders.py



========================================================================
GET /User  ->  200  (2.2ms)
========================================================================

  _     ._   __/__   _ _  _  _ _/_   Recorded: 13:03:18  Samples:  2
 /_//_/// /_\ / //_// / //_'/ //     Duration: 0.002     CPU time: 0.002
/   _/                      v5.1.2

Profile at /code/pystack/pybend/src/pybend/example/../../pybend/core/tests/profiling/middleware.py:57

0.002 Handle._run  asyncio/events.py:86
├─ 0.001 RequestResponseCycle.run_asgi  uvicorn/protocols/http/h11_impl.py:401
│     [3 frames hidden]  uvicorn, fastapi, starlette
│        0.001 ServerErrorMiddleware.__call__  starlette/middleware/errors.py:150
│        └─ 0.001 ProfilingMiddleware.__call__  pybend/core/tests/profiling/middleware.py:35
│           └─ 0.001 JWTAuthMiddleware.__call__  starlette/middleware/base.py:98
│              └─ 0.001 _StreamingResponse.__call__  starlette/middleware/base.py:205
│                 └─ 0.001 send_wrapper  pybend/core/tests/profiling/middleware.py:48
│                    └─ 0.001 _send  starlette/middleware/errors.py:157
│                          [7 frames hidden]  uvicorn, logging, <frozen posixpath>,...
│                             0.001 str.rfind  <built-in>
└─ 0.001 coro  starlette/middleware/base.py:136
      [10 frames hidden]  starlette, fastapi
         0.001 run_endpoint_function  fastapi/routing.py:204
         └─ 0.001 get_model_schema  pybend/core/api/routes_fastapi.py:169
            └─ 0.001 User.schema  pybend/core/models/proto_model.py:197
               └─ 0.001 deepcopy  copy.py:118
                     [12 frames hidden]  copy
                        0.001 dict.get  <built-in>



========================================================================
GET /products  ->  200  (3.0ms)
========================================================================

  _     ._   __/__   _ _  _  _ _/_   Recorded: 13:03:18  Samples:  3
 /_//_/// /_\ / //_// / //_'/ //     Duration: 0.003     CPU time: 0.003
/   _/                      v5.1.2

Profile at /code/pystack/pybend/src/pybend/example/../../pybend/core/tests/profiling/middleware.py:57

0.002 Handle._run  asyncio/events.py:86
├─ 0.002 coro  starlette/middleware/base.py:136
│     [13 frames hidden]  starlette, fastapi
│        0.001 run_endpoint_function  fastapi/routing.py:204
│        └─ 0.001 list_all_instances  pybend/core/api/routes_fastapi.py:93
│           └─ 0.001 Product.list  pybend/core/models/storable_mixin.py:91
│              └─ 0.001 SQLiteStorage.list  pybend/core/storage/sqlite_storage.py:85
│                 └─ 0.001 dict.get  <built-in>
│        0.001 jsonable_encoder  fastapi/encoders.py:102
└─ 0.000 RequestResponseCycle.run_asgi  uvicorn/protocols/http/h11_impl.py:401
      [3 frames hidden]  uvicorn, fastapi, starlette
         0.000 ServerErrorMiddleware.__call__  starlette/middleware/errors.py:150
         └─ 0.000 ProfilingMiddleware.__call__  pybend/core/tests/profiling/middleware.py:35
            └─ 0.000 JWTAuthMiddleware.__call__  starlette/middleware/base.py:98
                  [4 frames hidden]  anyio, <built-in>



========================================================================
GET /products  ->  200  (4.0ms)
========================================================================

  _     ._   __/__   _ _  _  _ _/_   Recorded: 13:03:18  Samples:  4
 /_//_/// /_\ / //_// / //_'/ //     Duration: 0.004     CPU time: 0.004
/   _/                      v5.1.2

Profile at /code/pystack/pybend/src/pybend/example/../../pybend/core/tests/profiling/middleware.py:57

0.003 Handle._run  asyncio/events.py:86
├─ 0.002 coro  starlette/middleware/base.py:136
│     [17 frames hidden]  starlette, fastapi
│        0.001 run_endpoint_function  fastapi/routing.py:204
│        └─ 0.001 list_all_instances  pybend/core/api/routes_fastapi.py:93
│           └─ 0.001 Product.list  pybend/core/models/storable_mixin.py:91
│              └─ 0.001 SQLiteStorage.list  pybend/core/storage/sqlite_storage.py:85
│                 └─ 0.001 Product.__init__  pybend/core/models/proto_model.py:96
│        0.001 jsonable_encoder  fastapi/encoders.py:102
└─ 0.001 RequestResponseCycle.run_asgi  uvicorn/protocols/http/h11_impl.py:401
      [3 frames hidden]  uvicorn, fastapi, starlette
         0.001 ServerErrorMiddleware.__call__  starlette/middleware/errors.py:150
         └─ 0.001 ProfilingMiddleware.__call__  pybend/core/tests/profiling/middleware.py:35
            └─ 0.001 JWTAuthMiddleware.__call__  starlette/middleware/base.py:98
               └─ 0.001 JWTAuthMiddleware.dispatch  pybend/core/api/backend.py:92
                  └─ 0.001 call_next  starlette/middleware/base.py:109
                     └─ 0.001 MemoryObjectReceiveStream.receive  anyio/streams/memory.py:114
                        └─ 0.001 Event.wait  anyio/_backends/_asyncio.py:1785



========================================================================
GET /products  ->  200  (8.9ms)
========================================================================

  _     ._   __/__   _ _  _  _ _/_   Recorded: 13:03:18  Samples:  9
 /_//_/// /_\ / //_// / //_'/ //     Duration: 0.009     CPU time: 0.009
/   _/                      v5.1.2

Profile at /code/pystack/pybend/src/pybend/example/../../pybend/core/tests/profiling/middleware.py:57

0.008 Handle._run  asyncio/events.py:86
├─ 0.007 coro  starlette/middleware/base.py:136
│     [20 frames hidden]  starlette, fastapi, dataclasses, <bui...
│        0.004 jsonable_encoder  fastapi/encoders.py:102
│        └─ 0.002 [self]  fastapi/encoders.py
│        0.003 run_endpoint_function  fastapi/routing.py:204
│        └─ 0.003 list_all_instances  pybend/core/api/routes_fastapi.py:93
│           └─ 0.003 Product.list  pybend/core/models/storable_mixin.py:91
│              └─ 0.003 SQLiteStorage.list  pybend/core/storage/sqlite_storage.py:85
│                 └─ 0.003 SQLiteStorage._populate_fields  pybend/core/storage/sqlite_storage.py:286
│                    ├─ 0.001 Cursor.fetchall  <built-in>
│                    ├─ 0.001 ProductComment.model_dump  pybend/core/models/proto_model.py:117
│                    │  └─ 0.001 ProductComment.model_dump  pydantic/main.py:309
│                    └─ 0.001 [self]  pybend/core/storage/sqlite_storage.py
└─ 0.001 RequestResponseCycle.run_asgi  uvicorn/protocols/http/h11_impl.py:401
      [4 frames hidden]  uvicorn, fastapi, starlette
         0.001 ServerErrorMiddleware.__call__  starlette/middleware/errors.py:150
         └─ 0.001 ProfilingMiddleware.__call__  pybend/core/tests/profiling/middleware.py:35
            └─ 0.001 JWTAuthMiddleware.__call__  starlette/middleware/base.py:98
               └─ 0.001 JWTAuthMiddleware.dispatch  pybend/core/api/backend.py:92
                  └─ 0.001 call_next  starlette/middleware/base.py:109
                        [4 frames hidden]  anyio, asyncio



========================================================================
GET /products  ->  200  (19.4ms)
========================================================================

  _     ._   __/__   _ _  _  _ _/_   Recorded: 13:03:18  Samples:  19
 /_//_/// /_\ / //_// / //_'/ //     Duration: 0.019     CPU time: 0.019
/   _/                      v5.1.2

Profile at /code/pystack/pybend/src/pybend/example/../../pybend/core/tests/profiling/middleware.py:57

0.019 Handle._run  asyncio/events.py:86
├─ 0.018 coro  starlette/middleware/base.py:136
│     [24 frames hidden]  starlette, fastapi, dataclasses, <bui...
│        0.008 run_endpoint_function  fastapi/routing.py:204
│        └─ 0.008 list_all_instances  pybend/core/api/routes_fastapi.py:93
│           ├─ 0.007 Product.list  pybend/core/models/storable_mixin.py:91
│           │  └─ 0.007 SQLiteStorage.list  pybend/core/storage/sqlite_storage.py:85
│           │     ├─ 0.006 SQLiteStorage._populate_fields  pybend/core/storage/sqlite_storage.py:286
│           │     │  ├─ 0.002 ProductComment.model_dump  pybend/core/models/proto_model.py:117
│           │     │  │  ├─ 0.001 [self]  pybend/core/models/proto_model.py
│           │     │  │  └─ 0.001 ProductComment.model_dump  pydantic/main.py:309
│           │     │  ├─ 0.001 [self]  pybend/core/storage/sqlite_storage.py
│           │     │  ├─ 0.001 ProductComment.__init__  pybend/core/models/proto_model.py:96
│           │     │  │  └─ 0.001 Mapping.__instancecheck__  <frozen abc>:117
│           │     │  │     └─ 0.001 _abc_instancecheck  <built-in>
│           │     │  ├─ 0.001 getattr  <built-in>
│           │     │  └─ 0.001 get_ref_fields  pybend/core/utils/introspection.py:181
│           │     │     └─ 0.001 get_origin  typing.py:2310
│           │     └─ 0.001 Product.__init__  pybend/core/models/proto_model.py:96
│           └─ 0.001 DefaultResolver.sql_filter_for  pybend/core/authorize/resolver.py:59
└─ 0.001 RequestResponseCycle.run_asgi  uvicorn/protocols/http/h11_impl.py:401
      [3 frames hidden]  uvicorn, fastapi, starlette
         0.001 ServerErrorMiddleware.__call__  starlette/middleware/errors.py:150
         └─ 0.001 ProfilingMiddleware.__call__  pybend/core/tests/profiling/middleware.py:35
            └─ 0.001 JWTAuthMiddleware.__call__  starlette/middleware/base.py:98
               └─ 0.001 _StreamingResponse.__call__  starlette/middleware/base.py:205
                  └─ 0.001 send_wrapper  pybend/core/tests/profiling/middleware.py:48
                     └─ 0.001 _send  starlette/middleware/errors.py:157
                           [2 frames hidden]  uvicorn, h11



========================================================================
GET /products  ->  200  (21.2ms)
========================================================================

  _     ._   __/__   _ _  _  _ _/_   Recorded: 13:03:18  Samples:  21
 /_//_/// /_\ / //_// / //_'/ //     Duration: 0.021     CPU time: 0.021
/   _/                      v5.1.2

Profile at /code/pystack/pybend/src/pybend/example/../../pybend/core/tests/profiling/middleware.py:57

0.020 Handle._run  asyncio/events.py:86
├─ 0.019 coro  starlette/middleware/base.py:136
│     [29 frames hidden]  starlette, fastapi, <built-in>, datac...
│        0.009 run_endpoint_function  fastapi/routing.py:204
│        └─ 0.009 list_all_instances  pybend/core/api/routes_fastapi.py:93
│           └─ 0.009 Product.list  pybend/core/models/storable_mixin.py:91
│              └─ 0.009 SQLiteStorage.list  pybend/core/storage/sqlite_storage.py:85
│                 ├─ 0.008 SQLiteStorage._populate_fields  pybend/core/storage/sqlite_storage.py:286
│                 │  ├─ 0.003 SQLiteStorage._populate_fields  pybend/core/storage/sqlite_storage.py:286
│                 │  │  ├─ 0.002 get_list_fields  pybend/core/utils/introspection.py:138
│                 │  │  │  ├─ 0.001 get_origin  typing.py:2310
│                 │  │  │  │  └─ 0.001 isinstance  <built-in>
│                 │  │  │  └─ 0.001 _unwrap_listref  pybend/core/utils/introspection.py:121
│                 │  │  └─ 0.001 Cursor.fetchall  <built-in>
│                 │  ├─ 0.002 get_ref_fields  pybend/core/utils/introspection.py:181
│                 │  │  ├─ 0.001 _is_self_ref  pybend/core/utils/introspection.py:206
│                 │  │  └─ 0.001 get_origin  typing.py:2310
│                 │  ├─ 0.002 ProductComment.model_dump  pybend/core/models/proto_model.py:117
│                 │  │  ├─ 0.001 [self]  pybend/core/models/proto_model.py
│                 │  │  └─ 0.001 ProductLike.model_dump  pydantic/main.py:309
│                 │  └─ 0.001 Cursor.execute  <built-in>
│                 └─ 0.001 Product.__init__  pybend/core/models/proto_model.py:96
│                    └─ 0.001 Product.__setattr__  pydantic/main.py:813
└─ 0.001 RequestResponseCycle.run_asgi  uvicorn/protocols/http/h11_impl.py:401
      [3 frames hidden]  uvicorn, fastapi, starlette
         0.001 ServerErrorMiddleware.__call__  starlette/middleware/errors.py:150
         └─ 0.001 ProfilingMiddleware.__call__  pybend/core/tests/profiling/middleware.py:35



========================================================================
GET /products  ->  200  (52.3ms)
========================================================================

  _     ._   __/__   _ _  _  _ _/_   Recorded: 13:03:18  Samples:  53
 /_//_/// /_\ / //_// / //_'/ //     Duration: 0.052     CPU time: 0.052
/   _/                      v5.1.2

Profile at /code/pystack/pybend/src/pybend/example/../../pybend/core/tests/profiling/middleware.py:57

0.052 Handle._run  asyncio/events.py:86
└─ 0.052 coro  starlette/middleware/base.py:136
      [43 frames hidden]  starlette, fastapi, <built-in>, datac...
         0.024 run_endpoint_function  fastapi/routing.py:204
         └─ 0.024 list_all_instances  pybend/core/api/routes_fastapi.py:93
            └─ 0.024 Product.list  pybend/core/models/storable_mixin.py:91
               └─ 0.024 SQLiteStorage.list  pybend/core/storage/sqlite_storage.py:85
                  ├─ 0.022 SQLiteStorage._populate_fields  pybend/core/storage/sqlite_storage.py:286
                  │  ├─ 0.016 SQLiteStorage._populate_fields  pybend/core/storage/sqlite_storage.py:286
                  │  │  ├─ 0.005 get_ref_fields  pybend/core/utils/introspection.py:181
                  │  │  │  ├─ 0.002 [self]  pybend/core/utils/introspection.py
                  │  │  │  ├─ 0.002 get_args  typing.py:2340
                  │  │  │  │     [2 frames hidden]  <built-in>, typing
                  │  │  │  └─ 0.001 get_origin  typing.py:2310
                  │  │  ├─ 0.003 get_list_fields  pybend/core/utils/introspection.py:138
                  │  │  │  ├─ 0.001 get_origin  typing.py:2310
                  │  │  │  │  └─ 0.001 isinstance  <built-in>
                  │  │  │  ├─ 0.001 _unwrap_listref  pybend/core/utils/introspection.py:121
                  │  │  │  │  └─ 0.001 _GenericAlias.__getattr__  typing.py:1178
                  │  │  │  │     └─ 0.001 _is_dunder  typing.py:1134
                  │  │  │  └─ 0.001 [self]  pybend/core/utils/introspection.py
                  │  │  ├─ 0.002 Cursor.fetchall  <built-in>
                  │  │  ├─ 0.002 CommentLike.model_dump  pybend/core/models/proto_model.py:117
                  │  │  │  └─ 0.002 CommentLike.model_dump  pydantic/main.py:309
                  │  │  │     ├─ 0.001 <lambda>  pybend/core/utils/typer.py:91
                  │  │  │     └─ 0.001 SchemaSerializer.to_python  <built-in>
                  │  │  ├─ 0.001 Cursor.execute  <built-in>
                  │  │  ├─ 0.001 dict.items  <built-in>
                  │  │  ├─ 0.001 _validate_identifier  pybend/core/storage/sqlite_storage.py:20
                  │  │  │  └─ 0.001 match  re/__init__.py:164
                  │  │  │     └─ 0.001 _compile  re/__init__.py:280
                  │  │  └─ 0.001 User.__init__  pybend/core/models/proto_model.py:96
                  │  ├─ 0.002 Cursor.execute  <built-in>
                  │  ├─ 0.002 get_list_fields  pybend/core/utils/introspection.py:138
                  │  │  ├─ 0.001 get_origin  typing.py:2310
                  │  │  │  └─ 0.001 isinstance  <built-in>
                  │  │  └─ 0.001 getattr  <built-in>
                  │  ├─ 0.001 get_ref_fields  pybend/core/utils/introspection.py:181
                  │  │  └─ 0.001 _is_self_ref  pybend/core/utils/introspection.py:206
                  │  └─ 0.001 [self]  pybend/core/storage/sqlite_storage.py
                  ├─ 0.001 Product.__init__  pybend/core/models/proto_model.py:96
                  └─ 0.001 dict.get  <built-in>



========================================================================
GET /products  ->  200  (4.6ms)
========================================================================

  _     ._   __/__   _ _  _  _ _/_   Recorded: 13:03:18  Samples:  5
 /_//_/// /_\ / //_// / //_'/ //     Duration: 0.005     CPU time: 0.005
/   _/                      v5.1.2

Profile at /code/pystack/pybend/src/pybend/example/../../pybend/core/tests/profiling/middleware.py:57

0.004 Handle._run  asyncio/events.py:86
├─ 0.003 coro  starlette/middleware/base.py:136
│     [14 frames hidden]  starlette, fastapi
│        0.002 jsonable_encoder  fastapi/encoders.py:102
│        ├─ 0.001 [self]  fastapi/encoders.py
│        └─ 0.001 isinstance  <built-in>
│        0.001 run_endpoint_function  fastapi/routing.py:204
│        └─ 0.001 list_all_instances  pybend/core/api/routes_fastapi.py:93
│           └─ 0.001 Product.list  pybend/core/models/storable_mixin.py:91
│              └─ 0.001 SQLiteStorage.list  pybend/core/storage/sqlite_storage.py:85
└─ 0.001 RequestResponseCycle.run_asgi  uvicorn/protocols/http/h11_impl.py:401
      [3 frames hidden]  uvicorn, fastapi, starlette
         0.001 ServerErrorMiddleware.__call__  starlette/middleware/errors.py:150
         └─ 0.001 ProfilingMiddleware.__call__  pybend/core/tests/profiling/middleware.py:35
            └─ 0.001 JWTAuthMiddleware.__call__  starlette/middleware/base.py:98
               ├─ 0.001 _StreamingResponse.__call__  starlette/middleware/base.py:205
               │  └─ 0.001 send_wrapper  pybend/core/tests/profiling/middleware.py:48
               │     └─ 0.001 _send  starlette/middleware/errors.py:157
               └─ 0.000 JWTAuthMiddleware.dispatch  pybend/core/api/backend.py:92
                  └─ 0.000 decode_token  pybend/core/authorize/auth.py:57
                     └─ 0.000 PyJWT.decode  jwt/api_jwt.py:306
                           [3 frames hidden]  jwt, json



========================================================================
GET /users  ->  200  (2.3ms)
========================================================================

  _     ._   __/__   _ _  _  _ _/_   Recorded: 13:03:18  Samples:  2
 /_//_/// /_\ / //_// / //_'/ //     Duration: 0.002     CPU time: 0.002
/   _/                      v5.1.2

Profile at /code/pystack/pybend/src/pybend/example/../../pybend/core/tests/profiling/middleware.py:57

0.002 NoneType._run  asyncio/events.py:86
├─ 0.001 [self]  asyncio/events.py
└─ 0.001 RequestResponseCycle.run_asgi  uvicorn/protocols/http/h11_impl.py:401
      [3 frames hidden]  uvicorn, fastapi, starlette
         0.001 ServerErrorMiddleware.__call__  starlette/middleware/errors.py:150
         └─ 0.001 ProfilingMiddleware.__call__  pybend/core/tests/profiling/middleware.py:35
            └─ 0.001 JWTAuthMiddleware.__call__  starlette/middleware/base.py:98
               └─ 0.001 JWTAuthMiddleware.dispatch  pybend/core/api/backend.py:92
                  └─ 0.001 decode_token  pybend/core/authorize/auth.py:57
                     └─ 0.001 PyJWT.decode  jwt/api_jwt.py:306
                        └─ 0.001 PyJWT.decode_complete  jwt/api_jwt.py:180
                           └─ 0.001 PyJWT._validate_claims  jwt/api_jwt.py:385



========================================================================
GET /products/1  ->  200  (1.7ms)
========================================================================

  _     ._   __/__   _ _  _  _ _/_   Recorded: 13:03:18  Samples:  2
 /_//_/// /_\ / //_// / //_'/ //     Duration: 0.002     CPU time: 0.002
/   _/                      v5.1.2

Profile at /code/pystack/pybend/src/pybend/example/../../pybend/core/tests/profiling/middleware.py:57

0.001 Handle._run  asyncio/events.py:86
└─ 0.001 coro  starlette/middleware/base.py:136
      [16 frames hidden]  starlette, anyio
         0.001 Event.wait  asyncio/locks.py:199



========================================================================
GET /products/2  ->  200  (1.6ms)
========================================================================

  _     ._   __/__   _ _  _  _ _/_   Recorded: 13:03:18  Samples:  2
 /_//_/// /_\ / //_// / //_'/ //     Duration: 0.002     CPU time: 0.002
/   _/                      v5.1.2

Profile at /code/pystack/pybend/src/pybend/example/../../pybend/core/tests/profiling/middleware.py:57

0.001 Handle._run  asyncio/events.py:86
├─ 0.001 RequestResponseCycle.run_asgi  uvicorn/protocols/http/h11_impl.py:401
│     [3 frames hidden]  uvicorn, fastapi, starlette
│        0.001 ServerErrorMiddleware.__call__  starlette/middleware/errors.py:150
│        └─ 0.001 ProfilingMiddleware.__call__  pybend/core/tests/profiling/middleware.py:35
│           └─ 0.001 JWTAuthMiddleware.__call__  starlette/middleware/base.py:98
│              └─ 0.001 Event.set  anyio/_backends/_asyncio.py:1779
└─ 0.000 coro  starlette/middleware/base.py:136
      [13 frames hidden]  starlette, fastapi
         0.000 deepcopy  copy.py:118



========================================================================
GET /products/3  ->  200  (1.6ms)
========================================================================

  _     ._   __/__   _ _  _  _ _/_   Recorded: 13:03:18  Samples:  2
 /_//_/// /_\ / //_// / //_'/ //     Duration: 0.002     CPU time: 0.002
/   _/                      v5.1.2

Profile at /code/pystack/pybend/src/pybend/example/../../pybend/core/tests/profiling/middleware.py:57

0.001 ProfilingMiddleware.__call__  pybend/core/tests/profiling/middleware.py:35
└─ 0.001 JWTAuthMiddleware.__call__  starlette/middleware/base.py:98
   ├─ 0.001 _StreamingResponse.__call__  starlette/middleware/base.py:205
   │  └─ 0.001 send_wrapper  pybend/core/tests/profiling/middleware.py:48
   │     └─ 0.001 _send  starlette/middleware/errors.py:157
   │        └─ 0.001 RequestResponseCycle.send  uvicorn/protocols/http/h11_impl.py:447
   │           └─ 0.001 _SelectorSocketTransport.write  asyncio/selector_events.py:1055
   └─ 0.000 JWTAuthMiddleware.dispatch  pybend/core/api/backend.py:92
      └─ 0.000 decode_token  pybend/core/authorize/auth.py:57
         └─ 0.000 PyJWT.decode  jwt/api_jwt.py:306
               [3 frames hidden]  jwt, json



========================================================================
GET /products/1  ->  200  (2.4ms)
========================================================================

  _     ._   __/__   _ _  _  _ _/_   Recorded: 13:03:18  Samples:  2
 /_//_/// /_\ / //_// / //_'/ //     Duration: 0.002     CPU time: 0.002
/   _/                      v5.1.2

Profile at /code/pystack/pybend/src/pybend/example/../../pybend/core/tests/profiling/middleware.py:57

0.002 _UnixSelectorEventLoop._run_once  asyncio/base_events.py:1910
├─ 0.001 [self]  asyncio/base_events.py
└─ 0.001 Handle._run  asyncio/events.py:86
      [11 frames hidden]  starlette, fastapi
         0.001 run_endpoint_function  fastapi/routing.py:204
         └─ 0.001 read_instance  pybend/core/api/routes_fastapi.py:184
            └─ 0.001 Product.get  pybend/core/models/storable_mixin.py:102
               └─ 0.001 SQLiteStorage.get  pybend/core/storage/sqlite_storage.py:204



========================================================================
GET /products/2  ->  200  (2.5ms)
========================================================================

  _     ._   __/__   _ _  _  _ _/_   Recorded: 13:03:18  Samples:  3
 /_//_/// /_\ / //_// / //_'/ //     Duration: 0.003     CPU time: 0.003
/   _/                      v5.1.2

Profile at /code/pystack/pybend/src/pybend/example/../../pybend/core/tests/profiling/middleware.py:57

0.002 Handle._run  asyncio/events.py:86
├─ 0.002 coro  starlette/middleware/base.py:136
│     [16 frames hidden]  starlette, fastapi, anyio
│        0.001 run_endpoint_function  fastapi/routing.py:204
│        └─ 0.001 read_instance  pybend/core/api/routes_fastapi.py:184
│           └─ 0.001 Product.get  pybend/core/models/storable_mixin.py:102
│              └─ 0.001 SQLiteStorage.get  pybend/core/storage/sqlite_storage.py:204
│                 └─ 0.001 SQLiteStorage._populate_fields  pybend/core/storage/sqlite_storage.py:286
│                    └─ 0.001 ProductLike.__init__  pybend/core/models/proto_model.py:96
│        0.001 Event.wait  asyncio/locks.py:199
│        └─ 0.001 [await]  asyncio/locks.py
└─ 0.000 RequestResponseCycle.run_asgi  uvicorn/protocols/http/h11_impl.py:401
      [3 frames hidden]  uvicorn, fastapi, starlette
         0.000 ServerErrorMiddleware.__call__  starlette/middleware/errors.py:150
         └─ 0.000 ProfilingMiddleware.__call__  pybend/core/tests/profiling/middleware.py:35
            └─ 0.000 JWTAuthMiddleware.__call__  starlette/middleware/base.py:98
               └─ 0.000 JWTAuthMiddleware.dispatch  pybend/core/api/backend.py:92
                  └─ 0.000 decode_token  pybend/core/authorize/auth.py:57
                     └─ 0.000 PyJWT.decode  jwt/api_jwt.py:306
                           [4 frames hidden]  jwt, json, <built-in>



========================================================================
GET /products/3  ->  200  (2.5ms)
========================================================================

  _     ._   __/__   _ _  _  _ _/_   Recorded: 13:03:18  Samples:  3
 /_//_/// /_\ / //_// / //_'/ //     Duration: 0.002     CPU time: 0.002
/   _/                      v5.1.2

Profile at /code/pystack/pybend/src/pybend/example/../../pybend/core/tests/profiling/middleware.py:57

0.002 Handle._run  asyncio/events.py:86
├─ 0.001 coro  starlette/middleware/base.py:136
│     [18 frames hidden]  starlette, fastapi
│        0.001 isinstance  <built-in>
└─ 0.001 RequestResponseCycle.run_asgi  uvicorn/protocols/http/h11_impl.py:401
      [3 frames hidden]  uvicorn, fastapi, starlette
         0.001 ServerErrorMiddleware.__call__  starlette/middleware/errors.py:150
         └─ 0.001 ProfilingMiddleware.__call__  pybend/core/tests/profiling/middleware.py:35
            └─ 0.001 JWTAuthMiddleware.__call__  starlette/middleware/base.py:98



========================================================================
GET /products/1  ->  200  (3.7ms)
========================================================================

  _     ._   __/__   _ _  _  _ _/_   Recorded: 13:03:18  Samples:  4
 /_//_/// /_\ / //_// / //_'/ //     Duration: 0.004     CPU time: 0.004
/   _/                      v5.1.2

Profile at /code/pystack/pybend/src/pybend/example/../../pybend/core/tests/profiling/middleware.py:57

0.003 Handle._run  asyncio/events.py:86
├─ 0.002 coro  starlette/middleware/base.py:136
│     [15 frames hidden]  starlette, fastapi
│        0.001 run_endpoint_function  fastapi/routing.py:204
│        └─ 0.001 read_instance  pybend/core/api/routes_fastapi.py:184
│           └─ 0.001 Product.get  pybend/core/models/storable_mixin.py:102
│              └─ 0.001 SQLiteStorage.get  pybend/core/storage/sqlite_storage.py:204
│                 └─ 0.001 SQLiteStorage._populate_fields  pybend/core/storage/sqlite_storage.py:286
│                    └─ 0.001 SQLiteStorage._populate_fields  pybend/core/storage/sqlite_storage.py:286
│                       └─ 0.001 CommentLike.model_dump  pybend/core/models/proto_model.py:117
│        0.001 jsonable_encoder  fastapi/encoders.py:102
└─ 0.001 RequestResponseCycle.run_asgi  uvicorn/protocols/http/h11_impl.py:401
      [3 frames hidden]  uvicorn, fastapi, starlette
         0.001 ServerErrorMiddleware.__call__  starlette/middleware/errors.py:150
         └─ 0.001 ProfilingMiddleware.__call__  pybend/core/tests/profiling/middleware.py:35
            └─ 0.001 JWTAuthMiddleware.__call__  starlette/middleware/base.py:98
               ├─ 0.001 _StreamingResponse.__call__  starlette/middleware/base.py:205
               │  └─ 0.001 send_wrapper  pybend/core/tests/profiling/middleware.py:48
               │     └─ 0.001 _send  starlette/middleware/errors.py:157
               │           [3 frames hidden]  uvicorn, h11
               │              0.001 Connection._process_event  h11/_connection.py:272
               └─ 0.000 JWTAuthMiddleware.dispatch  pybend/core/api/backend.py:92
                  └─ 0.000 decode_token  pybend/core/authorize/auth.py:57
                     └─ 0.000 PyJWT.decode  jwt/api_jwt.py:306
                           [4 frames hidden]  jwt



========================================================================
GET /products/2  ->  200  (3.8ms)
========================================================================

  _     ._   __/__   _ _  _  _ _/_   Recorded: 13:03:18  Samples:  4
 /_//_/// /_\ / //_// / //_'/ //     Duration: 0.004     CPU time: 0.004
/   _/                      v5.1.2

Profile at /code/pystack/pybend/src/pybend/example/../../pybend/core/tests/profiling/middleware.py:57

0.003 Handle._run  asyncio/events.py:86
├─ 0.002 coro  starlette/middleware/base.py:136
│     [18 frames hidden]  starlette, fastapi, dataclasses
│        0.001 isinstance  <built-in>
│        0.001 run_endpoint_function  fastapi/routing.py:204
│        └─ 0.001 read_instance  pybend/core/api/routes_fastapi.py:184
│           └─ 0.001 Product.get  pybend/core/models/storable_mixin.py:102
│              └─ 0.001 SQLiteStorage.get  pybend/core/storage/sqlite_storage.py:204
│                 └─ 0.001 SQLiteStorage._populate_fields  pybend/core/storage/sqlite_storage.py:286
│                    └─ 0.001 SQLiteStorage._populate_fields  pybend/core/storage/sqlite_storage.py:286
│                       └─ 0.001 get_ref_fields  pybend/core/utils/introspection.py:181
│                          └─ 0.001 get_args  typing.py:2340
│                             └─ 0.001 _should_unflatten_callable_args  typing.py:213
└─ 0.001 RequestResponseCycle.run_asgi  uvicorn/protocols/http/h11_impl.py:401
      [3 frames hidden]  uvicorn, fastapi, starlette
         0.001 ServerErrorMiddleware.__call__  starlette/middleware/errors.py:150
         └─ 0.001 ProfilingMiddleware.__call__  pybend/core/tests/profiling/middleware.py:35
            └─ 0.001 JWTAuthMiddleware.__call__  starlette/middleware/base.py:98
               ├─ 0.001 _StreamingResponse.__call__  starlette/middleware/base.py:205
               │  └─ 0.001 send_wrapper  pybend/core/tests/profiling/middleware.py:48
               │     └─ 0.001 _send  starlette/middleware/errors.py:157
               │           [11 frames hidden]  uvicorn, logging, copy
               │              0.001 getattr  <built-in>
               └─ 0.000 JWTAuthMiddleware.dispatch  pybend/core/api/backend.py:92
                  └─ 0.000 decode_token  pybend/core/authorize/auth.py:57
                     └─ 0.000 PyJWT.decode  jwt/api_jwt.py:306
                           [2 frames hidden]  jwt



========================================================================
GET /products/3  ->  200  (3.7ms)
========================================================================

  _     ._   __/__   _ _  _  _ _/_   Recorded: 13:03:18  Samples:  3
 /_//_/// /_\ / //_// / //_'/ //     Duration: 0.004     CPU time: 0.004
/   _/                      v5.1.2

Profile at /code/pystack/pybend/src/pybend/example/../../pybend/core/tests/profiling/middleware.py:57

0.003 Handle._run  asyncio/events.py:86
└─ 0.003 coro  starlette/middleware/base.py:136
      [17 frames hidden]  starlette, fastapi
         0.002 run_endpoint_function  fastapi/routing.py:204
         └─ 0.002 read_instance  pybend/core/api/routes_fastapi.py:184
            └─ 0.002 Product.get  pybend/core/models/storable_mixin.py:102
               └─ 0.002 SQLiteStorage.get  pybend/core/storage/sqlite_storage.py:204
                  ├─ 0.001 SQLiteStorage._populate_fields  pybend/core/storage/sqlite_storage.py:286
                  │  └─ 0.001 SQLiteStorage._populate_fields  pybend/core/storage/sqlite_storage.py:286
                  │     └─ 0.001 Cursor.execute  <built-in>
                  └─ 0.001 Cursor.execute  <built-in>
         0.001 is_dataclass  dataclasses.py:1294



========================================================================
GET /users/1  ->  200  (1.6ms)
========================================================================

  _     ._   __/__   _ _  _  _ _/_   Recorded: 13:03:18  Samples:  2
 /_//_/// /_\ / //_// / //_'/ //     Duration: 0.002     CPU time: 0.002
/   _/                      v5.1.2

Profile at /code/pystack/pybend/src/pybend/example/../../pybend/core/tests/profiling/middleware.py:57

0.001 Handle._run  asyncio/events.py:86
├─ 0.001 _SelectorSocketTransport._call_connection_lost  asyncio/selector_events.py:1191
│     [3 frames hidden]  asyncio, uvicorn
│        0.001 TimerHandle.cancel  asyncio/events.py:155
└─ 0.000 coro  starlette/middleware/base.py:136
      [10 frames hidden]  starlette, fastapi
         0.000 run_endpoint_function  fastapi/routing.py:204
         └─ 0.000 read_instance  pybend/core/api/routes_fastapi.py:184
            └─ 0.000 User.get  pybend/core/models/storable_mixin.py:102
               └─ 0.000 SQLiteStorage.get  pybend/core/storage/sqlite_storage.py:204



========================================================================
GET /products/1/comments  ->  200  (3.6ms)
========================================================================

  _     ._   __/__   _ _  _  _ _/_   Recorded: 13:03:18  Samples:  3
 /_//_/// /_\ / //_// / //_'/ //     Duration: 0.004     CPU time: 0.004
/   _/                      v5.1.2

Profile at /code/pystack/pybend/src/pybend/example/../../pybend/core/tests/profiling/middleware.py:57

0.003 Handle._run  asyncio/events.py:86
└─ 0.003 coro  starlette/middleware/base.py:136
      [13 frames hidden]  starlette, fastapi
         0.002 run_endpoint_function  fastapi/routing.py:204
         └─ 0.002 list_all_instances  pybend/core/api/routes_fastapi.py:93
            └─ 0.002 ProductComment.list  pybend/core/models/storable_mixin.py:91
               └─ 0.002 SQLiteStorage.list  pybend/core/storage/sqlite_storage.py:85
                  ├─ 0.001 ProductComment.__init__  pybend/core/models/proto_model.py:96
                  │  └─ 0.001 ModelMetaclass.__instancecheck__  pydantic/_internal/_model_construction.py:248
                  └─ 0.001 get_list_fields  pybend/core/utils/introspection.py:138
                     └─ 0.001 _unwrap_listref  pybend/core/utils/introspection.py:121
                        └─ 0.001 _GenericAlias.__getattr__  typing.py:1178
                           └─ 0.001 _is_dunder  typing.py:1134
                              └─ 0.001 str.startswith  <built-in>
         0.001 jsonable_encoder  fastapi/encoders.py:102



========================================================================
GET /products/2/comments  ->  200  (3.4ms)
========================================================================

  _     ._   __/__   _ _  _  _ _/_   Recorded: 13:03:18  Samples:  3
 /_//_/// /_\ / //_// / //_'/ //     Duration: 0.003     CPU time: 0.003
/   _/                      v5.1.2

Profile at /code/pystack/pybend/src/pybend/example/../../pybend/core/tests/profiling/middleware.py:57

0.002 Handle._run  asyncio/events.py:86
└─ 0.002 coro  starlette/middleware/base.py:136
      [14 frames hidden]  starlette, fastapi
         0.001 run_endpoint_function  fastapi/routing.py:204
         └─ 0.001 list_all_instances  pybend/core/api/routes_fastapi.py:93
            └─ 0.001 ProductComment.list  pybend/core/models/storable_mixin.py:91
               └─ 0.001 SQLiteStorage.list  pybend/core/storage/sqlite_storage.py:85
                  ├─ 0.001 ProductComment.__init__  pybend/core/models/proto_model.py:96
                  └─ 0.000 get_list_fields  pybend/core/utils/introspection.py:138
                     └─ 0.000 _unwrap_listref  pybend/core/utils/introspection.py:121
                        └─ 0.000 _GenericAlias.__getattr__  typing.py:1178
         0.001 is_dataclass  dataclasses.py:1294



========================================================================
GET /products/1/favorites  ->  200  (2.4ms)
========================================================================

  _     ._   __/__   _ _  _  _ _/_   Recorded: 13:03:18  Samples:  2
 /_//_/// /_\ / //_// / //_'/ //     Duration: 0.002     CPU time: 0.002
/   _/                      v5.1.2

Profile at /code/pystack/pybend/src/pybend/example/../../pybend/core/tests/profiling/middleware.py:57

0.002 Handle._run  asyncio/events.py:86
├─ 0.001 RequestResponseCycle.run_asgi  uvicorn/protocols/http/h11_impl.py:401
└─ 0.001 coro  starlette/middleware/base.py:136
      [10 frames hidden]  starlette, fastapi
         0.001 run_endpoint_function  fastapi/routing.py:204
         └─ 0.001 list_all_instances  pybend/core/api/routes_fastapi.py:93
            └─ 0.001 ProductLike.list  pybend/core/models/storable_mixin.py:91
               └─ 0.001 SQLiteStorage.list  pybend/core/storage/sqlite_storage.py:85



========================================================================
GET /products/2/favorites  ->  200  (2.1ms)
========================================================================

  _     ._   __/__   _ _  _  _ _/_   Recorded: 13:03:18  Samples:  2
 /_//_/// /_\ / //_// / //_'/ //     Duration: 0.002     CPU time: 0.002
/   _/                      v5.1.2

Profile at /code/pystack/pybend/src/pybend/example/../../pybend/core/tests/profiling/middleware.py:57

0.001 Handle._run  asyncio/events.py:86
├─ 0.001 coro  starlette/middleware/base.py:136
│     [12 frames hidden]  starlette, fastapi
│        0.001 jsonable_encoder  fastapi/encoders.py:102
└─ 0.000 RequestResponseCycle.run_asgi  uvicorn/protocols/http/h11_impl.py:401
      [3 frames hidden]  uvicorn, fastapi, starlette
         0.000 ServerErrorMiddleware.__call__  starlette/middleware/errors.py:150
         └─ 0.000 ProfilingMiddleware.__call__  pybend/core/tests/profiling/middleware.py:35



========================================================================
POST /users/login  ->  200  (184.8ms)
========================================================================

  _     ._   __/__   _ _  _  _ _/_   Recorded: 13:03:18  Samples:  4
 /_//_/// /_\ / //_// / //_'/ //     Duration: 0.185     CPU time: 0.185
/   _/                      v5.1.2

Profile at /code/pystack/pybend/src/pybend/example/../../pybend/core/tests/profiling/middleware.py:57

0.185 Handle._run  asyncio/events.py:86
└─ 0.184 coro  starlette/middleware/base.py:136
      [10 frames hidden]  starlette, fastapi
         0.184 run_endpoint_function  fastapi/routing.py:204
         └─ 0.183 post_no_id  pybend/core/api/routes_fastapi.py:336
            └─ 0.183 User.login  pybend/core/models/base_user.py:74
               └─ 0.183 verify_password  pybend/core/authorize/auth.py:42
                  └─ 0.183 checkpw  <built-in>



========================================================================
POST /products  ->  201  (23.0ms)
========================================================================

  _     ._   __/__   _ _  _  _ _/_   Recorded: 13:03:18  Samples:  8
 /_//_/// /_\ / //_// / //_'/ //     Duration: 0.023     CPU time: 0.007
/   _/                      v5.1.2

Profile at /code/pystack/pybend/src/pybend/example/../../pybend/core/tests/profiling/middleware.py:57

0.022 Handle._run  asyncio/events.py:86
├─ 0.021 coro  starlette/middleware/base.py:136
│     [68 frames hidden]  starlette, fastapi, <string>, pydanti...
│        0.017 run_endpoint_function  fastapi/routing.py:204
│        └─ 0.017 create_instance  pybend/core/api/routes_fastapi.py:60
│           └─ 0.017 Product.create  pybend/core/models/storable_mixin.py:63
│              └─ 0.017 SQLiteStorage.create  pybend/core/storage/sqlite_storage.py:53
│                 ├─ 0.017 Connection.commit  <built-in>
│                 └─ 0.000 Logger.info  logging/__init__.py:1529
│                       [3 frames hidden]  logging
└─ 0.001 RequestResponseCycle.run_asgi  uvicorn/protocols/http/h11_impl.py:401
      [3 frames hidden]  uvicorn, fastapi, starlette
         0.001 ServerErrorMiddleware.__call__  starlette/middleware/errors.py:150
         └─ 0.001 ProfilingMiddleware.__call__  pybend/core/tests/profiling/middleware.py:35
            └─ 0.001 JWTAuthMiddleware.__call__  starlette/middleware/base.py:98
               └─ 0.001 _StreamingResponse.__call__  starlette/middleware/base.py:205
                  └─ 0.001 send_wrapper  pybend/core/tests/profiling/middleware.py:48
                     └─ 0.001 _send  starlette/middleware/errors.py:157
                           [3 frames hidden]  uvicorn, asyncio, <built-in>



========================================================================
POST /products  ->  201  (11.1ms)
========================================================================

  _     ._   __/__   _ _  _  _ _/_   Recorded: 13:03:19  Samples:  4
 /_//_/// /_\ / //_// / //_'/ //     Duration: 0.011     CPU time: 0.003
/   _/                      v5.1.2

Profile at /code/pystack/pybend/src/pybend/example/../../pybend/core/tests/profiling/middleware.py:57

0.011 _UnixSelectorEventLoop._run_once  asyncio/base_events.py:1910
├─ 0.010 Handle._run  asyncio/events.py:86
│     [16 frames hidden]  starlette, fastapi, json
│        0.009 run_endpoint_function  fastapi/routing.py:204
│        └─ 0.009 create_instance  pybend/core/api/routes_fastapi.py:60
│           └─ 0.009 Product.create  pybend/core/models/storable_mixin.py:63
│              └─ 0.009 SQLiteStorage.create  pybend/core/storage/sqlite_storage.py:53
│                 └─ 0.009 Connection.commit  <built-in>
└─ 0.001 [self]  asyncio/base_events.py



========================================================================
POST /products  ->  201  (11.3ms)
========================================================================

  _     ._   __/__   _ _  _  _ _/_   Recorded: 13:03:19  Samples:  4
 /_//_/// /_\ / //_// / //_'/ //     Duration: 0.011     CPU time: 0.003
/   _/                      v5.1.2

Profile at /code/pystack/pybend/src/pybend/example/../../pybend/core/tests/profiling/middleware.py:57

0.011 Handle._run  asyncio/events.py:86
├─ 0.010 coro  starlette/middleware/base.py:136
│     [12 frames hidden]  starlette, fastapi
│        0.009 run_endpoint_function  fastapi/routing.py:204
│        └─ 0.009 create_instance  pybend/core/api/routes_fastapi.py:60
│           └─ 0.009 Product.create  pybend/core/models/storable_mixin.py:63
│              └─ 0.009 SQLiteStorage.create  pybend/core/storage/sqlite_storage.py:53
│                 ├─ 0.008 Connection.commit  <built-in>
│                 └─ 0.001 Cursor.execute  <built-in>
└─ 0.001 _UnixSelectorEventLoop.call_soon  asyncio/base_events.py:785
   └─ 0.001 _UnixSelectorEventLoop._check_closed  asyncio/base_events.py:539



========================================================================
POST /products/1/comment  ->  200  (11.5ms)
========================================================================

  _     ._   __/__   _ _  _  _ _/_   Recorded: 13:03:19  Samples:  4
 /_//_/// /_\ / //_// / //_'/ //     Duration: 0.011     CPU time: 0.004
/   _/                      v5.1.2

Profile at /code/pystack/pybend/src/pybend/example/../../pybend/core/tests/profiling/middleware.py:57

0.011 Handle._run  asyncio/events.py:86
├─ 0.010 coro  starlette/middleware/base.py:136
│     [12 frames hidden]  starlette, fastapi
│        0.009 run_endpoint_function  fastapi/routing.py:204
│        └─ 0.009 post_with_id  pybend/core/api/routes_fastapi.py:300
│           └─ 0.009 Product.comment  models/product.py:62
│              └─ 0.009 Comment.save  pybend/core/models/storable_mixin.py:36
│                 └─ 0.009 Comment.create  pybend/core/models/storable_mixin.py:63
│                    ├─ 0.008 ProductComment.create  pybend/core/models/storable_mixin.py:63
│                    │  └─ 0.008 SQLiteStorage.create  pybend/core/storage/sqlite_storage.py:53
│                    │     └─ 0.008 Connection.commit  <built-in>
│                    └─ 0.001 ProductComment.__init__  pybend/core/models/proto_model.py:96
│                       └─ 0.001 deepcopy  copy.py:118
└─ 0.001 RequestResponseCycle.run_asgi  uvicorn/protocols/http/h11_impl.py:401
      [3 frames hidden]  uvicorn, fastapi, starlette



========================================================================
POST /products/2/comment  ->  200  (11.6ms)
========================================================================

  _     ._   __/__   _ _  _  _ _/_   Recorded: 13:03:19  Samples:  4
 /_//_/// /_\ / //_// / //_'/ //     Duration: 0.012     CPU time: 0.004
/   _/                      v5.1.2

Profile at /code/pystack/pybend/src/pybend/example/../../pybend/core/tests/profiling/middleware.py:57

0.011 Handle._run  asyncio/events.py:86
└─ 0.011 coro  starlette/middleware/base.py:136
      [16 frames hidden]  starlette, fastapi, anyio
         0.010 run_endpoint_function  fastapi/routing.py:204
         └─ 0.010 post_with_id  pybend/core/api/routes_fastapi.py:300
            ├─ 0.009 Product.comment  models/product.py:62
            │  └─ 0.009 Comment.save  pybend/core/models/storable_mixin.py:36
            │     └─ 0.009 Comment.create  pybend/core/models/storable_mixin.py:63
            │        └─ 0.009 ProductComment.create  pybend/core/models/storable_mixin.py:63
            │           └─ 0.009 SQLiteStorage.create  pybend/core/storage/sqlite_storage.py:53
            │              └─ 0.009 Connection.commit  <built-in>
            └─ 0.001 Product.get  pybend/core/models/storable_mixin.py:102
               └─ 0.001 SQLiteStorage.get  pybend/core/storage/sqlite_storage.py:204
                  └─ 0.001 _validate_identifier  pybend/core/storage/sqlite_storage.py:20
                     └─ 0.001 match  re/__init__.py:164
                        └─ 0.001 _compile  re/__init__.py:280



========================================================================
POST /products/1/favorite  ->  200  (11.2ms)
========================================================================

  _     ._   __/__   _ _  _  _ _/_   Recorded: 13:03:19  Samples:  4
 /_//_/// /_\ / //_// / //_'/ //     Duration: 0.011     CPU time: 0.003
/   _/                      v5.1.2

Profile at /code/pystack/pybend/src/pybend/example/../../pybend/core/tests/profiling/middleware.py:57

0.010 Handle._run  asyncio/events.py:86
├─ 0.010 coro  starlette/middleware/base.py:136
│     [11 frames hidden]  starlette, fastapi
│        0.010 run_endpoint_function  fastapi/routing.py:204
│        └─ 0.010 post_with_id  pybend/core/api/routes_fastapi.py:300
│           ├─ 0.009 Product.favorite  models/product.py:72
│           │  └─ 0.009 ProductLike.delete  pybend/core/models/storable_mixin.py:125
│           │     └─ 0.009 SQLiteStorage.delete  pybend/core/storage/sqlite_storage.py:553
│           │        └─ 0.009 Connection.commit  <built-in>
│           └─ 0.001 _resolve_user  pybend/core/api/routes_fastapi.py:256
│              └─ 0.001 User.get  pybend/core/models/storable_mixin.py:102
│                 └─ 0.001 SQLiteStorage.get  pybend/core/storage/sqlite_storage.py:204
└─ 0.000 RequestResponseCycle.run_asgi  uvicorn/protocols/http/h11_impl.py:401
      [3 frames hidden]  uvicorn, fastapi, starlette
         0.000 ServerErrorMiddleware.__call__  starlette/middleware/errors.py:150
         └─ 0.000 ProfilingMiddleware.__call__  pybend/core/tests/profiling/middleware.py:35
            └─ 0.000 JWTAuthMiddleware.__call__  starlette/middleware/base.py:98
               └─ 0.000 _StreamingResponse.__call__  starlette/middleware/base.py:205
                  └─ 0.000 send_wrapper  pybend/core/tests/profiling/middleware.py:48
                     └─ 0.000 _send  starlette/middleware/errors.py:157
                           [5 frames hidden]  uvicorn, logging



========================================================================
POST /products/2/favorite  ->  200  (12.6ms)
========================================================================

  _     ._   __/__   _ _  _  _ _/_   Recorded: 13:03:19  Samples:  6
 /_//_/// /_\ / //_// / //_'/ //     Duration: 0.013     CPU time: 0.005
/   _/                      v5.1.2

Profile at /code/pystack/pybend/src/pybend/example/../../pybend/core/tests/profiling/middleware.py:57

0.012 Handle._run  asyncio/events.py:86
├─ 0.011 coro  starlette/middleware/base.py:136
│     [11 frames hidden]  starlette, fastapi
│        0.011 run_endpoint_function  fastapi/routing.py:204
│        └─ 0.011 post_with_id  pybend/core/api/routes_fastapi.py:300
│           ├─ 0.009 Product.favorite  models/product.py:72
│           │  └─ 0.009 Like.save  pybend/core/models/storable_mixin.py:36
│           │     └─ 0.009 Like.create  pybend/core/models/storable_mixin.py:63
│           │        └─ 0.009 ProductLike.create  pybend/core/models/storable_mixin.py:63
│           │           └─ 0.009 SQLiteStorage.create  pybend/core/storage/sqlite_storage.py:53
│           │              ├─ 0.008 Connection.commit  <built-in>
│           │              └─ 0.001 Cursor.execute  <built-in>
│           └─ 0.001 Product.get  pybend/core/models/storable_mixin.py:102
│              └─ 0.001 SQLiteStorage.get  pybend/core/storage/sqlite_storage.py:204
│                 └─ 0.001 Cursor.execute  <built-in>
└─ 0.001 RequestResponseCycle.run_asgi  uvicorn/protocols/http/h11_impl.py:401
      [3 frames hidden]  uvicorn, fastapi, starlette
         0.001 ServerErrorMiddleware.__call__  starlette/middleware/errors.py:150
         └─ 0.001 ProfilingMiddleware.__call__  pybend/core/tests/profiling/middleware.py:35
            └─ 0.001 JWTAuthMiddleware.__call__  starlette/middleware/base.py:98
               └─ 0.001 _StreamingResponse.__call__  starlette/middleware/base.py:205
                  └─ 0.001 send_wrapper  pybend/core/tests/profiling/middleware.py:48
                     └─ 0.001 _send  starlette/middleware/errors.py:157
                           [6 frames hidden]  uvicorn, h11



========================================================================
POST /products/3/favorite  ->  200  (12.0ms)
========================================================================

  _     ._   __/__   _ _  _  _ _/_   Recorded: 13:03:19  Samples:  5
 /_//_/// /_\ / //_// / //_'/ //     Duration: 0.012     CPU time: 0.004
/   _/                      v5.1.2

Profile at /code/pystack/pybend/src/pybend/example/../../pybend/core/tests/profiling/middleware.py:57

0.012 Handle._run  asyncio/events.py:86
├─ 0.010 coro  starlette/middleware/base.py:136
│     [10 frames hidden]  starlette, fastapi
│        0.010 run_endpoint_function  fastapi/routing.py:204
│        └─ 0.010 post_with_id  pybend/core/api/routes_fastapi.py:300
│           ├─ 0.009 Product.favorite  models/product.py:72
│           │  └─ 0.009 Like.save  pybend/core/models/storable_mixin.py:36
│           │     └─ 0.009 Like.create  pybend/core/models/storable_mixin.py:63
│           │        └─ 0.009 ProductLike.create  pybend/core/models/storable_mixin.py:63
│           │           └─ 0.009 SQLiteStorage.create  pybend/core/storage/sqlite_storage.py:53
│           │              └─ 0.009 Connection.commit  <built-in>
│           └─ 0.001 _resolve_user  pybend/core/api/routes_fastapi.py:256
│              └─ 0.001 User.get  pybend/core/models/storable_mixin.py:102
│                 └─ 0.001 SQLiteStorage.get  pybend/core/storage/sqlite_storage.py:204
└─ 0.002 RequestResponseCycle.run_asgi  uvicorn/protocols/http/h11_impl.py:401
      [3 frames hidden]  uvicorn, fastapi, starlette
         0.002 ServerErrorMiddleware.__call__  starlette/middleware/errors.py:150
         └─ 0.002 ProfilingMiddleware.__call__  pybend/core/tests/profiling/middleware.py:35
            └─ 0.002 JWTAuthMiddleware.__call__  starlette/middleware/base.py:98
                  [2 frames hidden]  anyio
                     0.001 JWTAuthMiddleware.dispatch  pybend/core/api/backend.py:92
                     └─ 0.001 call_next  starlette/middleware/base.py:109
                           [6 frames hidden]  anyio, typing, <string>



========================================================================
GET /Product  ->  200  (24.8ms)
========================================================================

  _     ._   __/__   _ _  _  _ _/_   Recorded: 13:03:40  Samples:  25
 /_//_/// /_\ / //_// / //_'/ //     Duration: 0.025     CPU time: 0.025
/   _/                      v5.1.2

Profile at /code/pystack/pybend/src/pybend/example/../../pybend/core/tests/profiling/middleware.py:57

0.024 Handle._run  asyncio/events.py:86
├─ 0.020 coro  starlette/middleware/base.py:136
│     [17 frames hidden]  starlette, fastapi
│        0.018 run_endpoint_function  fastapi/routing.py:204
│        └─ 0.018 get_model_schema  pybend/core/api/routes_fastapi.py:169
│           └─ 0.018 Product.schema  pybend/core/models/proto_model.py:197
│              ├─ 0.008 Product.referenced_json_schema  pybend/core/models/proto_model.py:319
│              │  └─ 0.008 Product.model_json_schema  pydantic/main.py:413
│              │        [31 frames hidden]  pydantic, <built-in>
│              │           0.003 new_handler_func  pydantic/json_schema.py:520
│              │           └─ 0.003 Comment.__get_pydantic_json_schema__  pybend/core/models/proto_model.py:341
│              │              └─ 0.003 Comment.__get_pydantic_json_schema__  pydantic/main.py:628
│              │                    [38 frames hidden]  pydantic
│              │                       0.001 new_handler_func  pydantic/json_schema.py:520
│              │                       └─ 0.001 Like.__get_pydantic_json_schema__  pybend/core/models/proto_model.py:341
│              │                          └─ 0.001 Like.__get_pydantic_json_schema__  pydantic/main.py:628
│              │                                [22 frames hidden]  pydantic
│              │           0.002 new_handler_func  pydantic/json_schema.py:520
│              │           └─ 0.002 Product.__get_pydantic_json_schema__  pybend/core/models/proto_model.py:341
│              │              ├─ 0.001 [self]  pybend/core/models/proto_model.py
│              │              └─ 0.001 Product.__get_pydantic_json_schema__  pydantic/main.py:628
│              │                    [32 frames hidden]  pydantic
│              │                       0.001 new_handler_func  pydantic/json_schema.py:520
│              │                       └─ 0.001 Comment.__get_pydantic_json_schema__  pybend/core/models/proto_model.py:341
│              │                          └─ 0.001 Comment.__get_pydantic_json_schema__  pydantic/main.py:628
│              │                                [13 frames hidden]  pydantic
│              ├─ 0.007 Product.model_json_schema  pydantic/main.py:413
│              │     [19 frames hidden]  pydantic
│              │        0.004 new_handler_func  pydantic/json_schema.py:520
│              │        └─ 0.004 Product.__get_pydantic_json_schema__  pybend/core/models/proto_model.py:341
│              │           └─ 0.004 Product.__get_pydantic_json_schema__  pydantic/main.py:628
│              │                 [52 frames hidden]  pydantic, re
│              │                    0.002 new_handler_func  pydantic/json_schema.py:520
│              │                    └─ 0.002 Comment.__get_pydantic_json_schema__  pybend/core/models/proto_model.py:341
│              │                       ├─ 0.001 hasattr  <built-in>
│              │                       └─ 0.001 Comment.__get_pydantic_json_schema__  pydantic/main.py:628
│              │                             [30 frames hidden]  pydantic, contextlib
│              ├─ 0.001 collect_all_referenced_models  pybend/core/utils/introspection.py:62
│              │  └─ 0.001 Product.__pybend_methods_json_signature__  pybend/core/models/proto_model.py:139
│              │     └─ 0.001 getattr  <built-in>
│              ├─ 0.001 deepcopy  copy.py:118
│              │     [6 frames hidden]  copy
│              └─ 0.001 list.append  <built-in>
└─ 0.004 RequestResponseCycle.run_asgi  uvicorn/protocols/http/h11_impl.py:401
      [4 frames hidden]  uvicorn, fastapi, starlette
         0.003 ServerErrorMiddleware.__call__  starlette/middleware/errors.py:150
         └─ 0.003 ProfilingMiddleware.__call__  pybend/core/tests/profiling/middleware.py:35
            └─ 0.003 JWTAuthMiddleware.__call__  starlette/middleware/base.py:98
                  [17 frames hidden]  anyio, importlib, <built-in>, datacla...



========================================================================
POST /users/login  ->  200  (194.8ms)
========================================================================

  _     ._   __/__   _ _  _  _ _/_   Recorded: 13:03:40  Samples:  5
 /_//_/// /_\ / //_// / //_'/ //     Duration: 0.195     CPU time: 0.194
/   _/                      v5.1.2

Profile at /code/pystack/pybend/src/pybend/example/../../pybend/core/tests/profiling/middleware.py:57

0.194 Handle._run  asyncio/events.py:86
└─ 0.193 coro  starlette/middleware/base.py:136
      [10 frames hidden]  starlette, fastapi
         0.192 run_endpoint_function  fastapi/routing.py:204
         └─ 0.192 post_no_id  pybend/core/api/routes_fastapi.py:336
            └─ 0.192 User.login  pybend/core/models/base_user.py:74
               └─ 0.191 verify_password  pybend/core/authorize/auth.py:42
                  └─ 0.191 checkpw  <built-in>



========================================================================
GET /Product  ->  200  (5.0ms)
========================================================================

  _     ._   __/__   _ _  _  _ _/_   Recorded: 13:03:41  Samples:  4
 /_//_/// /_\ / //_// / //_'/ //     Duration: 0.005     CPU time: 0.005
/   _/                      v5.1.2

Profile at /code/pystack/pybend/src/pybend/example/../../pybend/core/tests/profiling/middleware.py:57

0.004 Handle._run  asyncio/events.py:86
├─ 0.003 coro  starlette/middleware/base.py:136
│     [15 frames hidden]  starlette, fastapi
│        0.002 jsonable_encoder  fastapi/encoders.py:102
│        ├─ 0.001 [self]  fastapi/encoders.py
│        └─ 0.001 jsonable_encoder  fastapi/encoders.py:102
│        0.001 run_endpoint_function  fastapi/routing.py:204
│        └─ 0.001 get_model_schema  pybend/core/api/routes_fastapi.py:169
│           └─ 0.001 Product.schema  pybend/core/models/proto_model.py:197
│              └─ 0.001 deepcopy  copy.py:118
│                    [12 frames hidden]  copy
│                       0.001 _deepcopy_atomic  copy.py:172
└─ 0.001 RequestResponseCycle.run_asgi  uvicorn/protocols/http/h11_impl.py:401
      [3 frames hidden]  uvicorn, fastapi, starlette
         0.001 ServerErrorMiddleware.__call__  starlette/middleware/errors.py:150
         └─ 0.001 ProfilingMiddleware.__call__  pybend/core/tests/profiling/middleware.py:35
            └─ 0.001 JWTAuthMiddleware.__call__  starlette/middleware/base.py:98
               └─ 0.001 _StreamingResponse.__call__  starlette/middleware/base.py:205
                  └─ 0.001 send_wrapper  pybend/core/tests/profiling/middleware.py:48
                     └─ 0.001 _send  starlette/middleware/errors.py:157
                           [4 frames hidden]  uvicorn, h11
                              0.001 Pattern.fullmatch  <built-in>



========================================================================
GET /Product  ->  200  (4.7ms)
========================================================================

  _     ._   __/__   _ _  _  _ _/_   Recorded: 13:03:41  Samples:  4
 /_//_/// /_\ / //_// / //_'/ //     Duration: 0.005     CPU time: 0.005
/   _/                      v5.1.2

Profile at /code/pystack/pybend/src/pybend/example/../../pybend/core/tests/profiling/middleware.py:57

0.004 Handle._run  asyncio/events.py:86
└─ 0.004 coro  starlette/middleware/base.py:136
      [18 frames hidden]  starlette, fastapi
         0.002 jsonable_encoder  fastapi/encoders.py:102
         │  0.001 isinstance  <built-in>
         └─ 0.001 [self]  fastapi/encoders.py
         0.001 run_endpoint_function  fastapi/routing.py:204
         └─ 0.001 get_model_schema  pybend/core/api/routes_fastapi.py:169
            └─ 0.001 Product.schema  pybend/core/models/proto_model.py:197
               └─ 0.001 deepcopy  copy.py:118
                     [11 frames hidden]  copy, <built-in>
         0.001 [self]  starlette/middleware/base.py



========================================================================
GET /Product  ->  200  (4.9ms)
========================================================================

  _     ._   __/__   _ _  _  _ _/_   Recorded: 13:03:41  Samples:  4
 /_//_/// /_\ / //_// / //_'/ //     Duration: 0.005     CPU time: 0.005
/   _/                      v5.1.2

Profile at /code/pystack/pybend/src/pybend/example/../../pybend/core/tests/profiling/middleware.py:57

0.004 Handle._run  asyncio/events.py:86
├─ 0.003 coro  starlette/middleware/base.py:136
│     [19 frames hidden]  starlette, fastapi, dataclasses
│        0.001 hasattr  <built-in>
│        0.001 is_dataclass  dataclasses.py:1294
│        0.001 run_endpoint_function  fastapi/routing.py:204
│        └─ 0.001 get_model_schema  pybend/core/api/routes_fastapi.py:169
│           └─ 0.001 Product.schema  pybend/core/models/proto_model.py:197
│              └─ 0.001 deepcopy  copy.py:118
│                    [9 frames hidden]  copy
│                       0.001 deepcopy  copy.py:118
└─ 0.001 RequestResponseCycle.run_asgi  uvicorn/protocols/http/h11_impl.py:401
      [3 frames hidden]  uvicorn, fastapi, starlette
         0.001 ServerErrorMiddleware.__call__  starlette/middleware/errors.py:150
         └─ 0.001 ProfilingMiddleware.__call__  pybend/core/tests/profiling/middleware.py:35
            └─ 0.001 JWTAuthMiddleware.__call__  starlette/middleware/base.py:98
               └─ 0.001 _StreamingResponse.__call__  starlette/middleware/base.py:205
                  └─ 0.001 send_wrapper  pybend/core/tests/profiling/middleware.py:48
                     └─ 0.001 _send  starlette/middleware/errors.py:157
                        └─ 0.001 RequestResponseCycle.send  uvicorn/protocols/http/h11_impl.py:447
                           └─ 0.001 Logger.info  logging/__init__.py:1529



========================================================================
GET /User  ->  200  (6.3ms)
========================================================================

  _     ._   __/__   _ _  _  _ _/_   Recorded: 13:03:41  Samples:  6
 /_//_/// /_\ / //_// / //_'/ //     Duration: 0.006     CPU time: 0.006
/   _/                      v5.1.2

Profile at /code/pystack/pybend/src/pybend/example/../../pybend/core/tests/profiling/middleware.py:57

0.006 Handle._run  asyncio/events.py:86
└─ 0.006 coro  starlette/middleware/base.py:136
      [15 frames hidden]  starlette, fastapi
         0.004 run_endpoint_function  fastapi/routing.py:204
         └─ 0.004 get_model_schema  pybend/core/api/routes_fastapi.py:169
            └─ 0.004 User.schema  pybend/core/models/proto_model.py:197
               ├─ 0.002 User.referenced_json_schema  pybend/core/models/proto_model.py:319
               │  ├─ 0.001 _is_self_ref  pybend/core/utils/introspection.py:206
               │  │  └─ 0.001 get_origin  typing.py:2310
               │  └─ 0.001 User.model_json_schema  pydantic/main.py:413
               │        [9 frames hidden]  pydantic, typing, <built-in>
               ├─ 0.001 User.model_json_schema  pydantic/main.py:413
               │     [4 frames hidden]  pydantic
               │        0.001 new_handler_func  pydantic/json_schema.py:520
               │        └─ 0.001 User.__get_pydantic_json_schema__  pybend/core/models/proto_model.py:341
               │           └─ 0.001 User.__get_pydantic_json_schema__  pydantic/main.py:628
               │                 [23 frames hidden]  pydantic
               └─ 0.001 collect_all_referenced_models  pybend/core/utils/introspection.py:62
                  └─ 0.001 User.__pybend_methods_json_signature__  pybend/core/models/proto_model.py:139
                     └─ 0.001 pydantic_schema_for_type  pybend/core/utils/introspection.py:14



========================================================================
GET /User  ->  200  (2.6ms)
========================================================================

  _     ._   __/__   _ _  _  _ _/_   Recorded: 13:03:41  Samples:  3
 /_//_/// /_\ / //_// / //_'/ //     Duration: 0.003     CPU time: 0.003
/   _/                      v5.1.2

Profile at /code/pystack/pybend/src/pybend/example/../../pybend/core/tests/profiling/middleware.py:57

0.002 Handle._run  asyncio/events.py:86
├─ 0.001 coro  starlette/middleware/base.py:136
│     [18 frames hidden]  starlette, fastapi
│        0.001 jsonable_encoder  fastapi/encoders.py:102
└─ 0.001 RequestResponseCycle.run_asgi  uvicorn/protocols/http/h11_impl.py:401
      [3 frames hidden]  uvicorn, fastapi, starlette
         0.001 ServerErrorMiddleware.__call__  starlette/middleware/errors.py:150
         └─ 0.001 ProfilingMiddleware.__call__  pybend/core/tests/profiling/middleware.py:35
            └─ 0.001 JWTAuthMiddleware.__call__  starlette/middleware/base.py:98
               └─ 0.001 _StreamingResponse.__call__  starlette/middleware/base.py:205
                  └─ 0.001 send_wrapper  pybend/core/tests/profiling/middleware.py:48
                     └─ 0.001 _send  starlette/middleware/errors.py:157
                           [5 frames hidden]  uvicorn, asyncio
                              0.001 TimerHandle.__init__  asyncio/events.py:36



========================================================================
GET /User  ->  200  (2.2ms)
========================================================================

  _     ._   __/__   _ _  _  _ _/_   Recorded: 13:03:41  Samples:  2
 /_//_/// /_\ / //_// / //_'/ //     Duration: 0.002     CPU time: 0.002
/   _/                      v5.1.2

Profile at /code/pystack/pybend/src/pybend/example/../../pybend/core/tests/profiling/middleware.py:57

0.001 Handle._run  asyncio/events.py:86
├─ 0.001 RequestResponseCycle.run_asgi  uvicorn/protocols/http/h11_impl.py:401
│     [3 frames hidden]  uvicorn, fastapi, starlette
│        0.001 ServerErrorMiddleware.__call__  starlette/middleware/errors.py:150
│        └─ 0.001 ProfilingMiddleware.__call__  pybend/core/tests/profiling/middleware.py:35
│           └─ 0.001 JWTAuthMiddleware.__call__  starlette/middleware/base.py:98
│              └─ 0.001 _StreamingResponse.__call__  starlette/middleware/base.py:205
│                 └─ 0.001 send_wrapper  pybend/core/tests/profiling/middleware.py:48
│                    └─ 0.001 _send  starlette/middleware/errors.py:157
│                          [3 frames hidden]  uvicorn, logging
│                             0.001 Logger.findCaller  logging/__init__.py:1611
└─ 0.000 coro  starlette/middleware/base.py:136
      [10 frames hidden]  starlette, fastapi
         0.000 run_endpoint_function  fastapi/routing.py:204
         └─ 0.000 get_model_schema  pybend/core/api/routes_fastapi.py:169
            └─ 0.000 User.schema  pybend/core/models/proto_model.py:197
               └─ 0.000 deepcopy  copy.py:118
                     [11 frames hidden]  copy
                        0.000 deepcopy  copy.py:118



========================================================================
GET /products  ->  200  (3.4ms)
========================================================================

  _     ._   __/__   _ _  _  _ _/_   Recorded: 13:03:41  Samples:  4
 /_//_/// /_\ / //_// / //_'/ //     Duration: 0.003     CPU time: 0.003
/   _/                      v5.1.2

Profile at /code/pystack/pybend/src/pybend/example/../../pybend/core/tests/profiling/middleware.py:57

0.003 Handle._run  asyncio/events.py:86
├─ 0.002 coro  starlette/middleware/base.py:136
│     [16 frames hidden]  starlette, fastapi
│        0.001 run_endpoint_function  fastapi/routing.py:204
│        └─ 0.001 list_all_instances  pybend/core/api/routes_fastapi.py:93
│           └─ 0.001 Product.list  pybend/core/models/storable_mixin.py:91
│              └─ 0.001 SQLiteStorage.list  pybend/core/storage/sqlite_storage.py:85
│        0.001 list.append  <built-in>
└─ 0.001 RequestResponseCycle.run_asgi  uvicorn/protocols/http/h11_impl.py:401
      [3 frames hidden]  uvicorn, fastapi, starlette
         0.001 ServerErrorMiddleware.__call__  starlette/middleware/errors.py:150
         └─ 0.001 ProfilingMiddleware.__call__  pybend/core/tests/profiling/middleware.py:35
            └─ 0.001 Profiler.stop  pyinstrument/profiler.py:171
               └─ 0.001 StackSampler.unsubscribe  pyinstrument/stack_sampler.py:100



========================================================================
GET /products  ->  200  (5.1ms)
========================================================================

  _     ._   __/__   _ _  _  _ _/_   Recorded: 13:03:41  Samples:  5
 /_//_/// /_\ / //_// / //_'/ //     Duration: 0.005     CPU time: 0.005
/   _/                      v5.1.2

Profile at /code/pystack/pybend/src/pybend/example/../../pybend/core/tests/profiling/middleware.py:57

0.005 Handle._run  asyncio/events.py:86
├─ 0.004 coro  starlette/middleware/base.py:136
│     [14 frames hidden]  starlette, fastapi
│        0.002 jsonable_encoder  fastapi/encoders.py:102
│        0.002 run_endpoint_function  fastapi/routing.py:204
│        └─ 0.002 list_all_instances  pybend/core/api/routes_fastapi.py:93
│           └─ 0.002 Product.list  pybend/core/models/storable_mixin.py:91
│              └─ 0.002 SQLiteStorage.list  pybend/core/storage/sqlite_storage.py:85
│                 ├─ 0.001 Product.__init__  pybend/core/models/proto_model.py:96
│                 └─ 0.001 Cursor.fetchall  <built-in>
└─ 0.001 _SelectorSocketTransport._read_ready  asyncio/selector_events.py:969
      [7 frames hidden]  asyncio
         0.001 copy_context  <built-in>



========================================================================
GET /products  ->  200  (15.8ms)
========================================================================

  _     ._   __/__   _ _  _  _ _/_   Recorded: 13:03:41  Samples:  16
 /_//_/// /_\ / //_// / //_'/ //     Duration: 0.016     CPU time: 0.016
/   _/                      v5.1.2

Profile at /code/pystack/pybend/src/pybend/example/../../pybend/core/tests/profiling/middleware.py:57

0.015 _UnixSelectorEventLoop._run_once  asyncio/base_events.py:1910
├─ 0.015 Handle._run  asyncio/events.py:86
│     [34 frames hidden]  starlette, fastapi, <built-in>, datac...
│        0.006 run_endpoint_function  fastapi/routing.py:204
│        └─ 0.006 list_all_instances  pybend/core/api/routes_fastapi.py:93
│           └─ 0.006 Product.list  pybend/core/models/storable_mixin.py:91
│              └─ 0.006 SQLiteStorage.list  pybend/core/storage/sqlite_storage.py:85
│                 ├─ 0.005 SQLiteStorage._populate_fields  pybend/core/storage/sqlite_storage.py:286
│                 │  ├─ 0.002 ProductComment.__init__  pybend/core/models/proto_model.py:96
│                 │  ├─ 0.002 ProductComment.model_dump  pybend/core/models/proto_model.py:117
│                 │  │  ├─ 0.001 [self]  pybend/core/models/proto_model.py
│                 │  │  └─ 0.001 ProductComment.model_dump  pydantic/main.py:309
│                 │  └─ 0.001 [self]  pybend/core/storage/sqlite_storage.py
│                 └─ 0.001 Product.__init__  pybend/core/models/proto_model.py:96
│                    └─ 0.001 Mapping.__instancecheck__  <frozen abc>:117
│                       └─ 0.001 _abc_instancecheck  <built-in>
└─ 0.000 EpollSelector.select  selectors.py:451
   └─ 0.000 epoll.poll  <built-in>



========================================================================
GET /products  ->  200  (35.6ms)
========================================================================

  _     ._   __/__   _ _  _  _ _/_   Recorded: 13:03:41  Samples:  35
 /_//_/// /_\ / //_// / //_'/ //     Duration: 0.036     CPU time: 0.036
/   _/                      v5.1.2

Profile at /code/pystack/pybend/src/pybend/example/../../pybend/core/tests/profiling/middleware.py:57

0.035 Handle._run  asyncio/events.py:86
├─ 0.034 coro  starlette/middleware/base.py:136
│     [34 frames hidden]  starlette, fastapi, <built-in>, datac...
│        0.016 run_endpoint_function  fastapi/routing.py:204
│        └─ 0.016 list_all_instances  pybend/core/api/routes_fastapi.py:93
│           └─ 0.016 Product.list  pybend/core/models/storable_mixin.py:91
│              └─ 0.016 SQLiteStorage.list  pybend/core/storage/sqlite_storage.py:85
│                 ├─ 0.013 SQLiteStorage._populate_fields  pybend/core/storage/sqlite_storage.py:286
│                 │  ├─ 0.004 [self]  pybend/core/storage/sqlite_storage.py
│                 │  ├─ 0.003 ProductComment.__init__  pybend/core/models/proto_model.py:96
│                 │  │  ├─ 0.002 SchemaValidator.validate_python  <built-in>
│                 │  │  └─ 0.001 ProductComment.__setattr__  pydantic/main.py:813
│                 │  ├─ 0.003 ProductComment.model_dump  pybend/core/models/proto_model.py:117
│                 │  │  ├─ 0.002 ProductComment.model_dump  pydantic/main.py:309
│                 │  │  │  ├─ 0.001 [self]  pydantic/main.py
│                 │  │  │  └─ 0.001 <lambda>  pybend/core/utils/typer.py:91
│                 │  │  │     └─ 0.001 isinstance  <built-in>
│                 │  │  └─ 0.001 [self]  pybend/core/models/proto_model.py
│                 │  ├─ 0.002 get_ref_fields  pybend/core/utils/introspection.py:181
│                 │  │  ├─ 0.001 [self]  pybend/core/utils/introspection.py
│                 │  │  └─ 0.001 _is_self_ref  pybend/core/utils/introspection.py:206
│                 │  └─ 0.001 Cursor.execute  <built-in>
│                 ├─ 0.001 Connection.close  <built-in>
│                 ├─ 0.001 Product.__init__  pybend/core/models/proto_model.py:96
│                 │  └─ 0.001 ModelMetaclass.__instancecheck__  pydantic/_internal/_model_construction.py:248
│                 └─ 0.001 [self]  pybend/core/storage/sqlite_storage.py
└─ 0.001 RequestResponseCycle.run_asgi  uvicorn/protocols/http/h11_impl.py:401
      [3 frames hidden]  uvicorn, fastapi, starlette
         0.001 ServerErrorMiddleware.__call__  starlette/middleware/errors.py:150
         └─ 0.001 ProfilingMiddleware.__call__  pybend/core/tests/profiling/middleware.py:35
            └─ 0.001 JWTAuthMiddleware.__call__  starlette/middleware/base.py:98
               └─ 0.001 _StreamingResponse.__call__  starlette/middleware/base.py:205
                  └─ 0.001 send_wrapper  pybend/core/tests/profiling/middleware.py:48
                     └─ 0.001 _send  starlette/middleware/errors.py:157
                           [3 frames hidden]  uvicorn, asyncio, <built-in>



========================================================================
GET /products  ->  200  (40.4ms)
========================================================================

  _     ._   __/__   _ _  _  _ _/_   Recorded: 13:03:41  Samples:  40
 /_//_/// /_\ / //_// / //_'/ //     Duration: 0.040     CPU time: 0.040
/   _/                      v5.1.2

Profile at /code/pystack/pybend/src/pybend/example/../../pybend/core/tests/profiling/middleware.py:57

0.040 Handle._run  asyncio/events.py:86
├─ 0.039 coro  starlette/middleware/base.py:136
│     [39 frames hidden]  starlette, fastapi, dataclasses, pyda...
│        0.017 run_endpoint_function  fastapi/routing.py:204
│        └─ 0.017 list_all_instances  pybend/core/api/routes_fastapi.py:93
│           └─ 0.017 Product.list  pybend/core/models/storable_mixin.py:91
│              └─ 0.017 SQLiteStorage.list  pybend/core/storage/sqlite_storage.py:85
│                 ├─ 0.016 SQLiteStorage._populate_fields  pybend/core/storage/sqlite_storage.py:286
│                 │  ├─ 0.011 SQLiteStorage._populate_fields  pybend/core/storage/sqlite_storage.py:286
│                 │  │  ├─ 0.003 get_ref_fields  pybend/core/utils/introspection.py:181
│                 │  │  │  ├─ 0.002 _is_self_ref  pybend/core/utils/introspection.py:206
│                 │  │  │  │  └─ 0.002 get_origin  typing.py:2310
│                 │  │  │  │        [2 frames hidden]  <built-in>, typing
│                 │  │  │  └─ 0.001 [self]  pybend/core/utils/introspection.py
│                 │  │  ├─ 0.003 [self]  pybend/core/storage/sqlite_storage.py
│                 │  │  ├─ 0.002 Cursor.fetchall  <built-in>
│                 │  │  ├─ 0.001 get_list_fields  pybend/core/utils/introspection.py:138
│                 │  │  │  └─ 0.001 _AnnotatedAlias.__eq__  typing.py:2016
│                 │  │  ├─ 0.001 dict.get  <built-in>
│                 │  │  └─ 0.001 CommentLike.model_dump  pybend/core/models/proto_model.py:117
│                 │  │     └─ 0.001 CommentLike.model_dump  pydantic/main.py:309
│                 │  ├─ 0.002 Cursor.fetchall  <built-in>
│                 │  ├─ 0.002 get_ref_fields  pybend/core/utils/introspection.py:181
│                 │  │  ├─ 0.001 _is_self_ref  pybend/core/utils/introspection.py:206
│                 │  │  │  └─ 0.001 _GenericAlias.__getattr__  typing.py:1178
│                 │  │  │        [2 frames hidden]  typing, <built-in>
│                 │  │  └─ 0.001 get_args  typing.py:2340
│                 │  │     └─ 0.001 _should_unflatten_callable_args  typing.py:213
│                 │  └─ 0.001 dict.setdefault  <built-in>
│                 └─ 0.001 Cursor.execute  <built-in>
└─ 0.001 RequestResponseCycle.run_asgi  uvicorn/protocols/http/h11_impl.py:401
      [3 frames hidden]  uvicorn, fastapi, starlette
         0.001 ServerErrorMiddleware.__call__  starlette/middleware/errors.py:150
         └─ 0.001 ProfilingMiddleware.__call__  pybend/core/tests/profiling/middleware.py:35
            └─ 0.001 JWTAuthMiddleware.__call__  starlette/middleware/base.py:98
               └─ 0.001 _StreamingResponse.__call__  starlette/middleware/base.py:205
                  └─ 0.001 send_wrapper  pybend/core/tests/profiling/middleware.py:48
                     └─ 0.001 _send  starlette/middleware/errors.py:157
                           [4 frames hidden]  uvicorn, h11



========================================================================
GET /products  ->  200  (103.7ms)
========================================================================

  _     ._   __/__   _ _  _  _ _/_   Recorded: 13:03:41  Samples:  102
 /_//_/// /_\ / //_// / //_'/ //     Duration: 0.104     CPU time: 0.104
/   _/                      v5.1.2

Profile at /code/pystack/pybend/src/pybend/example/../../pybend/core/tests/profiling/middleware.py:57

0.103 Handle._run  asyncio/events.py:86
└─ 0.102 coro  starlette/middleware/base.py:136
      [40 frames hidden]  starlette, fastapi, dataclasses, <bui...
         0.046 run_endpoint_function  fastapi/routing.py:204
         └─ 0.046 list_all_instances  pybend/core/api/routes_fastapi.py:93
            └─ 0.046 Product.list  pybend/core/models/storable_mixin.py:91
               └─ 0.046 SQLiteStorage.list  pybend/core/storage/sqlite_storage.py:85
                  └─ 0.044 SQLiteStorage._populate_fields  pybend/core/storage/sqlite_storage.py:286
                     ├─ 0.030 SQLiteStorage._populate_fields  pybend/core/storage/sqlite_storage.py:286
                     │  ├─ 0.006 get_list_fields  pybend/core/utils/introspection.py:138
                     │  │  ├─ 0.003 get_origin  typing.py:2310
                     │  │  │  └─ 0.002 isinstance  <built-in>
                     │  │  └─ 0.002 [self]  pybend/core/utils/introspection.py
                     │  ├─ 0.006 CommentLike.__init__  pybend/core/models/proto_model.py:96
                     │  │  ├─ 0.003 [self]  pybend/core/models/proto_model.py
                     │  │  └─ 0.003 SchemaValidator.validate_python  <built-in>
                     │  ├─ 0.004 Cursor.fetchall  <built-in>
                     │  ├─ 0.004 [self]  pybend/core/storage/sqlite_storage.py
                     │  ├─ 0.003 CommentLike.model_dump  pybend/core/models/proto_model.py:117
                     │  ├─ 0.003 Cursor.execute  <built-in>
                     │  └─ 0.003 ProductComment.__getattr__  pydantic/main.py:781
                     ├─ 0.004 ProductLike.__init__  pybend/core/models/proto_model.py:96
                     ├─ 0.003 Cursor.fetchall  <built-in>
                     ├─ 0.003 [self]  pybend/core/storage/sqlite_storage.py
                     └─ 0.002 get_ref_fields  pybend/core/utils/introspection.py:181
                        └─ 0.002 _is_self_ref  pybend/core/utils/introspection.py:206
                           └─ 0.002 _GenericAlias.__getattr__  typing.py:1178



========================================================================
GET /products  ->  200  (8.0ms)
========================================================================

  _     ._   __/__   _ _  _  _ _/_   Recorded: 13:03:41  Samples:  8
 /_//_/// /_\ / //_// / //_'/ //     Duration: 0.008     CPU time: 0.008
/   _/                      v5.1.2

Profile at /code/pystack/pybend/src/pybend/example/../../pybend/core/tests/profiling/middleware.py:57

0.007 Handle._run  asyncio/events.py:86
├─ 0.007 coro  starlette/middleware/base.py:136
│     [19 frames hidden]  starlette, fastapi, <built-in>, datac...
│        0.003 run_endpoint_function  fastapi/routing.py:204
│        └─ 0.003 list_all_instances  pybend/core/api/routes_fastapi.py:93
│           ├─ 0.002 Product.list  pybend/core/models/storable_mixin.py:91
│           │  └─ 0.002 SQLiteStorage.list  pybend/core/storage/sqlite_storage.py:85
│           │     ├─ 0.001 Cursor.fetchall  <built-in>
│           │     └─ 0.001 Product.__init__  pybend/core/models/proto_model.py:96
│           └─ 0.001 _serialize  pybend/core/api/routes_fastapi.py:34
│              └─ 0.001 Product.model_dump  pybend/core/models/proto_model.py:117
└─ 0.000 RequestResponseCycle.run_asgi  uvicorn/protocols/http/h11_impl.py:401
      [3 frames hidden]  uvicorn, fastapi, starlette
         0.000 ServerErrorMiddleware.__call__  starlette/middleware/errors.py:150
         └─ 0.000 ProfilingMiddleware.__call__  pybend/core/tests/profiling/middleware.py:35
            └─ 0.000 JWTAuthMiddleware.__call__  starlette/middleware/base.py:98
               └─ 0.000 JWTAuthMiddleware.dispatch  pybend/core/api/backend.py:92
                  └─ 0.000 decode_token  pybend/core/authorize/auth.py:57
                     └─ 0.000 PyJWT.decode  jwt/api_jwt.py:306
                           [3 frames hidden]  jwt, json



========================================================================
GET /users  ->  200  (2.9ms)
========================================================================

  _     ._   __/__   _ _  _  _ _/_   Recorded: 13:03:41  Samples:  3
 /_//_/// /_\ / //_// / //_'/ //     Duration: 0.003     CPU time: 0.003
/   _/                      v5.1.2

Profile at /code/pystack/pybend/src/pybend/example/../../pybend/core/tests/profiling/middleware.py:57

0.003 Handle._run  asyncio/events.py:86
├─ 0.002 RequestResponseCycle.run_asgi  uvicorn/protocols/http/h11_impl.py:401
│     [3 frames hidden]  uvicorn, fastapi, starlette
│        0.002 ServerErrorMiddleware.__call__  starlette/middleware/errors.py:150
│        └─ 0.002 ProfilingMiddleware.__call__  pybend/core/tests/profiling/middleware.py:35
│           ├─ 0.001 [self]  pybend/core/tests/profiling/middleware.py
│           └─ 0.001 JWTAuthMiddleware.__call__  starlette/middleware/base.py:98
│              └─ 0.001 _StreamingResponse.__call__  starlette/middleware/base.py:205
│                 └─ 0.001 send_wrapper  pybend/core/tests/profiling/middleware.py:48
│                    └─ 0.001 _send  starlette/middleware/errors.py:157
│                          [4 frames hidden]  uvicorn, logging
│                             0.001 LogRecord.__init__  logging/__init__.py:298
└─ 0.001 coro  starlette/middleware/base.py:136
      [10 frames hidden]  starlette, fastapi
         0.001 run_endpoint_function  fastapi/routing.py:204
         └─ 0.001 list_all_instances  pybend/core/api/routes_fastapi.py:93
            └─ 0.001 User.list  pybend/core/models/storable_mixin.py:91
               └─ 0.001 SQLiteStorage.list  pybend/core/storage/sqlite_storage.py:85
                  └─ 0.001 User.__init__  pybend/core/models/proto_model.py:96



========================================================================
GET /products/1  ->  200  (2.1ms)
========================================================================

  _     ._   __/__   _ _  _  _ _/_   Recorded: 13:03:41  Samples:  2
 /_//_/// /_\ / //_// / //_'/ //     Duration: 0.002     CPU time: 0.002
/   _/                      v5.1.2

Profile at /code/pystack/pybend/src/pybend/example/../../pybend/core/tests/profiling/middleware.py:57

0.002 Handle._run  asyncio/events.py:86
├─ 0.001 RequestResponseCycle.run_asgi  uvicorn/protocols/http/h11_impl.py:401
│     [3 frames hidden]  uvicorn, fastapi, starlette
│        0.001 ServerErrorMiddleware.__call__  starlette/middleware/errors.py:150
│        └─ 0.001 ProfilingMiddleware.__call__  pybend/core/tests/profiling/middleware.py:35
│           └─ 0.001 JWTAuthMiddleware.__call__  starlette/middleware/base.py:98
│                 [4 frames hidden]  starlette, anyio
│                    0.001 checkpoint  anyio/lowlevel.py:26
└─ 0.001 coro  starlette/middleware/base.py:136
      [10 frames hidden]  starlette, fastapi
         0.001 run_endpoint_function  fastapi/routing.py:204
         └─ 0.001 read_instance  pybend/core/api/routes_fastapi.py:184
            └─ 0.001 Logger.debug  logging/__init__.py:1517



========================================================================
GET /products/2  ->  200  (2.0ms)
========================================================================

  _     ._   __/__   _ _  _  _ _/_   Recorded: 13:03:41  Samples:  2
 /_//_/// /_\ / //_// / //_'/ //     Duration: 0.002     CPU time: 0.002
/   _/                      v5.1.2

Profile at /code/pystack/pybend/src/pybend/example/../../pybend/core/tests/profiling/middleware.py:57

0.002 Handle._run  asyncio/events.py:86
├─ 0.001 RequestResponseCycle.run_asgi  uvicorn/protocols/http/h11_impl.py:401
└─ 0.001 coro  starlette/middleware/base.py:136
      [10 frames hidden]  starlette, fastapi
         0.001 run_endpoint_function  fastapi/routing.py:204
         └─ 0.001 read_instance  pybend/core/api/routes_fastapi.py:184
            └─ 0.001 Product.get  pybend/core/models/storable_mixin.py:102
               └─ 0.001 SQLiteStorage.get  pybend/core/storage/sqlite_storage.py:204
                  └─ 0.001 Cursor.fetchall  <built-in>



========================================================================
GET /products/3  ->  200  (1.9ms)
========================================================================

  _     ._   __/__   _ _  _  _ _/_   Recorded: 13:03:41  Samples:  2
 /_//_/// /_\ / //_// / //_'/ //     Duration: 0.002     CPU time: 0.002
/   _/                      v5.1.2

Profile at /code/pystack/pybend/src/pybend/example/../../pybend/core/tests/profiling/middleware.py:57

0.002 Handle._run  asyncio/events.py:86
├─ 0.001 RequestResponseCycle.run_asgi  uvicorn/protocols/http/h11_impl.py:401
│     [3 frames hidden]  uvicorn, fastapi, starlette
│        0.001 ServerErrorMiddleware.__call__  starlette/middleware/errors.py:150
│        └─ 0.001 ProfilingMiddleware.__call__  pybend/core/tests/profiling/middleware.py:35
│           └─ 0.001 JWTAuthMiddleware.__call__  starlette/middleware/base.py:98
│              └─ 0.001 _StreamingResponse.__call__  starlette/middleware/base.py:205
│                 └─ 0.001 send_wrapper  pybend/core/tests/profiling/middleware.py:48
│                    └─ 0.001 _send  starlette/middleware/errors.py:157
└─ 0.001 coro  starlette/middleware/base.py:136
      [10 frames hidden]  starlette, fastapi
         0.001 run_endpoint_function  fastapi/routing.py:204
         └─ 0.001 read_instance  pybend/core/api/routes_fastapi.py:184
            └─ 0.001 Product.get  pybend/core/models/storable_mixin.py:102
               └─ 0.001 SQLiteStorage.get  pybend/core/storage/sqlite_storage.py:204



========================================================================
GET /products/1  ->  200  (3.3ms)
========================================================================

  _     ._   __/__   _ _  _  _ _/_   Recorded: 13:03:41  Samples:  4
 /_//_/// /_\ / //_// / //_'/ //     Duration: 0.003     CPU time: 0.003
/   _/                      v5.1.2

Profile at /code/pystack/pybend/src/pybend/example/../../pybend/core/tests/profiling/middleware.py:57

0.003 Handle._run  asyncio/events.py:86
├─ 0.002 coro  starlette/middleware/base.py:136
│     [16 frames hidden]  starlette, fastapi
│        0.001 is_dataclass  dataclasses.py:1294
│        0.001 run_endpoint_function  fastapi/routing.py:204
│        └─ 0.001 read_instance  pybend/core/api/routes_fastapi.py:184
│           └─ 0.001 Product.get  pybend/core/models/storable_mixin.py:102
│              └─ 0.001 SQLiteStorage.get  pybend/core/storage/sqlite_storage.py:204
│                 └─ 0.001 SQLiteStorage._populate_fields  pybend/core/storage/sqlite_storage.py:286
│                    └─ 0.001 list.append  <built-in>
└─ 0.001 RequestResponseCycle.run_asgi  uvicorn/protocols/http/h11_impl.py:401
      [3 frames hidden]  uvicorn, fastapi, starlette
         0.001 ServerErrorMiddleware.__call__  starlette/middleware/errors.py:150
         └─ 0.001 ProfilingMiddleware.__call__  pybend/core/tests/profiling/middleware.py:35
            ├─ 0.001 [self]  pybend/core/tests/profiling/middleware.py
            └─ 0.000 JWTAuthMiddleware.__call__  starlette/middleware/base.py:98
               └─ 0.000 JWTAuthMiddleware.dispatch  pybend/core/api/backend.py:92
                  └─ 0.000 decode_token  pybend/core/authorize/auth.py:57
                     └─ 0.000 PyJWT.decode  jwt/api_jwt.py:306
                           [7 frames hidden]  jwt, hmac, <built-in>



========================================================================
GET /products/2  ->  200  (3.2ms)
========================================================================

  _     ._   __/__   _ _  _  _ _/_   Recorded: 13:03:41  Samples:  3
 /_//_/// /_\ / //_// / //_'/ //     Duration: 0.003     CPU time: 0.003
/   _/                      v5.1.2

Profile at /code/pystack/pybend/src/pybend/example/../../pybend/core/tests/profiling/middleware.py:57

0.002 Handle._run  asyncio/events.py:86
├─ 0.001 coro  starlette/middleware/base.py:136
│     [10 frames hidden]  starlette, fastapi
│        0.001 run_endpoint_function  fastapi/routing.py:204
│        └─ 0.001 read_instance  pybend/core/api/routes_fastapi.py:184
│           └─ 0.001 Product.get  pybend/core/models/storable_mixin.py:102
│              └─ 0.001 SQLiteStorage.get  pybend/core/storage/sqlite_storage.py:204
│                 ├─ 0.001 SQLiteStorage._populate_fields  pybend/core/storage/sqlite_storage.py:286
│                 │  └─ 0.001 ProductLike.__init__  pybend/core/models/proto_model.py:96
│                 └─ 0.000 [self]  pybend/core/storage/sqlite_storage.py
└─ 0.001 RequestResponseCycle.run_asgi  uvicorn/protocols/http/h11_impl.py:401
      [3 frames hidden]  uvicorn, fastapi, starlette
         0.001 ServerErrorMiddleware.__call__  starlette/middleware/errors.py:150
         └─ 0.001 ProfilingMiddleware.__call__  pybend/core/tests/profiling/middleware.py:35
            └─ 0.001 JWTAuthMiddleware.__call__  starlette/middleware/base.py:98
               └─ 0.001 JWTAuthMiddleware.dispatch  pybend/core/api/backend.py:92
                  └─ 0.001 call_next  starlette/middleware/base.py:109
                        [2 frames hidden]  anyio
                           0.001 Event.wait  asyncio/locks.py:199
                           └─ 0.001 [await]  asyncio/locks.py



========================================================================
GET /products/3  ->  200  (3.1ms)
========================================================================

  _     ._   __/__   _ _  _  _ _/_   Recorded: 13:03:41  Samples:  3
 /_//_/// /_\ / //_// / //_'/ //     Duration: 0.003     CPU time: 0.003
/   _/                      v5.1.2

Profile at /code/pystack/pybend/src/pybend/example/../../pybend/core/tests/profiling/middleware.py:57

0.002 Handle._run  asyncio/events.py:86
├─ 0.001 coro  starlette/middleware/base.py:136
│     [14 frames hidden]  starlette, fastapi, dataclasses
│        0.001 hasattr  <built-in>
│        0.001 run_endpoint_function  fastapi/routing.py:204
│        └─ 0.001 read_instance  pybend/core/api/routes_fastapi.py:184
│           └─ 0.001 Product.get  pybend/core/models/storable_mixin.py:102
│              └─ 0.001 SQLiteStorage.get  pybend/core/storage/sqlite_storage.py:204
│                 └─ 0.001 Cursor.execute  <built-in>
└─ 0.001 RequestResponseCycle.run_asgi  uvicorn/protocols/http/h11_impl.py:401
      [3 frames hidden]  uvicorn, fastapi, starlette
         0.001 ServerErrorMiddleware.__call__  starlette/middleware/errors.py:150
         └─ 0.001 ProfilingMiddleware.__call__  pybend/core/tests/profiling/middleware.py:35
            └─ 0.001 JWTAuthMiddleware.__call__  starlette/middleware/base.py:98
               └─ 0.001 _StreamingResponse.__call__  starlette/middleware/base.py:205
                  └─ 0.001 send_wrapper  pybend/core/tests/profiling/middleware.py:48
                     └─ 0.001 _send  starlette/middleware/errors.py:157
                           [4 frames hidden]  uvicorn, logging
                              0.001 LogRecord.__init__  logging/__init__.py:298



========================================================================
GET /products/1  ->  200  (5.8ms)
========================================================================

  _     ._   __/__   _ _  _  _ _/_   Recorded: 13:03:41  Samples:  6
 /_//_/// /_\ / //_// / //_'/ //     Duration: 0.006     CPU time: 0.006
/   _/                      v5.1.2

Profile at /code/pystack/pybend/src/pybend/example/../../pybend/core/tests/profiling/middleware.py:57

0.005 Handle._run  asyncio/events.py:86
├─ 0.004 coro  starlette/middleware/base.py:136
│     [26 frames hidden]  starlette, fastapi, dataclasses, urllib
│        0.002 run_endpoint_function  fastapi/routing.py:204
│        └─ 0.002 read_instance  pybend/core/api/routes_fastapi.py:184
│           └─ 0.002 Product.get  pybend/core/models/storable_mixin.py:102
│              └─ 0.002 SQLiteStorage.get  pybend/core/storage/sqlite_storage.py:204
│                 └─ 0.002 SQLiteStorage._populate_fields  pybend/core/storage/sqlite_storage.py:286
│                    └─ 0.002 SQLiteStorage._populate_fields  pybend/core/storage/sqlite_storage.py:286
│                       ├─ 0.001 Cursor.fetchall  <built-in>
│                       └─ 0.001 get_ref_fields  pybend/core/utils/introspection.py:181
└─ 0.001 [self]  asyncio/events.py



========================================================================
GET /products/2  ->  200  (7.3ms)
========================================================================

  _     ._   __/__   _ _  _  _ _/_   Recorded: 13:03:41  Samples:  8
 /_//_/// /_\ / //_// / //_'/ //     Duration: 0.007     CPU time: 0.007
/   _/                      v5.1.2

Profile at /code/pystack/pybend/src/pybend/example/../../pybend/core/tests/profiling/middleware.py:57

0.007 Handle._run  asyncio/events.py:86
├─ 0.006 coro  starlette/middleware/base.py:136
│     [21 frames hidden]  starlette, fastapi, <built-in>, datac...
│        0.003 run_endpoint_function  fastapi/routing.py:204
│        └─ 0.003 read_instance  pybend/core/api/routes_fastapi.py:184
│           └─ 0.003 Product.get  pybend/core/models/storable_mixin.py:102
│              └─ 0.003 SQLiteStorage.get  pybend/core/storage/sqlite_storage.py:204
│                 └─ 0.003 SQLiteStorage._populate_fields  pybend/core/storage/sqlite_storage.py:286
│                    ├─ 0.001 Cursor.fetchall  <built-in>
│                    ├─ 0.001 Cursor.execute  <built-in>
│                    └─ 0.001 SQLiteStorage._populate_fields  pybend/core/storage/sqlite_storage.py:286
│                       └─ 0.001 CommentLike.__init__  pybend/core/models/proto_model.py:96
│                          └─ 0.001 SchemaValidator.validate_python  <built-in>
├─ 0.001 [self]  asyncio/events.py
└─ 0.000 RequestResponseCycle.run_asgi  uvicorn/protocols/http/h11_impl.py:401
      [3 frames hidden]  uvicorn, fastapi, starlette
         0.000 ServerErrorMiddleware.__call__  starlette/middleware/errors.py:150
         └─ 0.000 ProfilingMiddleware.__call__  pybend/core/tests/profiling/middleware.py:35
            └─ 0.000 JWTAuthMiddleware.__call__  starlette/middleware/base.py:98
               └─ 0.000 JWTAuthMiddleware.dispatch  pybend/core/api/backend.py:92
                  └─ 0.000 _CachedRequest.url  starlette/requests.py:99
                        [2 frames hidden]  starlette, <built-in>



========================================================================
GET /products/3  ->  200  (5.7ms)
========================================================================

  _     ._   __/__   _ _  _  _ _/_   Recorded: 13:03:41  Samples:  6
 /_//_/// /_\ / //_// / //_'/ //     Duration: 0.006     CPU time: 0.006
/   _/                      v5.1.2

Profile at /code/pystack/pybend/src/pybend/example/../../pybend/core/tests/profiling/middleware.py:57

0.005 Handle._run  asyncio/events.py:86
└─ 0.005 coro  starlette/middleware/base.py:136
      [28 frames hidden]  starlette, fastapi, <built-in>, pydan...
         0.002 run_endpoint_function  fastapi/routing.py:204
         └─ 0.002 read_instance  pybend/core/api/routes_fastapi.py:184
            └─ 0.002 Product.get  pybend/core/models/storable_mixin.py:102
               └─ 0.002 SQLiteStorage.get  pybend/core/storage/sqlite_storage.py:204
                  └─ 0.002 SQLiteStorage._populate_fields  pybend/core/storage/sqlite_storage.py:286
                     ├─ 0.001 [self]  pybend/core/storage/sqlite_storage.py
                     └─ 0.001 SQLiteStorage._populate_fields  pybend/core/storage/sqlite_storage.py:286
                        └─ 0.001 get_ref_fields  pybend/core/utils/introspection.py:181
                           └─ 0.001 get_origin  typing.py:2310



========================================================================
GET /users/1  ->  200  (1.6ms)
========================================================================

  _     ._   __/__   _ _  _  _ _/_   Recorded: 13:03:41  Samples:  2
 /_//_/// /_\ / //_// / //_'/ //     Duration: 0.002     CPU time: 0.002
/   _/                      v5.1.2

Profile at /code/pystack/pybend/src/pybend/example/../../pybend/core/tests/profiling/middleware.py:57

0.001 _UnixSelectorEventLoop._run_once  asyncio/base_events.py:1910
├─ 0.001 Handle._run  asyncio/events.py:86
│     [4 frames hidden]  uvicorn, fastapi, starlette
│        0.001 ServerErrorMiddleware.__call__  starlette/middleware/errors.py:150
│        └─ 0.001 ProfilingMiddleware.__call__  pybend/core/tests/profiling/middleware.py:35
│           └─ 0.001 JWTAuthMiddleware.__call__  starlette/middleware/base.py:98
│              └─ 0.001 _StreamingResponse.__call__  starlette/middleware/base.py:205
│                 └─ 0.001 send_wrapper  pybend/core/tests/profiling/middleware.py:48
│                    └─ 0.001 _send  starlette/middleware/errors.py:157
│                          [5 frames hidden]  uvicorn, h11
│                             0.001 ConnectionState._fire_state_triggered_transitions  h11/_state.py:316
└─ 0.000 [self]  asyncio/base_events.py



========================================================================
GET /products/1/comments  ->  200  (10.3ms)
========================================================================

  _     ._   __/__   _ _  _  _ _/_   Recorded: 13:03:41  Samples:  10
 /_//_/// /_\ / //_// / //_'/ //     Duration: 0.010     CPU time: 0.010
/   _/                      v5.1.2

Profile at /code/pystack/pybend/src/pybend/example/../../pybend/core/tests/profiling/middleware.py:57

0.010 Handle._run  asyncio/events.py:86
└─ 0.010 coro  starlette/middleware/base.py:136
      [21 frames hidden]  starlette, fastapi, anyio, asyncio
         0.008 run_endpoint_function  fastapi/routing.py:204
         └─ 0.008 list_all_instances  pybend/core/api/routes_fastapi.py:93
            └─ 0.008 ProductComment.list  pybend/core/models/storable_mixin.py:91
               ├─ 0.007 SQLiteStorage.list  pybend/core/storage/sqlite_storage.py:85
               │  ├─ 0.004 [self]  pybend/core/storage/sqlite_storage.py
               │  ├─ 0.002 ProductComment.__init__  pybend/core/models/proto_model.py:96
               │  │  ├─ 0.001 SchemaValidator.validate_python  <built-in>
               │  │  └─ 0.001 ModelMetaclass.__instancecheck__  pydantic/_internal/_model_construction.py:248
               │  └─ 0.001 dict.get  <built-in>
               └─ 0.001 [self]  pybend/core/models/storable_mixin.py



========================================================================
GET /products/2/comments  ->  200  (10.4ms)
========================================================================

  _     ._   __/__   _ _  _  _ _/_   Recorded: 13:03:41  Samples:  11
 /_//_/// /_\ / //_// / //_'/ //     Duration: 0.010     CPU time: 0.010
/   _/                      v5.1.2

Profile at /code/pystack/pybend/src/pybend/example/../../pybend/core/tests/profiling/middleware.py:57

0.010 Handle._run  asyncio/events.py:86
├─ 0.009 coro  starlette/middleware/base.py:136
│     [14 frames hidden]  starlette, fastapi
│        0.008 run_endpoint_function  fastapi/routing.py:204
│        └─ 0.008 list_all_instances  pybend/core/api/routes_fastapi.py:93
│           └─ 0.008 ProductComment.list  pybend/core/models/storable_mixin.py:91
│              └─ 0.008 SQLiteStorage.list  pybend/core/storage/sqlite_storage.py:85
│                 ├─ 0.003 ProductComment.__init__  pybend/core/models/proto_model.py:96
│                 │  ├─ 0.002 [self]  pybend/core/models/proto_model.py
│                 │  └─ 0.001 ProductComment.__setattr__  pydantic/main.py:813
│                 │        [2 frames hidden]  pydantic, <built-in>
│                 ├─ 0.003 [self]  pybend/core/storage/sqlite_storage.py
│                 └─ 0.002 Cursor.fetchall  <built-in>
├─ 0.001 [self]  asyncio/events.py
└─ 0.000 RequestResponseCycle.run_asgi  uvicorn/protocols/http/h11_impl.py:401
      [3 frames hidden]  uvicorn, fastapi, starlette
         0.000 ServerErrorMiddleware.__call__  starlette/middleware/errors.py:150
         └─ 0.000 ProfilingMiddleware.__call__  pybend/core/tests/profiling/middleware.py:35
            └─ 0.000 JWTAuthMiddleware.__call__  starlette/middleware/base.py:98
               └─ 0.000 JWTAuthMiddleware.dispatch  pybend/core/api/backend.py:92
                  └─ 0.000 decode_token  pybend/core/authorize/auth.py:57
                     └─ 0.000 PyJWT.decode  jwt/api_jwt.py:306
                           [4 frames hidden]  jwt



========================================================================
GET /products/1/favorites  ->  200  (3.8ms)
========================================================================

  _     ._   __/__   _ _  _  _ _/_   Recorded: 13:03:41  Samples:  4
 /_//_/// /_\ / //_// / //_'/ //     Duration: 0.004     CPU time: 0.004
/   _/                      v5.1.2

Profile at /code/pystack/pybend/src/pybend/example/../../pybend/core/tests/profiling/middleware.py:57

0.004 Handle._run  asyncio/events.py:86
├─ 0.002 coro  starlette/middleware/base.py:136
│     [15 frames hidden]  starlette, fastapi, copy, <built-in>
│        0.002 run_endpoint_function  fastapi/routing.py:204
│        └─ 0.002 list_all_instances  pybend/core/api/routes_fastapi.py:93
│           └─ 0.002 ProductLike.list  pybend/core/models/storable_mixin.py:91
│              └─ 0.002 SQLiteStorage.list  pybend/core/storage/sqlite_storage.py:85
│                 ├─ 0.001 [self]  pybend/core/storage/sqlite_storage.py
│                 └─ 0.001 ProductLike.__init__  pybend/core/models/proto_model.py:96
│                    └─ 0.001 ProductLike.__setattr__  pydantic/main.py:813
└─ 0.001 RequestResponseCycle.run_asgi  uvicorn/protocols/http/h11_impl.py:401



========================================================================
GET /products/2/favorites  ->  200  (3.8ms)
========================================================================

  _     ._   __/__   _ _  _  _ _/_   Recorded: 13:03:41  Samples:  4
 /_//_/// /_\ / //_// / //_'/ //     Duration: 0.004     CPU time: 0.004
/   _/                      v5.1.2

Profile at /code/pystack/pybend/src/pybend/example/../../pybend/core/tests/profiling/middleware.py:57

0.003 Handle._run  asyncio/events.py:86
├─ 0.002 coro  starlette/middleware/base.py:136
│     [10 frames hidden]  starlette, fastapi
│        0.002 run_endpoint_function  fastapi/routing.py:204
│        └─ 0.002 list_all_instances  pybend/core/api/routes_fastapi.py:93
│           └─ 0.002 ProductLike.list  pybend/core/models/storable_mixin.py:91
│              └─ 0.002 SQLiteStorage.list  pybend/core/storage/sqlite_storage.py:85
└─ 0.001 RequestResponseCycle.run_asgi  uvicorn/protocols/http/h11_impl.py:401
      [3 frames hidden]  uvicorn, fastapi, starlette
         0.001 ServerErrorMiddleware.__call__  starlette/middleware/errors.py:150
         └─ 0.001 ProfilingMiddleware.__call__  pybend/core/tests/profiling/middleware.py:35
            └─ 0.001 JWTAuthMiddleware.__call__  starlette/middleware/base.py:98
               ├─ 0.001 [self]  starlette/middleware/base.py
               └─ 0.000 JWTAuthMiddleware.dispatch  pybend/core/api/backend.py:92
                  └─ 0.000 URL.path  starlette/datastructures.py:78
                        [2 frames hidden]  starlette, urllib



========================================================================
POST /users/login  ->  200  (189.4ms)
========================================================================

  _     ._   __/__   _ _  _  _ _/_   Recorded: 13:03:41  Samples:  3
 /_//_/// /_\ / //_// / //_'/ //     Duration: 0.189     CPU time: 0.189
/   _/                      v5.1.2

Profile at /code/pystack/pybend/src/pybend/example/../../pybend/core/tests/profiling/middleware.py:57

0.189 Handle._run  asyncio/events.py:86
└─ 0.188 coro  starlette/middleware/base.py:136
      [10 frames hidden]  starlette, fastapi
         0.187 run_endpoint_function  fastapi/routing.py:204
         └─ 0.187 post_no_id  pybend/core/api/routes_fastapi.py:336
            └─ 0.187 User.login  pybend/core/models/base_user.py:74
               └─ 0.187 verify_password  pybend/core/authorize/auth.py:42
                  └─ 0.187 checkpw  <built-in>



========================================================================
POST /products  ->  201  (24.0ms)
========================================================================

  _     ._   __/__   _ _  _  _ _/_   Recorded: 13:03:41  Samples:  8
 /_//_/// /_\ / //_// / //_'/ //     Duration: 0.024     CPU time: 0.007
/   _/                      v5.1.2

Profile at /code/pystack/pybend/src/pybend/example/../../pybend/core/tests/profiling/middleware.py:57

0.024 Handle._run  asyncio/events.py:86
├─ 0.021 coro  starlette/middleware/base.py:136
│     [26 frames hidden]  starlette, fastapi, <string>, pydanti...
│        0.018 run_endpoint_function  fastapi/routing.py:204
│        └─ 0.018 create_instance  pybend/core/api/routes_fastapi.py:60
│           ├─ 0.017 Product.create  pybend/core/models/storable_mixin.py:63
│           │  └─ 0.017 SQLiteStorage.create  pybend/core/storage/sqlite_storage.py:53
│           │     └─ 0.017 Connection.commit  <built-in>
│           └─ 0.001 Logger.info  logging/__init__.py:1529
│                 [6 frames hidden]  logging
├─ 0.002 [self]  asyncio/events.py
└─ 0.001 wrap  starlette/middleware/base.py:116
      [3 frames hidden]  anyio, asyncio



========================================================================
POST /products  ->  201  (16.7ms)
========================================================================

  _     ._   __/__   _ _  _  _ _/_   Recorded: 13:03:41  Samples:  3
 /_//_/// /_\ / //_// / //_'/ //     Duration: 0.017     CPU time: 0.003
/   _/                      v5.1.2

Profile at /code/pystack/pybend/src/pybend/example/../../pybend/core/tests/profiling/middleware.py:57

0.016 Handle._run  asyncio/events.py:86
├─ 0.014 coro  starlette/middleware/base.py:136
│     [10 frames hidden]  starlette, fastapi
│        0.014 run_endpoint_function  fastapi/routing.py:204
│        └─ 0.014 create_instance  pybend/core/api/routes_fastapi.py:60
│           └─ 0.014 Product.create  pybend/core/models/storable_mixin.py:63
│              └─ 0.014 SQLiteStorage.create  pybend/core/storage/sqlite_storage.py:53
│                 └─ 0.014 Connection.commit  <built-in>
├─ 0.001 RequestResponseCycle.run_asgi  uvicorn/protocols/http/h11_impl.py:401
│     [3 frames hidden]  uvicorn, fastapi, starlette
│        0.001 ServerErrorMiddleware.__call__  starlette/middleware/errors.py:150
│        └─ 0.001 ProfilingMiddleware.__call__  pybend/core/tests/profiling/middleware.py:35
│           └─ 0.001 JWTAuthMiddleware.__call__  starlette/middleware/base.py:98
│              └─ 0.001 _StreamingResponse.__call__  starlette/middleware/base.py:205
│                 └─ 0.001 send_wrapper  pybend/core/tests/profiling/middleware.py:48
│                    └─ 0.001 _send  starlette/middleware/errors.py:157
│                          [10 frames hidden]  uvicorn, logging
└─ 0.001 [self]  asyncio/events.py



========================================================================
POST /products  ->  201  (16.7ms)
========================================================================

  _     ._   __/__   _ _  _  _ _/_   Recorded: 13:03:41  Samples:  5
 /_//_/// /_\ / //_// / //_'/ //     Duration: 0.017     CPU time: 0.003
/   _/                      v5.1.2

Profile at /code/pystack/pybend/src/pybend/example/../../pybend/core/tests/profiling/middleware.py:57

0.016 Handle._run  asyncio/events.py:86
└─ 0.016 coro  starlette/middleware/base.py:136
      [13 frames hidden]  starlette, fastapi
         0.015 run_endpoint_function  fastapi/routing.py:204
         └─ 0.015 create_instance  pybend/core/api/routes_fastapi.py:60
            ├─ 0.014 Product.create  pybend/core/models/storable_mixin.py:63
            │  └─ 0.014 SQLiteStorage.create  pybend/core/storage/sqlite_storage.py:53
            │     └─ 0.014 Connection.commit  <built-in>
            └─ 0.001 [self]  pybend/core/api/routes_fastapi.py



========================================================================
POST /products/1/comment  ->  200  (16.8ms)
========================================================================

  _     ._   __/__   _ _  _  _ _/_   Recorded: 13:03:41  Samples:  3
 /_//_/// /_\ / //_// / //_'/ //     Duration: 0.017     CPU time: 0.004
/   _/                      v5.1.2

Profile at /code/pystack/pybend/src/pybend/example/../../pybend/core/tests/profiling/middleware.py:57

0.016 Handle._run  asyncio/events.py:86
├─ 0.015 coro  starlette/middleware/base.py:136
│     [12 frames hidden]  starlette, fastapi
│        0.014 run_endpoint_function  fastapi/routing.py:204
│        └─ 0.014 post_with_id  pybend/core/api/routes_fastapi.py:300
│           └─ 0.014 Product.comment  models/product.py:62
│              └─ 0.014 Comment.save  pybend/core/models/storable_mixin.py:36
│                 └─ 0.014 Comment.create  pybend/core/models/storable_mixin.py:63
│                    └─ 0.014 ProductComment.create  pybend/core/models/storable_mixin.py:63
│                       └─ 0.014 SQLiteStorage.create  pybend/core/storage/sqlite_storage.py:53
│                          └─ 0.014 Connection.commit  <built-in>
└─ 0.001 RequestResponseCycle.run_asgi  uvicorn/protocols/http/h11_impl.py:401
      [3 frames hidden]  uvicorn, fastapi, starlette
         0.001 ServerErrorMiddleware.__call__  starlette/middleware/errors.py:150
         └─ 0.001 ProfilingMiddleware.__call__  pybend/core/tests/profiling/middleware.py:35
            └─ 0.001 JWTAuthMiddleware.__call__  starlette/middleware/base.py:98
               └─ 0.001 _StreamingResponse.__call__  starlette/middleware/base.py:205
                  └─ 0.001 send_wrapper  pybend/core/tests/profiling/middleware.py:48
                     └─ 0.001 _send  starlette/middleware/errors.py:157
                           [4 frames hidden]  uvicorn, h11



========================================================================
POST /products/2/comment  ->  200  (13.6ms)
========================================================================

  _     ._   __/__   _ _  _  _ _/_   Recorded: 13:03:41  Samples:  5
 /_//_/// /_\ / //_// / //_'/ //     Duration: 0.014     CPU time: 0.006
/   _/                      v5.1.2

Profile at /code/pystack/pybend/src/pybend/example/../../pybend/core/tests/profiling/middleware.py:57

0.013 Handle._run  asyncio/events.py:86
├─ 0.011 coro  starlette/middleware/base.py:136
│     [10 frames hidden]  starlette, fastapi
│        0.011 run_endpoint_function  fastapi/routing.py:204
│        └─ 0.011 post_with_id  pybend/core/api/routes_fastapi.py:300
│           ├─ 0.009 Product.comment  models/product.py:62
│           │  └─ 0.009 Comment.save  pybend/core/models/storable_mixin.py:36
│           │     └─ 0.009 Comment.create  pybend/core/models/storable_mixin.py:63
│           │        └─ 0.009 ProductComment.create  pybend/core/models/storable_mixin.py:63
│           │           └─ 0.009 SQLiteStorage.create  pybend/core/storage/sqlite_storage.py:53
│           │              └─ 0.009 Connection.commit  <built-in>
│           ├─ 0.001 Product.get  pybend/core/models/storable_mixin.py:102
│           │  └─ 0.001 SQLiteStorage.get  pybend/core/storage/sqlite_storage.py:204
│           └─ 0.001 [self]  pybend/core/api/routes_fastapi.py
└─ 0.001 RequestResponseCycle.run_asgi  uvicorn/protocols/http/h11_impl.py:401
      [4 frames hidden]  uvicorn, fastapi, starlette
         0.001 ServerErrorMiddleware.__call__  starlette/middleware/errors.py:150
         └─ 0.001 ProfilingMiddleware.__call__  pybend/core/tests/profiling/middleware.py:35
            └─ 0.001 JWTAuthMiddleware.__call__  starlette/middleware/base.py:98
               └─ 0.001 _StreamingResponse.__call__  starlette/middleware/base.py:205
                  └─ 0.001 send_wrapper  pybend/core/tests/profiling/middleware.py:48
                     └─ 0.001 _send  starlette/middleware/errors.py:157
                           [8 frames hidden]  uvicorn, h11



========================================================================
POST /products/1/favorite  ->  200  (18.3ms)
========================================================================

  _     ._   __/__   _ _  _  _ _/_   Recorded: 13:03:41  Samples:  6
 /_//_/// /_\ / //_// / //_'/ //     Duration: 0.018     CPU time: 0.004
/   _/                      v5.1.2

Profile at /code/pystack/pybend/src/pybend/example/../../pybend/core/tests/profiling/middleware.py:57

0.018 Handle._run  asyncio/events.py:86
├─ 0.016 coro  starlette/middleware/base.py:136
│     [11 frames hidden]  starlette, fastapi
│        0.016 run_endpoint_function  fastapi/routing.py:204
│        └─ 0.016 post_with_id  pybend/core/api/routes_fastapi.py:300
│           ├─ 0.015 Product.favorite  models/product.py:72
│           │  └─ 0.015 ProductLike.delete  pybend/core/models/storable_mixin.py:125
│           │     └─ 0.015 SQLiteStorage.delete  pybend/core/storage/sqlite_storage.py:553
│           │        └─ 0.015 Connection.commit  <built-in>
│           └─ 0.001 _resolve_user  pybend/core/api/routes_fastapi.py:256
│              └─ 0.001 User.get  pybend/core/models/storable_mixin.py:102
│                 └─ 0.001 SQLiteStorage.get  pybend/core/storage/sqlite_storage.py:204
│                    └─ 0.001 Cursor.execute  <built-in>
├─ 0.001 [self]  asyncio/events.py
└─ 0.001 CancelScope._deliver_cancellation  anyio/_backends/_asyncio.py:556
      [3 frames hidden]  asyncio



========================================================================
POST /products/2/favorite  ->  200  (18.2ms)
========================================================================

  _     ._   __/__   _ _  _  _ _/_   Recorded: 13:03:41  Samples:  4
 /_//_/// /_\ / //_// / //_'/ //     Duration: 0.018     CPU time: 0.004
/   _/                      v5.1.2

Profile at /code/pystack/pybend/src/pybend/example/../../pybend/core/tests/profiling/middleware.py:57

0.018 Handle._run  asyncio/events.py:86
├─ 0.016 coro  starlette/middleware/base.py:136
│     [10 frames hidden]  starlette, fastapi
│        0.016 run_endpoint_function  fastapi/routing.py:204
│        └─ 0.016 post_with_id  pybend/core/api/routes_fastapi.py:300
│           ├─ 0.015 Product.favorite  models/product.py:72
│           │  └─ 0.015 Like.save  pybend/core/models/storable_mixin.py:36
│           │     └─ 0.015 Like.create  pybend/core/models/storable_mixin.py:63
│           │        └─ 0.015 ProductLike.create  pybend/core/models/storable_mixin.py:63
│           │           └─ 0.015 SQLiteStorage.create  pybend/core/storage/sqlite_storage.py:53
│           │              └─ 0.015 Connection.commit  <built-in>
│           └─ 0.001 Product.get  pybend/core/models/storable_mixin.py:102
│              └─ 0.001 SQLiteStorage.get  pybend/core/storage/sqlite_storage.py:204
└─ 0.001 RequestResponseCycle.run_asgi  uvicorn/protocols/http/h11_impl.py:401
      [4 frames hidden]  uvicorn, fastapi, starlette
         0.001 ServerErrorMiddleware.__call__  starlette/middleware/errors.py:150
         └─ 0.001 ProfilingMiddleware.__call__  pybend/core/tests/profiling/middleware.py:35
            └─ 0.001 JWTAuthMiddleware.__call__  starlette/middleware/base.py:98
                  [8 frames hidden]  starlette, anyio, sniffio



========================================================================
POST /products/3/favorite  ->  200  (11.8ms)
========================================================================

  _     ._   __/__   _ _  _  _ _/_   Recorded: 13:03:41  Samples:  5
 /_//_/// /_\ / //_// / //_'/ //     Duration: 0.012     CPU time: 0.004
/   _/                      v5.1.2

Profile at /code/pystack/pybend/src/pybend/example/../../pybend/core/tests/profiling/middleware.py:57

0.012 Handle._run  asyncio/events.py:86
├─ 0.010 coro  starlette/middleware/base.py:136
│     [10 frames hidden]  starlette, fastapi
│        0.010 run_endpoint_function  fastapi/routing.py:204
│        └─ 0.010 post_with_id  pybend/core/api/routes_fastapi.py:300
│           ├─ 0.009 Product.favorite  models/product.py:72
│           │  └─ 0.009 Like.save  pybend/core/models/storable_mixin.py:36
│           │     └─ 0.009 Like.create  pybend/core/models/storable_mixin.py:63
│           │        └─ 0.009 ProductLike.create  pybend/core/models/storable_mixin.py:63
│           │           └─ 0.009 SQLiteStorage.create  pybend/core/storage/sqlite_storage.py:53
│           │              ├─ 0.009 Connection.commit  <built-in>
│           │              └─ 0.000 Logger.info  logging/__init__.py:1529
│           │                    [2 frames hidden]  logging
│           └─ 0.001 _resolve_user  pybend/core/api/routes_fastapi.py:256
│              └─ 0.001 User.get  pybend/core/models/storable_mixin.py:102
│                 └─ 0.001 SQLiteStorage.get  pybend/core/storage/sqlite_storage.py:204
│                    └─ 0.001 User.__init__  pybend/core/models/proto_model.py:96
│                       └─ 0.001 SchemaValidator.validate_python  <built-in>
├─ 0.001 [self]  asyncio/events.py
└─ 0.001 RequestResponseCycle.run_asgi  uvicorn/protocols/http/h11_impl.py:401
      [3 frames hidden]  uvicorn, fastapi, starlette
         0.001 ServerErrorMiddleware.__call__  starlette/middleware/errors.py:150
         └─ 0.001 ProfilingMiddleware.__call__  pybend/core/tests/profiling/middleware.py:35
            └─ 0.001 JWTAuthMiddleware.__call__  starlette/middleware/base.py:98
               └─ 0.001 JWTAuthMiddleware.dispatch  pybend/core/api/backend.py:92
                  └─ 0.001 call_next  starlette/middleware/base.py:109
                        [4 frames hidden]  anyio, typing, <string>


########################################################################
# API Profiling: batch-fk-hydration
# 2026-02-25 13:03:42
########################################################################

Tier        Records Ops    Errors      Total ms     Avg ms
-------------------------------------------------------
empty             0 14     -               85.5        6.1
small            36 37     -              471.4       12.7
medium          197 37     -              517.8       14.0
large           433 37     -              549.5       14.8
full           2042 37     -              718.8       19.4
-------------------------------------------------------
TOTAL               162    -             2342.9

--- Tier: empty (14 operations, 0 records) ---
Operation                                Method Status         ms
----------------------------------------------------------------
schema_Product_cold                      GET    200         27.64
schema_Product_warm                      GET    200          6.75
schema_Product_warm2                     GET    200          7.17
schema_User_cold                         GET    200          9.27
schema_User_warm                         GET    200          6.69
schema_User_warm2                        GET    200          4.45
list_products_d0_limit_10                GET    200          4.39
list_products_d0_limit_25                GET    200          3.94
list_products_d1_limit_10                GET    200          3.28
list_products_d1_limit_25                GET    200          1.93
list_products_d2_limit_10                GET    200          1.97
list_products_d2_limit_25                GET    200          2.16
list_products_all                        GET    200          3.26
list_users                               GET    200          2.58
----------------------------------------------------------------
TOTAL                                                       85.48

--- Tier: small (37 operations, 36 records) ---
Operation                                Method Status         ms
----------------------------------------------------------------
schema_Product_cold                      GET    200          6.37
schema_Product_warm                      GET    200          6.25
schema_Product_warm2                     GET    200          6.17
schema_User_cold                         GET    200          9.34
schema_User_warm                         GET    200          6.77
schema_User_warm2                        GET    200          3.40
list_products_d0_limit_10                GET    200          4.30
list_products_d0_limit_25                GET    200          3.34
list_products_d1_limit_10                GET    200          6.14
list_products_d1_limit_25                GET    200          6.75
list_products_d2_limit_10                GET    200          9.48
list_products_d2_limit_25                GET    200         12.57
list_products_all                        GET    200          8.50
list_users                               GET    200          3.92
get_product_1_d0                         GET    200          3.22
get_product_2_d0                         GET    200          2.72
get_product_3_d0                         GET    200          3.13
get_product_1_d1                         GET    200          4.02
get_product_2_d1                         GET    200          4.17
get_product_3_d1                         GET    200          4.42
get_product_1_d2                         GET    200          4.55
get_product_2_d2                         GET    200          6.47
get_product_3_d2                         GET    200          7.03
get_user_1                               GET    200          4.24
get_product_1_comments                   GET    200          3.47
get_product_2_comments                   GET    200          3.85
get_product_1_favorites                  GET    200          2.56
get_product_2_favorites                  GET    200          2.22
login                                    POST   200        192.74
create_product_1                         POST   201         24.55
create_product_2                         POST   201         17.64
create_product_3                         POST   201         14.10
comment_on_product_1                     POST   200         13.53
comment_on_product_2                     POST   200         16.25
favorite_product_1                       POST   200         14.41
favorite_product_2                       POST   200         14.35
favorite_product_3                       POST   200         14.42
----------------------------------------------------------------
TOTAL                                                      471.36

--- Tier: medium (37 operations, 197 records) ---
Operation                                Method Status         ms
----------------------------------------------------------------
schema_Product_cold                      GET    200          6.24
schema_Product_warm                      GET    200          6.90
schema_Product_warm2                     GET    200          7.71
schema_User_cold                         GET    200          8.39
schema_User_warm                         GET    200          5.74
schema_User_warm2                        GET    200          3.72
list_products_d0_limit_10                GET    200          6.44
list_products_d0_limit_25                GET    200          5.01
list_products_d1_limit_10                GET    200         11.22
list_products_d1_limit_25                GET    200         13.99
list_products_d2_limit_10                GET    200         23.44
list_products_d2_limit_25                GET    200         27.67
list_products_all                        GET    200          7.50
list_users                               GET    200          4.81
get_product_1_d0                         GET    200          3.24
get_product_2_d0                         GET    200          3.34
get_product_3_d0                         GET    200          2.70
get_product_1_d1                         GET    200          3.39
get_product_2_d1                         GET    200          3.88
get_product_3_d1                         GET    200          4.18
get_product_1_d2                         GET    200          5.46
get_product_2_d2                         GET    200          5.49
get_product_3_d2                         GET    200          7.89
get_user_1                               GET    200          4.37
get_product_1_comments                   GET    200          4.84
get_product_2_comments                   GET    200          6.73
get_product_1_favorites                  GET    200          4.62
get_product_2_favorites                  GET    200          3.96
login                                    POST   200        191.97
create_product_1                         POST   201         23.88
create_product_2                         POST   201         16.07
create_product_3                         POST   201         13.07
comment_on_product_1                     POST   200         14.82
comment_on_product_2                     POST   200         14.16
favorite_product_1                       POST   200         13.60
favorite_product_2                       POST   200         13.40
favorite_product_3                       POST   200         13.96
----------------------------------------------------------------
TOTAL                                                      517.80

--- Tier: large (37 operations, 433 records) ---
Operation                                Method Status         ms
----------------------------------------------------------------
schema_Product_cold                      GET    200          5.91
schema_Product_warm                      GET    200          6.85
schema_Product_warm2                     GET    200          7.02
schema_User_cold                         GET    200          7.95
schema_User_warm                         GET    200          6.39
schema_User_warm2                        GET    200          3.50
list_products_d0_limit_10                GET    200          5.25
list_products_d0_limit_25                GET    200          5.75
list_products_d1_limit_10                GET    200         11.00
list_products_d1_limit_25                GET    200         21.95
list_products_d2_limit_10                GET    200         24.16
list_products_d2_limit_25                GET    200         56.50
list_products_all                        GET    200         11.82
list_users                               GET    200          4.31
get_product_1_d0                         GET    200          2.54
get_product_2_d0                         GET    200          2.82
get_product_3_d0                         GET    200          3.13
get_product_1_d1                         GET    200          3.22
get_product_2_d1                         GET    200          3.59
get_product_3_d1                         GET    200          4.64
get_product_1_d2                         GET    200          5.43
get_product_2_d2                         GET    200          6.03
get_product_3_d2                         GET    200          6.36
get_user_1                               GET    200          3.03
get_product_1_comments                   GET    200          4.84
get_product_2_comments                   GET    200          4.88
get_product_1_favorites                  GET    200          3.76
get_product_2_favorites                  GET    200          3.15
login                                    POST   200        186.24
create_product_1                         POST   201         24.50
create_product_2                         POST   201         20.25
create_product_3                         POST   201         13.39
comment_on_product_1                     POST   200         12.96
comment_on_product_2                     POST   200         13.85
favorite_product_1                       POST   200         13.16
favorite_product_2                       POST   200         14.62
favorite_product_3                       POST   200         14.79
----------------------------------------------------------------
TOTAL                                                      549.54

--- Tier: full (37 operations, 2042 records) ---
Operation                                Method Status         ms
----------------------------------------------------------------
schema_Product_cold                      GET    200          6.45
schema_Product_warm                      GET    200          7.07
schema_Product_warm2                     GET    200          6.84
schema_User_cold                         GET    200          8.75
schema_User_warm                         GET    200          5.75
schema_User_warm2                        GET    200          4.29
list_products_d0_limit_10                GET    200          5.35
list_products_d0_limit_25                GET    200          7.01
list_products_d1_limit_10                GET    200         18.44
list_products_d1_limit_25                GET    200         39.12
list_products_d2_limit_10                GET    200         45.03
list_products_d2_limit_25                GET    200        109.35
list_products_all                        GET    200         14.57
list_users                               GET    200          5.48
get_product_1_d0                         GET    200          3.86
get_product_2_d0                         GET    200          3.72
get_product_3_d0                         GET    200          3.00
get_product_1_d1                         GET    200          4.68
get_product_2_d1                         GET    200          5.60
get_product_3_d1                         GET    200          4.86
get_product_1_d2                         GET    200          7.78
get_product_2_d2                         GET    200          9.71
get_product_3_d2                         GET    200          7.87
get_user_1                               GET    200          4.09
get_product_1_comments                   GET    200         11.42
get_product_2_comments                   GET    200         12.37
get_product_1_favorites                  GET    200          6.06
get_product_2_favorites                  GET    200          5.31
login                                    POST   200        191.17
create_product_1                         POST   201         25.00
create_product_2                         POST   201         19.74
create_product_3                         POST   201         18.61
comment_on_product_1                     POST   200         18.13
comment_on_product_2                     POST   200         16.06
favorite_product_1                       POST   200         21.31
favorite_product_2                       POST   200         20.31
favorite_product_3                       POST   200         14.59
----------------------------------------------------------------
TOTAL                                                      718.75

